company,inn,title,description,requirements,age_days,posts_per_day,ip_blacklisted,complaints,label
ПАО Сбербанк,9297327025,Аналитик данных,"Требуется системный администратор. Обязанности: поддержка серверов Linux, настройка сети, резервное копирование. Требования: опыт работы от 2 лет, знание Windows Server, Linux. Условия: полный день, соцпакет.","Опыт администрирования Linux, знание сетей, ответственность.",674,3,0,0,0
ПАО Ростелеком,7205015089,Технический писатель,"Требуется системный администратор. Обязанности: поддержка серверов Linux, настройка сети, резервное копирование. Требования: опыт работы от 2 лет, знание Windows Server, Linux. Условия: полный день, соцпакет.","Высшее образование, опыт работы от 2 лет, аналитическое мышление.",651,1,0,0,0
ООО Skillbox,7969155792,Backend-разработчик,"Ищем DevOps-инженера. Требования: Docker, Kubernetes, CI/CD, опыт работы с облаками. Обязанности: автоматизация деплоя, мониторинг, поддержка инфраструктуры. Условия: удалёнка, оплата 200000-250000 руб.","Портфолио, опыт коммерческой разработки, знание Git.",886,5,0,0,0
ООО Skillbox,3163761825,Бизнес-аналитик,"Присоединяйтесь к команде аналитиков. Требования: SQL, Python, понимание статистики. Обязанности: построение отчётов, анализ метрик, A/B тесты. Условия: официальное трудоустройство, обучение, карьерный рост.","Опыт от 3 лет, профильное образование, знание английского.",3156,0,0,0,0
ПАО Ростелеком,7360576628,Менеджер проектов,"Присоединяйтесь к команде аналитиков. Требования: SQL, Python, понимание статистики. Обязанности: построение отчётов, анализ метрик, A/B тесты. Условия: официальное трудоустройство, обучение, карьерный рост.","Опыт работы с Docker, Kubernetes, понимание CI/CD.",2208,0,0,0,0
ООО КРОК,3437654560,Аналитик данных,"Требуется системный администратор. Обязанности: поддержка серверов Linux, настройка сети, резервное копирование. Требования: опыт работы от 2 лет, знание Windows Server, Linux. Условия: полный день, соцпакет.","Опыт от 3 лет, профильное образование, знание английского.",926,4,0,0,0
ПАО Сбербанк,1375482146,Менеджер проектов,"Требуется системный администратор. Обязанности: поддержка серверов Linux, настройка сети, резервное копирование. Требования: опыт работы от 2 лет, знание Windows Server, Linux. Условия: полный день, соцпакет.","Опыт администрирования Linux, знание сетей, ответственность.",1705,5,0,0,0
ООО Деньги Сразу,1858749511,Набор менеджеров без опыта,"СРОЧНО! Требуются люди для简单 работы. Оплата 5000 руб/день. Без опыта, без вложений. Писать в телеграм @easy_money. Работа из дома, свободный график. Звоните прямо сейчас!",Срочно! Наличие свободного времени.,36,15,1,3,1
ИП Сидоров,5236428131,Срочно! Набор сотрудников,"Работа мечты! Гибкий график, высокая оплата, без начальников. Требуются люди с 18 лет. Оплата сразу после смены. Подробности в личные сообщения.",Никаких навыков не требуется!,55,15,1,2,1
ПАО Сбербанк,5999393303,Frontend-разработчик,"Присоединяйтесь к команде аналитиков. Требования: SQL, Python, понимание статистики. Обязанности: построение отчётов, анализ метрик, A/B тесты. Условия: официальное трудоустройство, обучение, карьерный рост.","Опыт от 3 лет, профильное образование, знание английского.",1651,0,0,0,0
ООО Skillbox,1090255901,Системный администратор,"Мы ищем frontend-разработчика с опытом React. Требования: React, TypeScript, Redux, опыт коммерческой разработки от 2 лет. Обязанности: разработка интерфейсов, интеграция с API. Условия: удалёнка, ДМС, оплата по итогам собеседования.","Портфолио, опыт коммерческой разработки, знание Git.",3314,5,0,0,0
ООО Деньги Сразу,3206732318,Заработок из дома 100000 руб/день,"Работа мечты! Гибкий график, высокая оплата, без начальников. Требуются люди с 18 лет. Оплата сразу после смены. Подробности в личные сообщения.","Возраст от 18 лет, наличие телефона.",9,49,1,3,1
ООО 1С,9266570277,Аналитик данных,"Присоединяйтесь к команде аналитиков. Требования: SQL, Python, понимание статистики. Обязанности: построение отчётов, анализ метрик, A/B тесты. Условия: официальное трудоустройство, обучение, карьерный рост.","Опыт работы с Docker, Kubernetes, понимание CI/CD.",2597,5,0,0,0
ПАО Газпром,8231843228,Python-разработчик,"Ищем DevOps-инженера. Требования: Docker, Kubernetes, CI/CD, опыт работы с облаками. Обязанности: автоматизация деплоя, мониторинг, поддержка инфраструктуры. Условия: удалёнка, оплата 200000-250000 руб.","Высшее образование, опыт работы от 2 лет, аналитическое мышление.",824,2,0,0,0
ООО Тинькофф,6107991186,Product Manager,"Мы ищем frontend-разработчика с опытом React. Требования: React, TypeScript, Redux, опыт коммерческой разработки от 2 лет. Обязанности: разработка интерфейсов, интеграция с API. Условия: удалёнка, ДМС, оплата по итогам собеседования.","Опыт администрирования Linux, знание сетей, ответственность.",1053,4,0,0,0
ООО МТС,7792988428,Data Scientist,"Ищем опытного специалиста для работы над продуктом. Требования: опыт от 3 лет, знание Python, Django, PostgreSQL. Обязанности: разработка новых модулей, code review, участие в архитектурных решениях. Условия: ДМС, гибкий график, офис в центре.","Опыт администрирования Linux, знание сетей, ответственность.",3038,2,0,0,0
ООО Работа Мечты,1081867023,"Свободный график, оплата сразу",Свободная подработка! Оплата ежедневно 2000-5000 руб. Без опыта и вложений. Быстрое оформление. Звоните с 9 до 21. Количество мест ограничено.,Никаких навыков не требуется!,18,29,0,5,1
ООО Тинькофф,5858333943,Data Scientist,"Ищем DevOps-инженера. Требования: Docker, Kubernetes, CI/CD, опыт работы с облаками. Обязанности: автоматизация деплоя, мониторинг, поддержка инфраструктуры. Условия: удалёнка, оплата 200000-250000 руб.","Опыт работы с Docker, Kubernetes, понимание CI/CD.",2992,2,0,0,0
ООО Золотая Жила,4263890219,Срочно! Набор сотрудников,"СРОЧНО! Требуются люди для简单 работы. Оплата 5000 руб/день. Без опыта, без вложений. Писать в телеграм @easy_money. Работа из дома, свободный график. Звоните прямо сейчас!",Срочно! Наличие свободного времени.,47,49,1,9,1
ООО Тинькофф,2332288989,Product Manager,"Требуется системный администратор. Обязанности: поддержка серверов Linux, настройка сети, резервное копирование. Требования: опыт работы от 2 лет, знание Windows Server, Linux. Условия: полный день, соцпакет.","Опыт от 3 лет, профильное образование, знание английского.",3328,2,0,0,0
АО Лаборатория Касперского,4930870594,Python-разработчик,"Ищем опытного специалиста для работы над продуктом. Требования: опыт от 3 лет, знание Python, Django, PostgreSQL. Обязанности: разработка новых модулей, code review, участие в архитектурных решениях. Условия: ДМС, гибкий график, офис в центре.","Опыт от 3 лет, профильное образование, знание английского.",1005,1,0,0,0
ООО КРОК,1297021353,Системный администратор,"Ищем DevOps-инженера. Требования: Docker, Kubernetes, CI/CD, опыт работы с облаками. Обязанности: автоматизация деплоя, мониторинг, поддержка инфраструктуры. Условия: удалёнка, оплата 200000-250000 руб.","Высшее образование, опыт работы от 2 лет, аналитическое мышление.",1663,3,0,0,0
ПАО Газпром,4337363464,Data Scientist,"Ищем DevOps-инженера. Требования: Docker, Kubernetes, CI/CD, опыт работы с облаками. Обязанности: автоматизация деплоя, мониторинг, поддержка инфраструктуры. Условия: удалёнка, оплата 200000-250000 руб.","Опыт от 3 лет, профильное образование, знание английского.",1724,4,0,0,0
ПАО Газпром,3784699739,Product Manager,"Ищем опытного специалиста для работы над продуктом. Требования: опыт от 3 лет, знание Python, Django, PostgreSQL. Обязанности: разработка новых модулей, code review, участие в архитектурных решениях. Условия: ДМС, гибкий график, офис в центре.","Высшее образование, опыт работы от 2 лет, аналитическое мышление.",1022,5,0,0,0
ООО КРОК,4990767697,Аналитик данных,"Ищем DevOps-инженера. Требования: Docker, Kubernetes, CI/CD, опыт работы с облаками. Обязанности: автоматизация деплоя, мониторинг, поддержка инфраструктуры. Условия: удалёнка, оплата 200000-250000 руб.","Опыт администрирования Linux, знание сетей, ответственность.",2716,0,0,0,0
ООО Тинькофф,6663836150,Backend-разработчик,"Ищем опытного специалиста для работы над продуктом. Требования: опыт от 3 лет, знание Python, Django, PostgreSQL. Обязанности: разработка новых модулей, code review, участие в архитектурных решениях. Условия: ДМС, гибкий график, офис в центре.","Высшее образование, опыт работы от 2 лет, аналитическое мышление.",686,3,0,0,0
ООО 1С,2716445565,Python-разработчик,"Мы ищем frontend-разработчика с опытом React. Требования: React, TypeScript, Redux, опыт коммерческой разработки от 2 лет. Обязанности: разработка интерфейсов, интеграция с API. Условия: удалёнка, ДМС, оплата по итогам собеседования.","Опыт от 3 лет, профильное образование, знание английского.",506,4,0,0,0
ООО Тинькофф,8146774189,Product Manager,"Мы ищем frontend-разработчика с опытом React. Требования: React, TypeScript, Redux, опыт коммерческой разработки от 2 лет. Обязанности: разработка интерфейсов, интеграция с API. Условия: удалёнка, ДМС, оплата по итогам собеседования.","Опыт от 3 лет, профильное образование, знание английского.",1767,1,0,0,0
АО ВТБ,1838637946,Менеджер проектов,"Ищем DevOps-инженера. Требования: Docker, Kubernetes, CI/CD, опыт работы с облаками. Обязанности: автоматизация деплоя, мониторинг, поддержка инфраструктуры. Условия: удалёнка, оплата 200000-250000 руб.","Опыт работы с Docker, Kubernetes, понимание CI/CD.",3495,0,0,0,0
АО Лаборатория Касперского,5807279102,Системный администратор,"Ищем опытного специалиста для работы над продуктом. Требования: опыт от 3 лет, знание Python, Django, PostgreSQL. Обязанности: разработка новых модулей, code review, участие в архитектурных решениях. Условия: ДМС, гибкий график, офис в центре.","Опыт администрирования Linux, знание сетей, ответственность.",1075,5,0,0,0
ООО КРОК,2284971857,Менеджер проектов,"Требуется системный администратор. Обязанности: поддержка серверов Linux, настройка сети, резервное копирование. Требования: опыт работы от 2 лет, знание Windows Server, Linux. Условия: полный день, соцпакет.","Опыт от 3 лет, профильное образование, знание английского.",3049,4,0,0,0
ООО 1С,5377294201,Backend-разработчик,"Мы ищем frontend-разработчика с опытом React. Требования: React, TypeScript, Redux, опыт коммерческой разработки от 2 лет. Обязанности: разработка интерфейсов, интеграция с API. Условия: удалёнка, ДМС, оплата по итогам собеседования.","Высшее образование, опыт работы от 2 лет, аналитическое мышление.",2633,2,0,0,0
ООО Золотая Жила,3537657692,"Требуются люди, оплата ежедневно","СРОЧНО! Требуются люди для简单 работы. Оплата 5000 руб/день. Без опыта, без вложений. Писать в телеграм @easy_money. Работа из дома, свободный график. Звоните прямо сейчас!","Возраст от 18 лет, наличие телефона.",58,41,1,10,1
ООО КРОК,9276153963,Менеджер проектов,"Ищем DevOps-инженера. Требования: Docker, Kubernetes, CI/CD, опыт работы с облаками. Обязанности: автоматизация деплоя, мониторинг, поддержка инфраструктуры. Условия: удалёнка, оплата 200000-250000 руб.","Высшее образование, опыт работы от 2 лет, аналитическое мышление.",3392,3,0,0,0
ООО КРОК,4256216895,Python-разработчик,"Ищем DevOps-инженера. Требования: Docker, Kubernetes, CI/CD, опыт работы с облаками. Обязанности: автоматизация деплоя, мониторинг, поддержка инфраструктуры. Условия: удалёнка, оплата 200000-250000 руб.","Портфолио, опыт коммерческой разработки, знание Git.",2742,5,0,0,0
ООО Деньги Сразу,6031219805,"Требуются люди, оплата ежедневно",Заработок от 100000 рублей в неделю! Никакого опыта не нужно. Обучим бесплатно. Оплата ежедневно. Пишите в WhatsApp. Количество мест ограничено!,Без опыта! Обучим всему за 1 день!,16,15,1,6,1
ООО МТС,6699611256,Backend-разработчик,"Присоединяйтесь к команде аналитиков. Требования: SQL, Python, понимание статистики. Обязанности: построение отчётов, анализ метрик, A/B тесты. Условия: официальное трудоустройство, обучение, карьерный рост.","Высшее образование, опыт работы от 2 лет, аналитическое мышление.",1114,2,0,0,0
ООО 1С,5489061205,Технический писатель,"Мы ищем frontend-разработчика с опытом React. Требования: React, TypeScript, Redux, опыт коммерческой разработки от 2 лет. Обязанности: разработка интерфейсов, интеграция с API. Условия: удалёнка, ДМС, оплата по итогам собеседования.","Опыт администрирования Linux, знание сетей, ответственность.",1062,2,0,0,0
ПАО Ростелеком,1811556263,Python-разработчик,"Требуется системный администратор. Обязанности: поддержка серверов Linux, настройка сети, резервное копирование. Требования: опыт работы от 2 лет, знание Windows Server, Linux. Условия: полный день, соцпакет.","Высшее образование, опыт работы от 2 лет, аналитическое мышление.",431,3,0,0,0
АО Лаборатория Касперского,3088547499,Frontend-разработчик,"Требуется системный администратор. Обязанности: поддержка серверов Linux, настройка сети, резервное копирование. Требования: опыт работы от 2 лет, знание Windows Server, Linux. Условия: полный день, соцпакет.","Портфолио, опыт коммерческой разработки, знание Git.",2911,1,0,0,0
ООО КРОК,7569998808,Data Scientist,"Ищем опытного специалиста для работы над продуктом. Требования: опыт от 3 лет, знание Python, Django, PostgreSQL. Обязанности: разработка новых модулей, code review, участие в архитектурных решениях. Условия: ДМС, гибкий график, офис в центре.","Опыт работы с Docker, Kubernetes, понимание CI/CD.",2312,0,0,0,0
АО Лаборатория Касперского,5735977465,Менеджер проектов,"Ищем DevOps-инженера. Требования: Docker, Kubernetes, CI/CD, опыт работы с облаками. Обязанности: автоматизация деплоя, мониторинг, поддержка инфраструктуры. Условия: удалёнка, оплата 200000-250000 руб.","Высшее образование, опыт работы от 2 лет, аналитическое мышление.",2239,4,0,0,0
АО Лаборатория Касперского,6401938028,Backend-разработчик,"Присоединяйтесь к команде аналитиков. Требования: SQL, Python, понимание статистики. Обязанности: построение отчётов, анализ метрик, A/B тесты. Условия: официальное трудоустройство, обучение, карьерный рост.","Портфолио, опыт коммерческой разработки, знание Git.",1891,1,0,0,0
ООО 1С,9320679980,Бизнес-аналитик,"Присоединяйтесь к команде аналитиков. Требования: SQL, Python, понимание статистики. Обязанности: построение отчётов, анализ метрик, A/B тесты. Условия: официальное трудоустройство, обучение, карьерный рост.","Портфолио, опыт коммерческой разработки, знание Git.",548,1,0,0,0
ПАО Сбербанк,7501673183,Python-разработчик,"Мы ищем frontend-разработчика с опытом React. Требования: React, TypeScript, Redux, опыт коммерческой разработки от 2 лет. Обязанности: разработка интерфейсов, интеграция с API. Условия: удалёнка, ДМС, оплата по итогам собеседования.","Высшее образование, опыт работы от 2 лет, аналитическое мышление.",2286,1,0,0,0
ИП Сидоров,8805555727,Работа мечты — 200000 руб/неделю,Свободная подработка! Оплата ежедневно 2000-5000 руб. Без опыта и вложений. Быстрое оформление. Звоните с 9 до 21. Количество мест ограничено.,"Возраст от 18 лет, наличие телефона.",54,41,0,10,1
ООО Skillbox,9515879967,Frontend-разработчик,"Присоединяйтесь к команде аналитиков. Требования: SQL, Python, понимание статистики. Обязанности: построение отчётов, анализ метрик, A/B тесты. Условия: официальное трудоустройство, обучение, карьерный рост.","Опыт работы с Docker, Kubernetes, понимание CI/CD.",2941,5,0,0,0
ООО Skillbox,2398373547,Бизнес-аналитик,"Ищем DevOps-инженера. Требования: Docker, Kubernetes, CI/CD, опыт работы с облаками. Обязанности: автоматизация деплоя, мониторинг, поддержка инфраструктуры. Условия: удалёнка, оплата 200000-250000 руб.","Опыт от 3 лет, профильное образование, знание английского.",242,1,0,0,0
ПАО Ростелеком,3268018247,Frontend-разработчик,"Ищем DevOps-инженера. Требования: Docker, Kubernetes, CI/CD, опыт работы с облаками. Обязанности: автоматизация деплоя, мониторинг, поддержка инфраструктуры. Условия: удалёнка, оплата 200000-250000 руб.","Опыт работы с Docker, Kubernetes, понимание CI/CD.",854,1,0,0,0
ООО Деньги Сразу,2911359966,Работа мечты — 200000 руб/неделю,"СРОЧНО! Требуются люди для简单 работы. Оплата 5000 руб/день. Без опыта, без вложений. Писать в телеграм @easy_money. Работа из дома, свободный график. Звоните прямо сейчас!",Срочно! Наличие свободного времени.,45,12,1,9,1
ПАО Сбербанк,4218401181,Python-разработчик,"Присоединяйтесь к команде аналитиков. Требования: SQL, Python, понимание статистики. Обязанности: построение отчётов, анализ метрик, A/B тесты. Условия: официальное трудоустройство, обучение, карьерный рост.","Опыт работы с Docker, Kubernetes, понимание CI/CD.",1402,2,0,0,0
ООО МТС,1954930590,Python-разработчик,"Ищем DevOps-инженера. Требования: Docker, Kubernetes, CI/CD, опыт работы с облаками. Обязанности: автоматизация деплоя, мониторинг, поддержка инфраструктуры. Условия: удалёнка, оплата 200000-250000 руб.","Портфолио, опыт коммерческой разработки, знание Git.",1957,3,0,0,0
ИП Петров А.А.,7185174460,Работа мечты — 200000 руб/неделю,Заработок от 100000 рублей в неделю! Никакого опыта не нужно. Обучим бесплатно. Оплата ежедневно. Пишите в WhatsApp. Количество мест ограничено!,"Возраст от 18 лет, наличие телефона.",1,28,1,4,1
ПАО Ростелеком,3252677117,QA-инженер,"Ищем опытного специалиста для работы над продуктом. Требования: опыт от 3 лет, знание Python, Django, PostgreSQL. Обязанности: разработка новых модулей, code review, участие в архитектурных решениях. Условия: ДМС, гибкий график, офис в центре.","Опыт от 3 лет, профильное образование, знание английского.",2546,3,0,0,0
АО Лаборатория Касперского,3060385054,Менеджер проектов,"Ищем DevOps-инженера. Требования: Docker, Kubernetes, CI/CD, опыт работы с облаками. Обязанности: автоматизация деплоя, мониторинг, поддержка инфраструктуры. Условия: удалёнка, оплата 200000-250000 руб.","Высшее образование, опыт работы от 2 лет, аналитическое мышление.",185,5,0,0,0
ИП Иванов,5489880315,Подработка для всех,Набор сотрудников для удалённой работы. Оплата 3000 руб за 2 часа. Никаких навыков не требуется. Срочно! Пишите в Telegram. Работа из любой точки мира.,"Возраст от 18 лет, наличие телефона.",15,45,1,10,1
ООО Работа Мечты,1149118941,Набор менеджеров без опыта,Свободная подработка! Оплата ежедневно 2000-5000 руб. Без опыта и вложений. Быстрое оформление. Звоните с 9 до 21. Количество мест ограничено.,"Возраст от 18 лет, наличие телефона.",34,28,0,5,1
ООО Золотая Жила,6864496392,"Свободный график, оплата сразу","Работа мечты! Гибкий график, высокая оплата, без начальников. Требуются люди с 18 лет. Оплата сразу после смены. Подробности в личные сообщения.","Возраст от 18 лет, наличие телефона.",51,28,0,7,1
ПАО Газпром,5904712811,Frontend-разработчик,"Ищем DevOps-инженера. Требования: Docker, Kubernetes, CI/CD, опыт работы с облаками. Обязанности: автоматизация деплоя, мониторинг, поддержка инфраструктуры. Условия: удалёнка, оплата 200000-250000 руб.","Опыт от 3 лет, профильное образование, знание английского.",3390,2,0,0,0
ООО Тинькофф,4105927456,Технический писатель,"Присоединяйтесь к команде аналитиков. Требования: SQL, Python, понимание статистики. Обязанности: построение отчётов, анализ метрик, A/B тесты. Условия: официальное трудоустройство, обучение, карьерный рост.","Высшее образование, опыт работы от 2 лет, аналитическое мышление.",935,1,0,0,0
ООО МТС,3418938983,Data Scientist,"Мы ищем frontend-разработчика с опытом React. Требования: React, TypeScript, Redux, опыт коммерческой разработки от 2 лет. Обязанности: разработка интерфейсов, интеграция с API. Условия: удалёнка, ДМС, оплата по итогам собеседования.","Опыт от 3 лет, профильное образование, знание английского.",1458,3,0,0,0
ООО Яндекс,7867177317,Backend-разработчик,"Ищем DevOps-инженера. Требования: Docker, Kubernetes, CI/CD, опыт работы с облаками. Обязанности: автоматизация деплоя, мониторинг, поддержка инфраструктуры. Условия: удалёнка, оплата 200000-250000 руб.","Опыт от 3 лет, профильное образование, знание английского.",2467,0,0,0,0
ПАО Ростелеком,5902504291,Data Scientist,"Мы ищем frontend-разработчика с опытом React. Требования: React, TypeScript, Redux, опыт коммерческой разработки от 2 лет. Обязанности: разработка интерфейсов, интеграция с API. Условия: удалёнка, ДМС, оплата по итогам собеседования.","Опыт администрирования Linux, знание сетей, ответственность.",284,0,0,0,0
АО ВТБ,7613315524,Бизнес-аналитик,"Присоединяйтесь к команде аналитиков. Требования: SQL, Python, понимание статистики. Обязанности: построение отчётов, анализ метрик, A/B тесты. Условия: официальное трудоустройство, обучение, карьерный рост.","Опыт работы с Docker, Kubernetes, понимание CI/CD.",241,3,0,0,0
АО Альфа-Банк,5519832730,Python-разработчик,"Мы ищем frontend-разработчика с опытом React. Требования: React, TypeScript, Redux, опыт коммерческой разработки от 2 лет. Обязанности: разработка интерфейсов, интеграция с API. Условия: удалёнка, ДМС, оплата по итогам собеседования.","Опыт работы с Docker, Kubernetes, понимание CI/CD.",3650,0,0,0,0
ООО Деньги Сразу,7964546552,"Свободный график, оплата сразу",Набор сотрудников для удалённой работы. Оплата 3000 руб за 2 часа. Никаких навыков не требуется. Срочно! Пишите в Telegram. Работа из любой точки мира.,Никаких навыков не требуется!,57,25,1,10,1
ООО Деньги Сразу,1392355580,Заработок из дома 100000 руб/день,"Работа мечты! Гибкий график, высокая оплата, без начальников. Требуются люди с 18 лет. Оплата сразу после смены. Подробности в личные сообщения.","Ответственность, желание зарабатывать, без опыта.",39,48,1,3,1
АО ВТБ,2266201573,Технический писатель,"Ищем опытного специалиста для работы над продуктом. Требования: опыт от 3 лет, знание Python, Django, PostgreSQL. Обязанности: разработка новых модулей, code review, участие в архитектурных решениях. Условия: ДМС, гибкий график, офис в центре.","Портфолио, опыт коммерческой разработки, знание Git.",915,0,0,0,0
ООО Skillbox,9275539428,Технический писатель,"Мы ищем frontend-разработчика с опытом React. Требования: React, TypeScript, Redux, опыт коммерческой разработки от 2 лет. Обязанности: разработка интерфейсов, интеграция с API. Условия: удалёнка, ДМС, оплата по итогам собеседования.","Опыт от 3 лет, профильное образование, знание английского.",3236,5,0,0,0
ООО Тинькофф,4662543616,Python-разработчик,"Присоединяйтесь к команде аналитиков. Требования: SQL, Python, понимание статистики. Обязанности: построение отчётов, анализ метрик, A/B тесты. Условия: официальное трудоустройство, обучение, карьерный рост.","Опыт от 3 лет, профильное образование, знание английского.",2194,1,0,0,0
ООО 1С,5118244931,QA-инженер,"Ищем опытного специалиста для работы над продуктом. Требования: опыт от 3 лет, знание Python, Django, PostgreSQL. Обязанности: разработка новых модулей, code review, участие в архитектурных решениях. Условия: ДМС, гибкий график, офис в центре.","Высшее образование, опыт работы от 2 лет, аналитическое мышление.",3119,2,0,0,0
ООО Тинькофф,1320204171,Backend-разработчик,"Ищем опытного специалиста для работы над продуктом. Требования: опыт от 3 лет, знание Python, Django, PostgreSQL. Обязанности: разработка новых модулей, code review, участие в архитектурных решениях. Условия: ДМС, гибкий график, офис в центре.","Опыт администрирования Linux, знание сетей, ответственность.",2683,1,0,0,0
АО Лаборатория Касперского,8733294564,Аналитик данных,"Требуется системный администратор. Обязанности: поддержка серверов Linux, настройка сети, резервное копирование. Требования: опыт работы от 2 лет, знание Windows Server, Linux. Условия: полный день, соцпакет.","Портфолио, опыт коммерческой разработки, знание Git.",931,5,0,0,0
ПАО Ростелеком,1663370505,DevOps-инженер,"Требуется системный администратор. Обязанности: поддержка серверов Linux, настройка сети, резервное копирование. Требования: опыт работы от 2 лет, знание Windows Server, Linux. Условия: полный день, соцпакет.","Портфолио, опыт коммерческой разработки, знание Git.",3036,5,0,0,0
ООО Лёгкий Заработок,1014188421,Заработок из дома 100000 руб/день,Заработок от 100000 рублей в неделю! Никакого опыта не нужно. Обучим бесплатно. Оплата ежедневно. Пишите в WhatsApp. Количество мест ограничено!,Никаких навыков не требуется!,59,37,0,2,1
ПАО Газпром,3290147671,Бизнес-аналитик,"Ищем опытного специалиста для работы над продуктом. Требования: опыт от 3 лет, знание Python, Django, PostgreSQL. Обязанности: разработка новых модулей, code review, участие в архитектурных решениях. Условия: ДМС, гибкий график, офис в центре.","Опыт от 3 лет, профильное образование, знание английского.",2666,3,0,0,0
ООО Яндекс,5004991545,Data Scientist,"Требуется системный администратор. Обязанности: поддержка серверов Linux, настройка сети, резервное копирование. Требования: опыт работы от 2 лет, знание Windows Server, Linux. Условия: полный день, соцпакет.","Высшее образование, опыт работы от 2 лет, аналитическое мышление.",2041,5,0,0,0
АО Альфа-Банк,8261493316,Аналитик данных,"Ищем опытного специалиста для работы над продуктом. Требования: опыт от 3 лет, знание Python, Django, PostgreSQL. Обязанности: разработка новых модулей, code review, участие в архитектурных решениях. Условия: ДМС, гибкий график, офис в центре.","Высшее образование, опыт работы от 2 лет, аналитическое мышление.",1789,1,0,0,0
ООО Яндекс,8240559340,Аналитик данных,"Ищем опытного специалиста для работы над продуктом. Требования: опыт от 3 лет, знание Python, Django, PostgreSQL. Обязанности: разработка новых модулей, code review, участие в архитектурных решениях. Условия: ДМС, гибкий график, офис в центре.","Высшее образование, опыт работы от 2 лет, аналитическое мышление.",711,4,0,0,0
ООО МТС,3386922219,Системный администратор,"Мы ищем frontend-разработчика с опытом React. Требования: React, TypeScript, Redux, опыт коммерческой разработки от 2 лет. Обязанности: разработка интерфейсов, интеграция с API. Условия: удалёнка, ДМС, оплата по итогам собеседования.","Опыт администрирования Linux, знание сетей, ответственность.",2676,3,0,0,0
ПАО Газпром,8350208024,Backend-разработчик,"Мы ищем frontend-разработчика с опытом React. Требования: React, TypeScript, Redux, опыт коммерческой разработки от 2 лет. Обязанности: разработка интерфейсов, интеграция с API. Условия: удалёнка, ДМС, оплата по итогам собеседования.","Опыт работы с Docker, Kubernetes, понимание CI/CD.",598,2,0,0,0
ООО МТС,7561248151,Аналитик данных,"Требуется системный администратор. Обязанности: поддержка серверов Linux, настройка сети, резервное копирование. Требования: опыт работы от 2 лет, знание Windows Server, Linux. Условия: полный день, соцпакет.","Опыт администрирования Linux, знание сетей, ответственность.",1903,4,0,0,0
ИП Сидоров,8514743974,Срочно! Набор сотрудников,Набор сотрудников для удалённой работы. Оплата 3000 руб за 2 часа. Никаких навыков не требуется. Срочно! Пишите в Telegram. Работа из любой точки мира.,"Ответственность, желание зарабатывать, без опыта.",10,47,0,7,1
ООО Лёгкий Заработок,9358328634,Набор менеджеров без опыта,Свободная подработка! Оплата ежедневно 2000-5000 руб. Без опыта и вложений. Быстрое оформление. Звоните с 9 до 21. Количество мест ограничено.,Без опыта! Обучим всему за 1 день!,51,20,1,7,1
ИП Сидоров,5096003562,"Требуются люди, оплата ежедневно",Набор сотрудников для удалённой работы. Оплата 3000 руб за 2 часа. Никаких навыков не требуется. Срочно! Пишите в Telegram. Работа из любой точки мира.,Без опыта! Обучим всему за 1 день!,16,24,1,7,1
ООО Skillbox,8017157727,Системный администратор,"Мы ищем frontend-разработчика с опытом React. Требования: React, TypeScript, Redux, опыт коммерческой разработки от 2 лет. Обязанности: разработка интерфейсов, интеграция с API. Условия: удалёнка, ДМС, оплата по итогам собеседования.","Опыт администрирования Linux, знание сетей, ответственность.",1336,2,0,0,0
ПАО Газпром,8557192853,Python-разработчик,"Ищем DevOps-инженера. Требования: Docker, Kubernetes, CI/CD, опыт работы с облаками. Обязанности: автоматизация деплоя, мониторинг, поддержка инфраструктуры. Условия: удалёнка, оплата 200000-250000 руб.","Высшее образование, опыт работы от 2 лет, аналитическое мышление.",1810,2,0,0,0
ООО МТС,4120735646,Frontend-разработчик,"Требуется системный администратор. Обязанности: поддержка серверов Linux, настройка сети, резервное копирование. Требования: опыт работы от 2 лет, знание Windows Server, Linux. Условия: полный день, соцпакет.","Опыт от 3 лет, профильное образование, знание английского.",3398,3,0,0,0
ООО Быстрые Деньги,6889144449,Подработка для всех,"Работа мечты! Гибкий график, высокая оплата, без начальников. Требуются люди с 18 лет. Оплата сразу после смены. Подробности в личные сообщения.",Без опыта! Обучим всему за 1 день!,32,24,1,7,1
ООО Skillbox,9316873978,Бизнес-аналитик,"Присоединяйтесь к команде аналитиков. Требования: SQL, Python, понимание статистики. Обязанности: построение отчётов, анализ метрик, A/B тесты. Условия: официальное трудоустройство, обучение, карьерный рост.","Опыт работы с Docker, Kubernetes, понимание CI/CD.",3608,3,0,0,0
ООО КРОК,4867749640,Бизнес-аналитик,"Ищем DevOps-инженера. Требования: Docker, Kubernetes, CI/CD, опыт работы с облаками. Обязанности: автоматизация деплоя, мониторинг, поддержка инфраструктуры. Условия: удалёнка, оплата 200000-250000 руб.","Опыт работы с Docker, Kubernetes, понимание CI/CD.",2509,4,0,0,0
ООО 1С,9743152747,DevOps-инженер,"Требуется системный администратор. Обязанности: поддержка серверов Linux, настройка сети, резервное копирование. Требования: опыт работы от 2 лет, знание Windows Server, Linux. Условия: полный день, соцпакет.","Высшее образование, опыт работы от 2 лет, аналитическое мышление.",3123,1,0,0,0
ООО Яндекс,4296685163,Технический писатель,"Мы ищем frontend-разработчика с опытом React. Требования: React, TypeScript, Redux, опыт коммерческой разработки от 2 лет. Обязанности: разработка интерфейсов, интеграция с API. Условия: удалёнка, ДМС, оплата по итогам собеседования.","Портфолио, опыт коммерческой разработки, знание Git.",2921,0,0,0,0
ПАО Сбербанк,7884443103,Системный администратор,"Присоединяйтесь к команде аналитиков. Требования: SQL, Python, понимание статистики. Обязанности: построение отчётов, анализ метрик, A/B тесты. Условия: официальное трудоустройство, обучение, карьерный рост.","Высшее образование, опыт работы от 2 лет, аналитическое мышление.",1789,4,0,0,0
АО Лаборатория Касперского,7091779828,Менеджер проектов,"Мы ищем frontend-разработчика с опытом React. Требования: React, TypeScript, Redux, опыт коммерческой разработки от 2 лет. Обязанности: разработка интерфейсов, интеграция с API. Условия: удалёнка, ДМС, оплата по итогам собеседования.","Опыт от 3 лет, профильное образование, знание английского.",2223,0,0,0,0
ООО Быстрые Деньги,6154214477,Работа с высокой оплатой без опыта,Заработок от 100000 рублей в неделю! Никакого опыта не нужно. Обучим бесплатно. Оплата ежедневно. Пишите в WhatsApp. Количество мест ограничено!,"Ответственность, желание зарабатывать, без опыта.",14,20,1,6,1
ИП Петров А.А.,3372450189,Срочно! Набор сотрудников,Набор сотрудников для удалённой работы. Оплата 3000 руб за 2 часа. Никаких навыков не требуется. Срочно! Пишите в Telegram. Работа из любой точки мира.,Без опыта! Обучим всему за 1 день!,19,43,0,9,1
ООО КРОК,7941180051,Product Manager,"Присоединяйтесь к команде аналитиков. Требования: SQL, Python, понимание статистики. Обязанности: построение отчётов, анализ метрик, A/B тесты. Условия: официальное трудоустройство, обучение, карьерный рост.","Опыт администрирования Linux, знание сетей, ответственность.",1141,3,0,0,0
ООО Skillbox,8342069698,Бизнес-аналитик,"Присоединяйтесь к команде аналитиков. Требования: SQL, Python, понимание статистики. Обязанности: построение отчётов, анализ метрик, A/B тесты. Условия: официальное трудоустройство, обучение, карьерный рост.","Опыт от 3 лет, профильное образование, знание английского.",1245,1,0,0,0
ПАО Сбербанк,6034281135,Аналитик данных,"Мы ищем frontend-разработчика с опытом React. Требования: React, TypeScript, Redux, опыт коммерческой разработки от 2 лет. Обязанности: разработка интерфейсов, интеграция с API. Условия: удалёнка, ДМС, оплата по итогам собеседования.","Опыт работы с Docker, Kubernetes, понимание CI/CD.",2625,0,0,0,0
АО Лаборатория Касперского,9928664642,Data Scientist,"Мы ищем frontend-разработчика с опытом React. Требования: React, TypeScript, Redux, опыт коммерческой разработки от 2 лет. Обязанности: разработка интерфейсов, интеграция с API. Условия: удалёнка, ДМС, оплата по итогам собеседования.","Высшее образование, опыт работы от 2 лет, аналитическое мышление.",3055,4,0,0,0
ООО Тинькофф,4920867803,DevOps-инженер,"Мы ищем frontend-разработчика с опытом React. Требования: React, TypeScript, Redux, опыт коммерческой разработки от 2 лет. Обязанности: разработка интерфейсов, интеграция с API. Условия: удалёнка, ДМС, оплата по итогам собеседования.","Опыт администрирования Linux, знание сетей, ответственность.",2238,2,0,0,0
АО ВТБ,6211175184,Backend-разработчик,"Ищем опытного специалиста для работы над продуктом. Требования: опыт от 3 лет, знание Python, Django, PostgreSQL. Обязанности: разработка новых модулей, code review, участие в архитектурных решениях. Условия: ДМС, гибкий график, офис в центре.","Портфолио, опыт коммерческой разработки, знание Git.",3077,3,0,0,0
ООО КРОК,1185694544,Product Manager,"Мы ищем frontend-разработчика с опытом React. Требования: React, TypeScript, Redux, опыт коммерческой разработки от 2 лет. Обязанности: разработка интерфейсов, интеграция с API. Условия: удалёнка, ДМС, оплата по итогам собеседования.","Опыт работы с Docker, Kubernetes, понимание CI/CD.",1273,0,0,0,0
АО Альфа-Банк,9366752545,Product Manager,"Ищем опытного специалиста для работы над продуктом. Требования: опыт от 3 лет, знание Python, Django, PostgreSQL. Обязанности: разработка новых модулей, code review, участие в архитектурных решениях. Условия: ДМС, гибкий график, офис в центре.","Опыт от 3 лет, профильное образование, знание английского.",3135,2,0,0,0
ООО 1С,8624671974,Product Manager,"Мы ищем frontend-разработчика с опытом React. Требования: React, TypeScript, Redux, опыт коммерческой разработки от 2 лет. Обязанности: разработка интерфейсов, интеграция с API. Условия: удалёнка, ДМС, оплата по итогам собеседования.","Высшее образование, опыт работы от 2 лет, аналитическое мышление.",2883,4,0,0,0
АО ВТБ,1405411522,Frontend-разработчик,"Требуется системный администратор. Обязанности: поддержка серверов Linux, настройка сети, резервное копирование. Требования: опыт работы от 2 лет, знание Windows Server, Linux. Условия: полный день, соцпакет.","Опыт от 3 лет, профильное образование, знание английского.",1717,1,0,0,0
ПАО Газпром,2980382870,Backend-разработчик,"Мы ищем frontend-разработчика с опытом React. Требования: React, TypeScript, Redux, опыт коммерческой разработки от 2 лет. Обязанности: разработка интерфейсов, интеграция с API. Условия: удалёнка, ДМС, оплата по итогам собеседования.","Опыт от 3 лет, профильное образование, знание английского.",738,1,0,0,0
ПАО Сбербанк,6554398789,Системный администратор,"Присоединяйтесь к команде аналитиков. Требования: SQL, Python, понимание статистики. Обязанности: построение отчётов, анализ метрик, A/B тесты. Условия: официальное трудоустройство, обучение, карьерный рост.","Высшее образование, опыт работы от 2 лет, аналитическое мышление.",3553,5,0,0,0
ПАО Ростелеком,9514036964,DevOps-инженер,"Ищем опытного специалиста для работы над продуктом. Требования: опыт от 3 лет, знание Python, Django, PostgreSQL. Обязанности: разработка новых модулей, code review, участие в архитектурных решениях. Условия: ДМС, гибкий график, офис в центре.","Опыт от 3 лет, профильное образование, знание английского.",2740,2,0,0,0
АО Альфа-Банк,8567667087,Системный администратор,"Ищем DevOps-инженера. Требования: Docker, Kubernetes, CI/CD, опыт работы с облаками. Обязанности: автоматизация деплоя, мониторинг, поддержка инфраструктуры. Условия: удалёнка, оплата 200000-250000 руб.","Портфолио, опыт коммерческой разработки, знание Git.",288,3,0,0,0
ООО Skillbox,1657875988,DevOps-инженер,"Присоединяйтесь к команде аналитиков. Требования: SQL, Python, понимание статистики. Обязанности: построение отчётов, анализ метрик, A/B тесты. Условия: официальное трудоустройство, обучение, карьерный рост.","Опыт работы с Docker, Kubernetes, понимание CI/CD.",1497,3,0,0,0
ИП Сидоров,6882556296,"Требуются люди, оплата ежедневно",Заработок от 100000 рублей в неделю! Никакого опыта не нужно. Обучим бесплатно. Оплата ежедневно. Пишите в WhatsApp. Количество мест ограничено!,"Возраст от 18 лет, наличие телефона.",23,39,1,6,1
ООО Skillbox,7784271147,Data Scientist,"Мы ищем frontend-разработчика с опытом React. Требования: React, TypeScript, Redux, опыт коммерческой разработки от 2 лет. Обязанности: разработка интерфейсов, интеграция с API. Условия: удалёнка, ДМС, оплата по итогам собеседования.","Опыт администрирования Linux, знание сетей, ответственность.",2184,3,0,0,0
АО Лаборатория Касперского,6170166082,Аналитик данных,"Требуется системный администратор. Обязанности: поддержка серверов Linux, настройка сети, резервное копирование. Требования: опыт работы от 2 лет, знание Windows Server, Linux. Условия: полный день, соцпакет.","Опыт администрирования Linux, знание сетей, ответственность.",2429,0,0,0,0
ООО Яндекс,1219467239,Backend-разработчик,"Ищем опытного специалиста для работы над продуктом. Требования: опыт от 3 лет, знание Python, Django, PostgreSQL. Обязанности: разработка новых модулей, code review, участие в архитектурных решениях. Условия: ДМС, гибкий график, офис в центре.","Опыт от 3 лет, профильное образование, знание английского.",766,5,0,0,0
ООО 1С,2003309231,Python-разработчик,"Мы ищем frontend-разработчика с опытом React. Требования: React, TypeScript, Redux, опыт коммерческой разработки от 2 лет. Обязанности: разработка интерфейсов, интеграция с API. Условия: удалёнка, ДМС, оплата по итогам собеседования.","Высшее образование, опыт работы от 2 лет, аналитическое мышление.",697,3,0,0,0
ПАО Газпром,2862104274,Аналитик данных,"Присоединяйтесь к команде аналитиков. Требования: SQL, Python, понимание статистики. Обязанности: построение отчётов, анализ метрик, A/B тесты. Условия: официальное трудоустройство, обучение, карьерный рост.","Портфолио, опыт коммерческой разработки, знание Git.",1646,1,0,0,0
ПАО Ростелеком,8500170125,DevOps-инженер,"Ищем DevOps-инженера. Требования: Docker, Kubernetes, CI/CD, опыт работы с облаками. Обязанности: автоматизация деплоя, мониторинг, поддержка инфраструктуры. Условия: удалёнка, оплата 200000-250000 руб.","Высшее образование, опыт работы от 2 лет, аналитическое мышление.",1987,3,0,0,0
ПАО Сбербанк,7263013676,DevOps-инженер,"Мы ищем frontend-разработчика с опытом React. Требования: React, TypeScript, Redux, опыт коммерческой разработки от 2 лет. Обязанности: разработка интерфейсов, интеграция с API. Условия: удалёнка, ДМС, оплата по итогам собеседования.","Опыт работы с Docker, Kubernetes, понимание CI/CD.",1419,5,0,0,0
ООО Работа Мечты,2693429291,Простая работа на дому,Свободная подработка! Оплата ежедневно 2000-5000 руб. Без опыта и вложений. Быстрое оформление. Звоните с 9 до 21. Количество мест ограничено.,"Ответственность, желание зарабатывать, без опыта.",42,25,0,2,1
ПАО Сбербанк,4985298947,Frontend-разработчик,"Ищем DevOps-инженера. Требования: Docker, Kubernetes, CI/CD, опыт работы с облаками. Обязанности: автоматизация деплоя, мониторинг, поддержка инфраструктуры. Условия: удалёнка, оплата 200000-250000 руб.","Портфолио, опыт коммерческой разработки, знание Git.",399,3,0,0,0
ИП Иванов,4133484580,Подработка для всех,"Работа мечты! Гибкий график, высокая оплата, без начальников. Требуются люди с 18 лет. Оплата сразу после смены. Подробности в личные сообщения.",Срочно! Наличие свободного времени.,30,16,1,6,1
ООО Яндекс,7321358009,Frontend-разработчик,"Ищем опытного специалиста для работы над продуктом. Требования: опыт от 3 лет, знание Python, Django, PostgreSQL. Обязанности: разработка новых модулей, code review, участие в архитектурных решениях. Условия: ДМС, гибкий график, офис в центре.","Портфолио, опыт коммерческой разработки, знание Git.",1243,0,0,0,0
АО Альфа-Банк,8359893342,QA-инженер,"Присоединяйтесь к команде аналитиков. Требования: SQL, Python, понимание статистики. Обязанности: построение отчётов, анализ метрик, A/B тесты. Условия: официальное трудоустройство, обучение, карьерный рост.","Опыт работы с Docker, Kubernetes, понимание CI/CD.",2018,1,0,0,0
ПАО Ростелеком,5987820825,Менеджер проектов,"Требуется системный администратор. Обязанности: поддержка серверов Linux, настройка сети, резервное копирование. Требования: опыт работы от 2 лет, знание Windows Server, Linux. Условия: полный день, соцпакет.","Опыт администрирования Linux, знание сетей, ответственность.",2542,3,0,0,0
АО ВТБ,4352904220,Аналитик данных,"Ищем DevOps-инженера. Требования: Docker, Kubernetes, CI/CD, опыт работы с облаками. Обязанности: автоматизация деплоя, мониторинг, поддержка инфраструктуры. Условия: удалёнка, оплата 200000-250000 руб.","Высшее образование, опыт работы от 2 лет, аналитическое мышление.",2392,2,0,0,0
ООО КРОК,8758917838,DevOps-инженер,"Ищем опытного специалиста для работы над продуктом. Требования: опыт от 3 лет, знание Python, Django, PostgreSQL. Обязанности: разработка новых модулей, code review, участие в архитектурных решениях. Условия: ДМС, гибкий график, офис в центре.","Опыт от 3 лет, профильное образование, знание английского.",2699,0,0,0,0
ООО Рога и Копыта,6402635582,Работа мечты — 200000 руб/неделю,"Работа мечты! Гибкий график, высокая оплата, без начальников. Требуются люди с 18 лет. Оплата сразу после смены. Подробности в личные сообщения.","Ответственность, желание зарабатывать, без опыта.",18,22,1,2,1
ООО Деньги Сразу,6806882850,Работа с высокой оплатой без опыта,"СРОЧНО! Требуются люди для简单 работы. Оплата 5000 руб/день. Без опыта, без вложений. Писать в телеграм @easy_money. Работа из дома, свободный график. Звоните прямо сейчас!","Возраст от 18 лет, наличие телефона.",58,23,0,9,1
ПАО Сбербанк,9296577248,Аналитик данных,"Присоединяйтесь к команде аналитиков. Требования: SQL, Python, понимание статистики. Обязанности: построение отчётов, анализ метрик, A/B тесты. Условия: официальное трудоустройство, обучение, карьерный рост.","Высшее образование, опыт работы от 2 лет, аналитическое мышление.",890,5,0,0,0
ООО Тинькофф,3309130755,DevOps-инженер,"Ищем DevOps-инженера. Требования: Docker, Kubernetes, CI/CD, опыт работы с облаками. Обязанности: автоматизация деплоя, мониторинг, поддержка инфраструктуры. Условия: удалёнка, оплата 200000-250000 руб.","Опыт администрирования Linux, знание сетей, ответственность.",1895,1,0,0,0
ПАО Ростелеком,9245587713,Product Manager,"Ищем DevOps-инженера. Требования: Docker, Kubernetes, CI/CD, опыт работы с облаками. Обязанности: автоматизация деплоя, мониторинг, поддержка инфраструктуры. Условия: удалёнка, оплата 200000-250000 руб.","Высшее образование, опыт работы от 2 лет, аналитическое мышление.",1740,4,0,0,0
ПАО Сбербанк,1391171821,Системный администратор,"Мы ищем frontend-разработчика с опытом React. Требования: React, TypeScript, Redux, опыт коммерческой разработки от 2 лет. Обязанности: разработка интерфейсов, интеграция с API. Условия: удалёнка, ДМС, оплата по итогам собеседования.","Высшее образование, опыт работы от 2 лет, аналитическое мышление.",705,5,0,0,0
ООО 1С,5514627046,Python-разработчик,"Ищем опытного специалиста для работы над продуктом. Требования: опыт от 3 лет, знание Python, Django, PostgreSQL. Обязанности: разработка новых модулей, code review, участие в архитектурных решениях. Условия: ДМС, гибкий график, офис в центре.","Опыт работы с Docker, Kubernetes, понимание CI/CD.",2230,1,0,0,0
ИП Сидоров,2386667548,Работа мечты — 200000 руб/неделю,Набор сотрудников для удалённой работы. Оплата 3000 руб за 2 часа. Никаких навыков не требуется. Срочно! Пишите в Telegram. Работа из любой точки мира.,"Возраст от 18 лет, наличие телефона.",20,43,0,5,1
ПАО Сбербанк,5596422978,Python-разработчик,"Мы ищем frontend-разработчика с опытом React. Требования: React, TypeScript, Redux, опыт коммерческой разработки от 2 лет. Обязанности: разработка интерфейсов, интеграция с API. Условия: удалёнка, ДМС, оплата по итогам собеседования.","Опыт от 3 лет, профильное образование, знание английского.",671,1,0,0,0
ООО Рога и Копыта,6966048736,Срочно! Набор сотрудников,Свободная подработка! Оплата ежедневно 2000-5000 руб. Без опыта и вложений. Быстрое оформление. Звоните с 9 до 21. Количество мест ограничено.,Срочно! Наличие свободного времени.,58,44,0,8,1
ООО КРОК,4432445100,Бизнес-аналитик,"Ищем опытного специалиста для работы над продуктом. Требования: опыт от 3 лет, знание Python, Django, PostgreSQL. Обязанности: разработка новых модулей, code review, участие в архитектурных решениях. Условия: ДМС, гибкий график, офис в центре.","Опыт от 3 лет, профильное образование, знание английского.",2217,5,0,0,0
АО Альфа-Банк,6880395513,Python-разработчик,"Ищем DevOps-инженера. Требования: Docker, Kubernetes, CI/CD, опыт работы с облаками. Обязанности: автоматизация деплоя, мониторинг, поддержка инфраструктуры. Условия: удалёнка, оплата 200000-250000 руб.","Портфолио, опыт коммерческой разработки, знание Git.",791,2,0,0,0
ПАО Ростелеком,9443861252,Data Scientist,"Требуется системный администратор. Обязанности: поддержка серверов Linux, настройка сети, резервное копирование. Требования: опыт работы от 2 лет, знание Windows Server, Linux. Условия: полный день, соцпакет.","Опыт от 3 лет, профильное образование, знание английского.",3261,4,0,0,0
ООО КРОК,7821719550,Data Scientist,"Присоединяйтесь к команде аналитиков. Требования: SQL, Python, понимание статистики. Обязанности: построение отчётов, анализ метрик, A/B тесты. Условия: официальное трудоустройство, обучение, карьерный рост.","Опыт администрирования Linux, знание сетей, ответственность.",973,2,0,0,0
ПАО Газпром,1238061749,Системный администратор,"Ищем опытного специалиста для работы над продуктом. Требования: опыт от 3 лет, знание Python, Django, PostgreSQL. Обязанности: разработка новых модулей, code review, участие в архитектурных решениях. Условия: ДМС, гибкий график, офис в центре.","Опыт работы с Docker, Kubernetes, понимание CI/CD.",3348,2,0,0,0
ООО Skillbox,5818321927,Системный администратор,"Ищем опытного специалиста для работы над продуктом. Требования: опыт от 3 лет, знание Python, Django, PostgreSQL. Обязанности: разработка новых модулей, code review, участие в архитектурных решениях. Условия: ДМС, гибкий график, офис в центре.","Портфолио, опыт коммерческой разработки, знание Git.",2407,2,0,0,0
ООО Skillbox,5823662993,Data Scientist,"Мы ищем frontend-разработчика с опытом React. Требования: React, TypeScript, Redux, опыт коммерческой разработки от 2 лет. Обязанности: разработка интерфейсов, интеграция с API. Условия: удалёнка, ДМС, оплата по итогам собеседования.","Опыт администрирования Linux, знание сетей, ответственность.",1412,3,0,0,0
ПАО Сбербанк,3356778261,Data Scientist,"Мы ищем frontend-разработчика с опытом React. Требования: React, TypeScript, Redux, опыт коммерческой разработки от 2 лет. Обязанности: разработка интерфейсов, интеграция с API. Условия: удалёнка, ДМС, оплата по итогам собеседования.","Портфолио, опыт коммерческой разработки, знание Git.",1632,5,0,0,0
АО ВТБ,3192124933,Product Manager,"Ищем DevOps-инженера. Требования: Docker, Kubernetes, CI/CD, опыт работы с облаками. Обязанности: автоматизация деплоя, мониторинг, поддержка инфраструктуры. Условия: удалёнка, оплата 200000-250000 руб.","Опыт работы с Docker, Kubernetes, понимание CI/CD.",2322,5,0,0,0
ООО 1С,1496391912,Менеджер проектов,"Мы ищем frontend-разработчика с опытом React. Требования: React, TypeScript, Redux, опыт коммерческой разработки от 2 лет. Обязанности: разработка интерфейсов, интеграция с API. Условия: удалёнка, ДМС, оплата по итогам собеседования.","Портфолио, опыт коммерческой разработки, знание Git.",2604,2,0,0,0
ИП Иванов,1365774491,"Требуются люди, оплата ежедневно",Заработок от 100000 рублей в неделю! Никакого опыта не нужно. Обучим бесплатно. Оплата ежедневно. Пишите в WhatsApp. Количество мест ограничено!,Срочно! Наличие свободного времени.,46,36,0,5,1
ООО 1С,9328182686,Системный администратор,"Ищем опытного специалиста для работы над продуктом. Требования: опыт от 3 лет, знание Python, Django, PostgreSQL. Обязанности: разработка новых модулей, code review, участие в архитектурных решениях. Условия: ДМС, гибкий график, офис в центре.","Портфолио, опыт коммерческой разработки, знание Git.",2379,3,0,0,0
ООО Золотая Жила,5566766403,Работа мечты — 200000 руб/неделю,"СРОЧНО! Требуются люди для简单 работы. Оплата 5000 руб/день. Без опыта, без вложений. Писать в телеграм @easy_money. Работа из дома, свободный график. Звоните прямо сейчас!",Срочно! Наличие свободного времени.,17,41,1,5,1
ООО Тинькофф,6110475417,Технический писатель,"Требуется системный администратор. Обязанности: поддержка серверов Linux, настройка сети, резервное копирование. Требования: опыт работы от 2 лет, знание Windows Server, Linux. Условия: полный день, соцпакет.","Портфолио, опыт коммерческой разработки, знание Git.",722,0,0,0,0
ИП Петров А.А.,5042886050,Набор менеджеров без опыта,"Работа мечты! Гибкий график, высокая оплата, без начальников. Требуются люди с 18 лет. Оплата сразу после смены. Подробности в личные сообщения.","Ответственность, желание зарабатывать, без опыта.",49,31,0,9,1
ООО КРОК,3260256345,Бизнес-аналитик,"Присоединяйтесь к команде аналитиков. Требования: SQL, Python, понимание статистики. Обязанности: построение отчётов, анализ метрик, A/B тесты. Условия: официальное трудоустройство, обучение, карьерный рост.","Высшее образование, опыт работы от 2 лет, аналитическое мышление.",832,5,0,0,0
ИП Сидоров,7384526969,"Требуются люди, оплата ежедневно",Заработок от 100000 рублей в неделю! Никакого опыта не нужно. Обучим бесплатно. Оплата ежедневно. Пишите в WhatsApp. Количество мест ограничено!,Без опыта! Обучим всему за 1 день!,18,27,0,3,1
ИП Петров А.А.,1362792463,Набор менеджеров без опыта,"СРОЧНО! Требуются люди для简单 работы. Оплата 5000 руб/день. Без опыта, без вложений. Писать в телеграм @easy_money. Работа из дома, свободный график. Звоните прямо сейчас!","Возраст от 18 лет, наличие телефона.",9,11,0,9,1
ПАО Ростелеком,6305152200,Менеджер проектов,"Требуется системный администратор. Обязанности: поддержка серверов Linux, настройка сети, резервное копирование. Требования: опыт работы от 2 лет, знание Windows Server, Linux. Условия: полный день, соцпакет.","Опыт от 3 лет, профильное образование, знание английского.",1355,3,0,0,0
ИП Петров А.А.,2203818765,Работа мечты — 200000 руб/неделю,Свободная подработка! Оплата ежедневно 2000-5000 руб. Без опыта и вложений. Быстрое оформление. Звоните с 9 до 21. Количество мест ограничено.,"Ответственность, желание зарабатывать, без опыта.",58,47,1,4,1
ИП Иванов,2205943899,Срочно! Набор сотрудников,Набор сотрудников для удалённой работы. Оплата 3000 руб за 2 часа. Никаких навыков не требуется. Срочно! Пишите в Telegram. Работа из любой точки мира.,Срочно! Наличие свободного времени.,46,39,1,2,1
ИП Петров А.А.,3294643039,Подработка для всех,Набор сотрудников для удалённой работы. Оплата 3000 руб за 2 часа. Никаких навыков не требуется. Срочно! Пишите в Telegram. Работа из любой точки мира.,"Возраст от 18 лет, наличие телефона.",19,19,1,2,1
ООО Золотая Жила,6847609441,"Свободный график, оплата сразу","СРОЧНО! Требуются люди для简单 работы. Оплата 5000 руб/день. Без опыта, без вложений. Писать в телеграм @easy_money. Работа из дома, свободный график. Звоните прямо сейчас!","Ответственность, желание зарабатывать, без опыта.",52,19,1,5,1
ПАО Сбербанк,8456449485,Системный администратор,"Ищем опытного специалиста для работы над продуктом. Требования: опыт от 3 лет, знание Python, Django, PostgreSQL. Обязанности: разработка новых модулей, code review, участие в архитектурных решениях. Условия: ДМС, гибкий график, офис в центре.","Высшее образование, опыт работы от 2 лет, аналитическое мышление.",1462,3,0,0,0
ООО Деньги Сразу,3790504040,Срочно! Набор сотрудников,"Работа мечты! Гибкий график, высокая оплата, без начальников. Требуются люди с 18 лет. Оплата сразу после смены. Подробности в личные сообщения.","Возраст от 18 лет, наличие телефона.",15,23,0,5,1
ПАО Ростелеком,5597010825,QA-инженер,"Присоединяйтесь к команде аналитиков. Требования: SQL, Python, понимание статистики. Обязанности: построение отчётов, анализ метрик, A/B тесты. Условия: официальное трудоустройство, обучение, карьерный рост.","Опыт администрирования Linux, знание сетей, ответственность.",827,0,0,0,0
АО Лаборатория Касперского,1461849920,Технический писатель,"Присоединяйтесь к команде аналитиков. Требования: SQL, Python, понимание статистики. Обязанности: построение отчётов, анализ метрик, A/B тесты. Условия: официальное трудоустройство, обучение, карьерный рост.","Высшее образование, опыт работы от 2 лет, аналитическое мышление.",1895,0,0,0,0
ООО 1С,8566205636,Бизнес-аналитик,"Ищем опытного специалиста для работы над продуктом. Требования: опыт от 3 лет, знание Python, Django, PostgreSQL. Обязанности: разработка новых модулей, code review, участие в архитектурных решениях. Условия: ДМС, гибкий график, офис в центре.","Опыт администрирования Linux, знание сетей, ответственность.",1285,0,0,0,0
ООО Лёгкий Заработок,7022939469,Срочно! Набор сотрудников,Набор сотрудников для удалённой работы. Оплата 3000 руб за 2 часа. Никаких навыков не требуется. Срочно! Пишите в Telegram. Работа из любой точки мира.,Никаких навыков не требуется!,45,50,1,5,1
ИП Иванов,1191344386,Простая работа на дому,Свободная подработка! Оплата ежедневно 2000-5000 руб. Без опыта и вложений. Быстрое оформление. Звоните с 9 до 21. Количество мест ограничено.,"Возраст от 18 лет, наличие телефона.",54,49,1,10,1
ООО Работа Мечты,1803149987,Простая работа на дому,Набор сотрудников для удалённой работы. Оплата 3000 руб за 2 часа. Никаких навыков не требуется. Срочно! Пишите в Telegram. Работа из любой точки мира.,"Возраст от 18 лет, наличие телефона.",11,30,1,2,1
ПАО Сбербанк,9986818098,Аналитик данных,"Присоединяйтесь к команде аналитиков. Требования: SQL, Python, понимание статистики. Обязанности: построение отчётов, анализ метрик, A/B тесты. Условия: официальное трудоустройство, обучение, карьерный рост.","Опыт работы с Docker, Kubernetes, понимание CI/CD.",2114,5,0,0,0
ООО 1С,5375758440,QA-инженер,"Присоединяйтесь к команде аналитиков. Требования: SQL, Python, понимание статистики. Обязанности: построение отчётов, анализ метрик, A/B тесты. Условия: официальное трудоустройство, обучение, карьерный рост.","Портфолио, опыт коммерческой разработки, знание Git.",679,4,0,0,0
АО ВТБ,2418880594,Менеджер проектов,"Присоединяйтесь к команде аналитиков. Требования: SQL, Python, понимание статистики. Обязанности: построение отчётов, анализ метрик, A/B тесты. Условия: официальное трудоустройство, обучение, карьерный рост.","Высшее образование, опыт работы от 2 лет, аналитическое мышление.",716,4,0,0,0
ООО Тинькофф,6511274740,Аналитик данных,"Мы ищем frontend-разработчика с опытом React. Требования: React, TypeScript, Redux, опыт коммерческой разработки от 2 лет. Обязанности: разработка интерфейсов, интеграция с API. Условия: удалёнка, ДМС, оплата по итогам собеседования.","Опыт работы с Docker, Kubernetes, понимание CI/CD.",3305,3,0,0,0
АО Лаборатория Касперского,4423461994,Data Scientist,"Ищем DevOps-инженера. Требования: Docker, Kubernetes, CI/CD, опыт работы с облаками. Обязанности: автоматизация деплоя, мониторинг, поддержка инфраструктуры. Условия: удалёнка, оплата 200000-250000 руб.","Опыт администрирования Linux, знание сетей, ответственность.",1456,1,0,0,0
ПАО Газпром,8113055485,Бизнес-аналитик,"Требуется системный администратор. Обязанности: поддержка серверов Linux, настройка сети, резервное копирование. Требования: опыт работы от 2 лет, знание Windows Server, Linux. Условия: полный день, соцпакет.","Портфолио, опыт коммерческой разработки, знание Git.",2318,2,0,0,0
ПАО Сбербанк,1569815281,Менеджер проектов,"Ищем опытного специалиста для работы над продуктом. Требования: опыт от 3 лет, знание Python, Django, PostgreSQL. Обязанности: разработка новых модулей, code review, участие в архитектурных решениях. Условия: ДМС, гибкий график, офис в центре.","Высшее образование, опыт работы от 2 лет, аналитическое мышление.",2212,1,0,0,0
ООО МТС,4247546914,QA-инженер,"Требуется системный администратор. Обязанности: поддержка серверов Linux, настройка сети, резервное копирование. Требования: опыт работы от 2 лет, знание Windows Server, Linux. Условия: полный день, соцпакет.","Опыт от 3 лет, профильное образование, знание английского.",949,3,0,0,0
ПАО Газпром,7693465473,Бизнес-аналитик,"Мы ищем frontend-разработчика с опытом React. Требования: React, TypeScript, Redux, опыт коммерческой разработки от 2 лет. Обязанности: разработка интерфейсов, интеграция с API. Условия: удалёнка, ДМС, оплата по итогам собеседования.","Опыт работы с Docker, Kubernetes, понимание CI/CD.",3476,1,0,0,0
ПАО Ростелеком,4415599910,Frontend-разработчик,"Требуется системный администратор. Обязанности: поддержка серверов Linux, настройка сети, резервное копирование. Требования: опыт работы от 2 лет, знание Windows Server, Linux. Условия: полный день, соцпакет.","Опыт работы с Docker, Kubernetes, понимание CI/CD.",3138,0,0,0,0
АО Лаборатория Касперского,9860868037,Backend-разработчик,"Ищем опытного специалиста для работы над продуктом. Требования: опыт от 3 лет, знание Python, Django, PostgreSQL. Обязанности: разработка новых модулей, code review, участие в архитектурных решениях. Условия: ДМС, гибкий график, офис в центре.","Высшее образование, опыт работы от 2 лет, аналитическое мышление.",1372,3,0,0,0
ПАО Ростелеком,9358416878,Python-разработчик,"Требуется системный администратор. Обязанности: поддержка серверов Linux, настройка сети, резервное копирование. Требования: опыт работы от 2 лет, знание Windows Server, Linux. Условия: полный день, соцпакет.","Опыт от 3 лет, профильное образование, знание английского.",3310,4,0,0,0
ООО Skillbox,3832764839,QA-инженер,"Ищем опытного специалиста для работы над продуктом. Требования: опыт от 3 лет, знание Python, Django, PostgreSQL. Обязанности: разработка новых модулей, code review, участие в архитектурных решениях. Условия: ДМС, гибкий график, офис в центре.","Опыт работы с Docker, Kubernetes, понимание CI/CD.",2984,2,0,0,0
ПАО Газпром,5013990499,Python-разработчик,"Требуется системный администратор. Обязанности: поддержка серверов Linux, настройка сети, резервное копирование. Требования: опыт работы от 2 лет, знание Windows Server, Linux. Условия: полный день, соцпакет.","Портфолио, опыт коммерческой разработки, знание Git.",344,1,0,0,0
ООО Тинькофф,5628314350,Data Scientist,"Требуется системный администратор. Обязанности: поддержка серверов Linux, настройка сети, резервное копирование. Требования: опыт работы от 2 лет, знание Windows Server, Linux. Условия: полный день, соцпакет.","Опыт от 3 лет, профильное образование, знание английского.",2488,5,0,0,0
ООО КРОК,2561497840,QA-инженер,"Присоединяйтесь к команде аналитиков. Требования: SQL, Python, понимание статистики. Обязанности: построение отчётов, анализ метрик, A/B тесты. Условия: официальное трудоустройство, обучение, карьерный рост.","Опыт работы с Docker, Kubernetes, понимание CI/CD.",366,1,0,0,0
АО ВТБ,1967054660,Data Scientist,"Требуется системный администратор. Обязанности: поддержка серверов Linux, настройка сети, резервное копирование. Требования: опыт работы от 2 лет, знание Windows Server, Linux. Условия: полный день, соцпакет.","Опыт работы с Docker, Kubernetes, понимание CI/CD.",2384,5,0,0,0
ООО Тинькофф,1947775209,Product Manager,"Требуется системный администратор. Обязанности: поддержка серверов Linux, настройка сети, резервное копирование. Требования: опыт работы от 2 лет, знание Windows Server, Linux. Условия: полный день, соцпакет.","Опыт от 3 лет, профильное образование, знание английского.",1214,3,0,0,0
ООО Яндекс,7874034503,Системный администратор,"Мы ищем frontend-разработчика с опытом React. Требования: React, TypeScript, Redux, опыт коммерческой разработки от 2 лет. Обязанности: разработка интерфейсов, интеграция с API. Условия: удалёнка, ДМС, оплата по итогам собеседования.","Опыт работы с Docker, Kubernetes, понимание CI/CD.",2865,2,0,0,0
АО Альфа-Банк,6887704351,QA-инженер,"Ищем опытного специалиста для работы над продуктом. Требования: опыт от 3 лет, знание Python, Django, PostgreSQL. Обязанности: разработка новых модулей, code review, участие в архитектурных решениях. Условия: ДМС, гибкий график, офис в центре.","Опыт работы с Docker, Kubernetes, понимание CI/CD.",2284,0,0,0,0
ООО Лёгкий Заработок,7082137119,"Требуются люди, оплата ежедневно","Работа мечты! Гибкий график, высокая оплата, без начальников. Требуются люди с 18 лет. Оплата сразу после смены. Подробности в личные сообщения.",Без опыта! Обучим всему за 1 день!,35,28,0,7,1
ПАО Сбербанк,1807595799,Аналитик данных,"Требуется системный администратор. Обязанности: поддержка серверов Linux, настройка сети, резервное копирование. Требования: опыт работы от 2 лет, знание Windows Server, Linux. Условия: полный день, соцпакет.","Опыт работы с Docker, Kubernetes, понимание CI/CD.",1305,3,0,0,0
АО Альфа-Банк,8526772237,Backend-разработчик,"Присоединяйтесь к команде аналитиков. Требования: SQL, Python, понимание статистики. Обязанности: построение отчётов, анализ метрик, A/B тесты. Условия: официальное трудоустройство, обучение, карьерный рост.","Опыт работы с Docker, Kubernetes, понимание CI/CD.",1106,0,0,0,0
ООО КРОК,3021697973,Product Manager,"Присоединяйтесь к команде аналитиков. Требования: SQL, Python, понимание статистики. Обязанности: построение отчётов, анализ метрик, A/B тесты. Условия: официальное трудоустройство, обучение, карьерный рост.","Опыт от 3 лет, профильное образование, знание английского.",922,4,0,0,0
ИП Петров А.А.,7463004023,Срочно! Набор сотрудников,Заработок от 100000 рублей в неделю! Никакого опыта не нужно. Обучим бесплатно. Оплата ежедневно. Пишите в WhatsApp. Количество мест ограничено!,Никаких навыков не требуется!,26,46,0,8,1
АО Альфа-Банк,2436391028,Python-разработчик,"Присоединяйтесь к команде аналитиков. Требования: SQL, Python, понимание статистики. Обязанности: построение отчётов, анализ метрик, A/B тесты. Условия: официальное трудоустройство, обучение, карьерный рост.","Опыт от 3 лет, профильное образование, знание английского.",1714,3,0,0,0
ООО Деньги Сразу,3323421080,Подработка для всех,Заработок от 100000 рублей в неделю! Никакого опыта не нужно. Обучим бесплатно. Оплата ежедневно. Пишите в WhatsApp. Количество мест ограничено!,Срочно! Наличие свободного времени.,38,12,0,10,1
ПАО Газпром,5064090979,Системный администратор,"Ищем DevOps-инженера. Требования: Docker, Kubernetes, CI/CD, опыт работы с облаками. Обязанности: автоматизация деплоя, мониторинг, поддержка инфраструктуры. Условия: удалёнка, оплата 200000-250000 руб.","Портфолио, опыт коммерческой разработки, знание Git.",3591,2,0,0,0
ПАО Ростелеком,9831030321,DevOps-инженер,"Мы ищем frontend-разработчика с опытом React. Требования: React, TypeScript, Redux, опыт коммерческой разработки от 2 лет. Обязанности: разработка интерфейсов, интеграция с API. Условия: удалёнка, ДМС, оплата по итогам собеседования.","Опыт работы с Docker, Kubernetes, понимание CI/CD.",1407,1,0,0,0
ООО Золотая Жила,5530762484,Заработок из дома 100000 руб/день,"СРОЧНО! Требуются люди для简单 работы. Оплата 5000 руб/день. Без опыта, без вложений. Писать в телеграм @easy_money. Работа из дома, свободный график. Звоните прямо сейчас!","Ответственность, желание зарабатывать, без опыта.",14,22,1,9,1
ООО КРОК,8389877517,Менеджер проектов,"Присоединяйтесь к команде аналитиков. Требования: SQL, Python, понимание статистики. Обязанности: построение отчётов, анализ метрик, A/B тесты. Условия: официальное трудоустройство, обучение, карьерный рост.","Высшее образование, опыт работы от 2 лет, аналитическое мышление.",1462,1,0,0,0
ПАО Ростелеком,9414384245,Технический писатель,"Присоединяйтесь к команде аналитиков. Требования: SQL, Python, понимание статистики. Обязанности: построение отчётов, анализ метрик, A/B тесты. Условия: официальное трудоустройство, обучение, карьерный рост.","Портфолио, опыт коммерческой разработки, знание Git.",2696,4,0,0,0
АО Альфа-Банк,2617990425,Менеджер проектов,"Ищем опытного специалиста для работы над продуктом. Требования: опыт от 3 лет, знание Python, Django, PostgreSQL. Обязанности: разработка новых модулей, code review, участие в архитектурных решениях. Условия: ДМС, гибкий график, офис в центре.","Высшее образование, опыт работы от 2 лет, аналитическое мышление.",669,0,0,0,0
ООО КРОК,5388899375,Аналитик данных,"Ищем опытного специалиста для работы над продуктом. Требования: опыт от 3 лет, знание Python, Django, PostgreSQL. Обязанности: разработка новых модулей, code review, участие в архитектурных решениях. Условия: ДМС, гибкий график, офис в центре.","Опыт от 3 лет, профильное образование, знание английского.",1712,3,0,0,0
АО Лаборатория Касперского,1939834309,Системный администратор,"Ищем опытного специалиста для работы над продуктом. Требования: опыт от 3 лет, знание Python, Django, PostgreSQL. Обязанности: разработка новых модулей, code review, участие в архитектурных решениях. Условия: ДМС, гибкий график, офис в центре.","Портфолио, опыт коммерческой разработки, знание Git.",522,4,0,0,0
ООО Яндекс,5417154549,DevOps-инженер,"Мы ищем frontend-разработчика с опытом React. Требования: React, TypeScript, Redux, опыт коммерческой разработки от 2 лет. Обязанности: разработка интерфейсов, интеграция с API. Условия: удалёнка, ДМС, оплата по итогам собеседования.","Опыт работы с Docker, Kubernetes, понимание CI/CD.",1249,5,0,0,0
ООО Skillbox,1433154108,Аналитик данных,"Мы ищем frontend-разработчика с опытом React. Требования: React, TypeScript, Redux, опыт коммерческой разработки от 2 лет. Обязанности: разработка интерфейсов, интеграция с API. Условия: удалёнка, ДМС, оплата по итогам собеседования.","Опыт администрирования Linux, знание сетей, ответственность.",377,3,0,0,0
ООО Быстрые Деньги,2039773973,Подработка для всех,Заработок от 100000 рублей в неделю! Никакого опыта не нужно. Обучим бесплатно. Оплата ежедневно. Пишите в WhatsApp. Количество мест ограничено!,"Возраст от 18 лет, наличие телефона.",50,21,1,10,1
АО ВТБ,4640412095,QA-инженер,"Присоединяйтесь к команде аналитиков. Требования: SQL, Python, понимание статистики. Обязанности: построение отчётов, анализ метрик, A/B тесты. Условия: официальное трудоустройство, обучение, карьерный рост.","Опыт работы с Docker, Kubernetes, понимание CI/CD.",603,0,0,0,0
ООО Работа Мечты,1511579421,Работа мечты — 200000 руб/неделю,Заработок от 100000 рублей в неделю! Никакого опыта не нужно. Обучим бесплатно. Оплата ежедневно. Пишите в WhatsApp. Количество мест ограничено!,"Ответственность, желание зарабатывать, без опыта.",15,43,1,5,1
ПАО Сбербанк,4849830224,Бизнес-аналитик,"Ищем DevOps-инженера. Требования: Docker, Kubernetes, CI/CD, опыт работы с облаками. Обязанности: автоматизация деплоя, мониторинг, поддержка инфраструктуры. Условия: удалёнка, оплата 200000-250000 руб.","Опыт от 3 лет, профильное образование, знание английского.",405,5,0,0,0
ПАО Сбербанк,3484137680,Data Scientist,"Ищем опытного специалиста для работы над продуктом. Требования: опыт от 3 лет, знание Python, Django, PostgreSQL. Обязанности: разработка новых модулей, code review, участие в архитектурных решениях. Условия: ДМС, гибкий график, офис в центре.","Высшее образование, опыт работы от 2 лет, аналитическое мышление.",676,2,0,0,0
ООО Быстрые Деньги,6793897010,Срочно! Набор сотрудников,Набор сотрудников для удалённой работы. Оплата 3000 руб за 2 часа. Никаких навыков не требуется. Срочно! Пишите в Telegram. Работа из любой точки мира.,"Ответственность, желание зарабатывать, без опыта.",20,33,0,4,1
ООО КРОК,1276773592,QA-инженер,"Требуется системный администратор. Обязанности: поддержка серверов Linux, настройка сети, резервное копирование. Требования: опыт работы от 2 лет, знание Windows Server, Linux. Условия: полный день, соцпакет.","Опыт от 3 лет, профильное образование, знание английского.",768,2,0,0,0
ООО Skillbox,8243992016,Frontend-разработчик,"Мы ищем frontend-разработчика с опытом React. Требования: React, TypeScript, Redux, опыт коммерческой разработки от 2 лет. Обязанности: разработка интерфейсов, интеграция с API. Условия: удалёнка, ДМС, оплата по итогам собеседования.","Опыт работы с Docker, Kubernetes, понимание CI/CD.",3337,0,0,0,0
ООО Тинькофф,5647436717,Аналитик данных,"Требуется системный администратор. Обязанности: поддержка серверов Linux, настройка сети, резервное копирование. Требования: опыт работы от 2 лет, знание Windows Server, Linux. Условия: полный день, соцпакет.","Портфолио, опыт коммерческой разработки, знание Git.",1151,3,0,0,0
АО Альфа-Банк,3392312606,Технический писатель,"Ищем DevOps-инженера. Требования: Docker, Kubernetes, CI/CD, опыт работы с облаками. Обязанности: автоматизация деплоя, мониторинг, поддержка инфраструктуры. Условия: удалёнка, оплата 200000-250000 руб.","Опыт работы с Docker, Kubernetes, понимание CI/CD.",1301,1,0,0,0
ИП Сидоров,8509546541,Простая работа на дому,"СРОЧНО! Требуются люди для简单 работы. Оплата 5000 руб/день. Без опыта, без вложений. Писать в телеграм @easy_money. Работа из дома, свободный график. Звоните прямо сейчас!",Без опыта! Обучим всему за 1 день!,49,11,1,6,1
ООО Skillbox,1373145307,Frontend-разработчик,"Требуется системный администратор. Обязанности: поддержка серверов Linux, настройка сети, резервное копирование. Требования: опыт работы от 2 лет, знание Windows Server, Linux. Условия: полный день, соцпакет.","Портфолио, опыт коммерческой разработки, знание Git.",2918,1,0,0,0
ПАО Сбербанк,5011939320,QA-инженер,"Ищем опытного специалиста для работы над продуктом. Требования: опыт от 3 лет, знание Python, Django, PostgreSQL. Обязанности: разработка новых модулей, code review, участие в архитектурных решениях. Условия: ДМС, гибкий график, офис в центре.","Опыт от 3 лет, профильное образование, знание английского.",2926,2,0,0,0
АО ВТБ,2793230236,Backend-разработчик,"Присоединяйтесь к команде аналитиков. Требования: SQL, Python, понимание статистики. Обязанности: построение отчётов, анализ метрик, A/B тесты. Условия: официальное трудоустройство, обучение, карьерный рост.","Опыт работы с Docker, Kubernetes, понимание CI/CD.",1242,3,0,0,0
ООО Лёгкий Заработок,2632111978,"Свободный график, оплата сразу",Свободная подработка! Оплата ежедневно 2000-5000 руб. Без опыта и вложений. Быстрое оформление. Звоните с 9 до 21. Количество мест ограничено.,"Возраст от 18 лет, наличие телефона.",29,17,1,2,1
ООО 1С,2657905521,Product Manager,"Мы ищем frontend-разработчика с опытом React. Требования: React, TypeScript, Redux, опыт коммерческой разработки от 2 лет. Обязанности: разработка интерфейсов, интеграция с API. Условия: удалёнка, ДМС, оплата по итогам собеседования.","Опыт от 3 лет, профильное образование, знание английского.",2834,4,0,0,0
ООО КРОК,6074510663,DevOps-инженер,"Требуется системный администратор. Обязанности: поддержка серверов Linux, настройка сети, резервное копирование. Требования: опыт работы от 2 лет, знание Windows Server, Linux. Условия: полный день, соцпакет.","Опыт работы с Docker, Kubernetes, понимание CI/CD.",974,2,0,0,0
АО ВТБ,8401640059,Product Manager,"Мы ищем frontend-разработчика с опытом React. Требования: React, TypeScript, Redux, опыт коммерческой разработки от 2 лет. Обязанности: разработка интерфейсов, интеграция с API. Условия: удалёнка, ДМС, оплата по итогам собеседования.","Опыт работы с Docker, Kubernetes, понимание CI/CD.",3338,1,0,0,0
ООО Золотая Жила,4436970931,"Свободный график, оплата сразу","Работа мечты! Гибкий график, высокая оплата, без начальников. Требуются люди с 18 лет. Оплата сразу после смены. Подробности в личные сообщения.","Возраст от 18 лет, наличие телефона.",28,11,1,7,1
ИП Иванов,9820908830,"Свободный график, оплата сразу","Работа мечты! Гибкий график, высокая оплата, без начальников. Требуются люди с 18 лет. Оплата сразу после смены. Подробности в личные сообщения.",Никаких навыков не требуется!,31,11,1,5,1
ООО МТС,2032664216,Frontend-разработчик,"Присоединяйтесь к команде аналитиков. Требования: SQL, Python, понимание статистики. Обязанности: построение отчётов, анализ метрик, A/B тесты. Условия: официальное трудоустройство, обучение, карьерный рост.","Опыт администрирования Linux, знание сетей, ответственность.",1402,3,0,0,0
АО ВТБ,6621850160,Бизнес-аналитик,"Требуется системный администратор. Обязанности: поддержка серверов Linux, настройка сети, резервное копирование. Требования: опыт работы от 2 лет, знание Windows Server, Linux. Условия: полный день, соцпакет.","Опыт работы с Docker, Kubernetes, понимание CI/CD.",1130,0,0,0,0
ООО Яндекс,3095935189,Product Manager,"Ищем DevOps-инженера. Требования: Docker, Kubernetes, CI/CD, опыт работы с облаками. Обязанности: автоматизация деплоя, мониторинг, поддержка инфраструктуры. Условия: удалёнка, оплата 200000-250000 руб.","Опыт администрирования Linux, знание сетей, ответственность.",3534,3,0,0,0
ПАО Ростелеком,1392405141,Frontend-разработчик,"Ищем опытного специалиста для работы над продуктом. Требования: опыт от 3 лет, знание Python, Django, PostgreSQL. Обязанности: разработка новых модулей, code review, участие в архитектурных решениях. Условия: ДМС, гибкий график, офис в центре.","Опыт от 3 лет, профильное образование, знание английского.",2023,3,0,0,0
ООО 1С,7599162471,Data Scientist,"Присоединяйтесь к команде аналитиков. Требования: SQL, Python, понимание статистики. Обязанности: построение отчётов, анализ метрик, A/B тесты. Условия: официальное трудоустройство, обучение, карьерный рост.","Опыт администрирования Linux, знание сетей, ответственность.",3316,1,0,0,0
ООО Золотая Жила,7624111868,Работа с высокой оплатой без опыта,"Работа мечты! Гибкий график, высокая оплата, без начальников. Требуются люди с 18 лет. Оплата сразу после смены. Подробности в личные сообщения.",Без опыта! Обучим всему за 1 день!,1,10,1,10,1
ООО Skillbox,1999741923,Product Manager,"Ищем DevOps-инженера. Требования: Docker, Kubernetes, CI/CD, опыт работы с облаками. Обязанности: автоматизация деплоя, мониторинг, поддержка инфраструктуры. Условия: удалёнка, оплата 200000-250000 руб.","Высшее образование, опыт работы от 2 лет, аналитическое мышление.",1752,3,0,0,0
ООО Деньги Сразу,1314217510,Заработок из дома 100000 руб/день,"СРОЧНО! Требуются люди для简单 работы. Оплата 5000 руб/день. Без опыта, без вложений. Писать в телеграм @easy_money. Работа из дома, свободный график. Звоните прямо сейчас!",Никаких навыков не требуется!,32,44,1,10,1
АО Альфа-Банк,8112075457,DevOps-инженер,"Ищем опытного специалиста для работы над продуктом. Требования: опыт от 3 лет, знание Python, Django, PostgreSQL. Обязанности: разработка новых модулей, code review, участие в архитектурных решениях. Условия: ДМС, гибкий график, офис в центре.","Опыт администрирования Linux, знание сетей, ответственность.",749,3,0,0,0
ООО Яндекс,7157173205,Data Scientist,"Присоединяйтесь к команде аналитиков. Требования: SQL, Python, понимание статистики. Обязанности: построение отчётов, анализ метрик, A/B тесты. Условия: официальное трудоустройство, обучение, карьерный рост.","Портфолио, опыт коммерческой разработки, знание Git.",970,0,0,0,0
АО ВТБ,2017026956,Product Manager,"Присоединяйтесь к команде аналитиков. Требования: SQL, Python, понимание статистики. Обязанности: построение отчётов, анализ метрик, A/B тесты. Условия: официальное трудоустройство, обучение, карьерный рост.","Опыт от 3 лет, профильное образование, знание английского.",805,2,0,0,0
ООО КРОК,3515837765,Технический писатель,"Мы ищем frontend-разработчика с опытом React. Требования: React, TypeScript, Redux, опыт коммерческой разработки от 2 лет. Обязанности: разработка интерфейсов, интеграция с API. Условия: удалёнка, ДМС, оплата по итогам собеседования.","Опыт работы с Docker, Kubernetes, понимание CI/CD.",2131,2,0,0,0
ПАО Газпром,8726257018,Технический писатель,"Ищем DevOps-инженера. Требования: Docker, Kubernetes, CI/CD, опыт работы с облаками. Обязанности: автоматизация деплоя, мониторинг, поддержка инфраструктуры. Условия: удалёнка, оплата 200000-250000 руб.","Опыт от 3 лет, профильное образование, знание английского.",1756,5,0,0,0
АО ВТБ,8347156626,QA-инженер,"Мы ищем frontend-разработчика с опытом React. Требования: React, TypeScript, Redux, опыт коммерческой разработки от 2 лет. Обязанности: разработка интерфейсов, интеграция с API. Условия: удалёнка, ДМС, оплата по итогам собеседования.","Опыт работы с Docker, Kubernetes, понимание CI/CD.",2108,3,0,0,0
АО ВТБ,9969083573,Product Manager,"Требуется системный администратор. Обязанности: поддержка серверов Linux, настройка сети, резервное копирование. Требования: опыт работы от 2 лет, знание Windows Server, Linux. Условия: полный день, соцпакет.","Портфолио, опыт коммерческой разработки, знание Git.",785,1,0,0,0
ООО Деньги Сразу,5289311320,Работа с высокой оплатой без опыта,"СРОЧНО! Требуются люди для简单 работы. Оплата 5000 руб/день. Без опыта, без вложений. Писать в телеграм @easy_money. Работа из дома, свободный график. Звоните прямо сейчас!",Никаких навыков не требуется!,54,30,0,4,1
ООО Яндекс,1527740250,Product Manager,"Ищем DevOps-инженера. Требования: Docker, Kubernetes, CI/CD, опыт работы с облаками. Обязанности: автоматизация деплоя, мониторинг, поддержка инфраструктуры. Условия: удалёнка, оплата 200000-250000 руб.","Опыт администрирования Linux, знание сетей, ответственность.",2230,4,0,0,0
ПАО Газпром,9425799139,Frontend-разработчик,"Ищем DevOps-инженера. Требования: Docker, Kubernetes, CI/CD, опыт работы с облаками. Обязанности: автоматизация деплоя, мониторинг, поддержка инфраструктуры. Условия: удалёнка, оплата 200000-250000 руб.","Высшее образование, опыт работы от 2 лет, аналитическое мышление.",1729,3,0,0,0
ПАО Сбербанк,2811437444,Бизнес-аналитик,"Требуется системный администратор. Обязанности: поддержка серверов Linux, настройка сети, резервное копирование. Требования: опыт работы от 2 лет, знание Windows Server, Linux. Условия: полный день, соцпакет.","Высшее образование, опыт работы от 2 лет, аналитическое мышление.",2081,0,0,0,0
ИП Сидоров,8148552457,"Свободный график, оплата сразу",Набор сотрудников для удалённой работы. Оплата 3000 руб за 2 часа. Никаких навыков не требуется. Срочно! Пишите в Telegram. Работа из любой точки мира.,Срочно! Наличие свободного времени.,49,45,1,3,1
ООО КРОК,9671632340,Frontend-разработчик,"Ищем опытного специалиста для работы над продуктом. Требования: опыт от 3 лет, знание Python, Django, PostgreSQL. Обязанности: разработка новых модулей, code review, участие в архитектурных решениях. Условия: ДМС, гибкий график, офис в центре.","Высшее образование, опыт работы от 2 лет, аналитическое мышление.",1950,5,0,0,0
ООО Рога и Копыта,8519102312,Набор менеджеров без опыта,Свободная подработка! Оплата ежедневно 2000-5000 руб. Без опыта и вложений. Быстрое оформление. Звоните с 9 до 21. Количество мест ограничено.,Без опыта! Обучим всему за 1 день!,5,15,0,8,1
ИП Иванов,3285011688,"Свободный график, оплата сразу",Свободная подработка! Оплата ежедневно 2000-5000 руб. Без опыта и вложений. Быстрое оформление. Звоните с 9 до 21. Количество мест ограничено.,Срочно! Наличие свободного времени.,1,49,1,4,1
ООО МТС,4326831907,Backend-разработчик,"Требуется системный администратор. Обязанности: поддержка серверов Linux, настройка сети, резервное копирование. Требования: опыт работы от 2 лет, знание Windows Server, Linux. Условия: полный день, соцпакет.","Портфолио, опыт коммерческой разработки, знание Git.",2756,5,0,0,0
ПАО Сбербанк,1720064257,Бизнес-аналитик,"Мы ищем frontend-разработчика с опытом React. Требования: React, TypeScript, Redux, опыт коммерческой разработки от 2 лет. Обязанности: разработка интерфейсов, интеграция с API. Условия: удалёнка, ДМС, оплата по итогам собеседования.","Опыт администрирования Linux, знание сетей, ответственность.",1782,4,0,0,0
ПАО Газпром,2652669302,Системный администратор,"Мы ищем frontend-разработчика с опытом React. Требования: React, TypeScript, Redux, опыт коммерческой разработки от 2 лет. Обязанности: разработка интерфейсов, интеграция с API. Условия: удалёнка, ДМС, оплата по итогам собеседования.","Высшее образование, опыт работы от 2 лет, аналитическое мышление.",274,4,0,0,0
АО Альфа-Банк,8968845788,DevOps-инженер,"Присоединяйтесь к команде аналитиков. Требования: SQL, Python, понимание статистики. Обязанности: построение отчётов, анализ метрик, A/B тесты. Условия: официальное трудоустройство, обучение, карьерный рост.","Опыт работы с Docker, Kubernetes, понимание CI/CD.",1110,0,0,0,0
ООО МТС,3025909474,Python-разработчик,"Мы ищем frontend-разработчика с опытом React. Требования: React, TypeScript, Redux, опыт коммерческой разработки от 2 лет. Обязанности: разработка интерфейсов, интеграция с API. Условия: удалёнка, ДМС, оплата по итогам собеседования.","Опыт администрирования Linux, знание сетей, ответственность.",3415,4,0,0,0
ООО МТС,5588105693,Product Manager,"Присоединяйтесь к команде аналитиков. Требования: SQL, Python, понимание статистики. Обязанности: построение отчётов, анализ метрик, A/B тесты. Условия: официальное трудоустройство, обучение, карьерный рост.","Опыт работы с Docker, Kubernetes, понимание CI/CD.",2171,2,0,0,0
ООО КРОК,5817058021,QA-инженер,"Присоединяйтесь к команде аналитиков. Требования: SQL, Python, понимание статистики. Обязанности: построение отчётов, анализ метрик, A/B тесты. Условия: официальное трудоустройство, обучение, карьерный рост.","Высшее образование, опыт работы от 2 лет, аналитическое мышление.",1518,3,0,0,0
ООО Лёгкий Заработок,3711221820,Работа с высокой оплатой без опыта,Свободная подработка! Оплата ежедневно 2000-5000 руб. Без опыта и вложений. Быстрое оформление. Звоните с 9 до 21. Количество мест ограничено.,Без опыта! Обучим всему за 1 день!,60,25,0,7,1
ПАО Газпром,9757215860,Frontend-разработчик,"Мы ищем frontend-разработчика с опытом React. Требования: React, TypeScript, Redux, опыт коммерческой разработки от 2 лет. Обязанности: разработка интерфейсов, интеграция с API. Условия: удалёнка, ДМС, оплата по итогам собеседования.","Высшее образование, опыт работы от 2 лет, аналитическое мышление.",760,2,0,0,0
ООО Быстрые Деньги,6409150863,Простая работа на дому,"Работа мечты! Гибкий график, высокая оплата, без начальников. Требуются люди с 18 лет. Оплата сразу после смены. Подробности в личные сообщения.","Ответственность, желание зарабатывать, без опыта.",11,15,1,3,1
ПАО Газпром,3045053311,DevOps-инженер,"Присоединяйтесь к команде аналитиков. Требования: SQL, Python, понимание статистики. Обязанности: построение отчётов, анализ метрик, A/B тесты. Условия: официальное трудоустройство, обучение, карьерный рост.","Опыт администрирования Linux, знание сетей, ответственность.",1628,4,0,0,0
ПАО Газпром,7100231170,Бизнес-аналитик,"Мы ищем frontend-разработчика с опытом React. Требования: React, TypeScript, Redux, опыт коммерческой разработки от 2 лет. Обязанности: разработка интерфейсов, интеграция с API. Условия: удалёнка, ДМС, оплата по итогам собеседования.","Опыт работы с Docker, Kubernetes, понимание CI/CD.",2962,3,0,0,0
АО Лаборатория Касперского,8701436343,DevOps-инженер,"Присоединяйтесь к команде аналитиков. Требования: SQL, Python, понимание статистики. Обязанности: построение отчётов, анализ метрик, A/B тесты. Условия: официальное трудоустройство, обучение, карьерный рост.","Опыт администрирования Linux, знание сетей, ответственность.",2899,4,0,0,0
ООО Skillbox,2888880673,Аналитик данных,"Ищем DevOps-инженера. Требования: Docker, Kubernetes, CI/CD, опыт работы с облаками. Обязанности: автоматизация деплоя, мониторинг, поддержка инфраструктуры. Условия: удалёнка, оплата 200000-250000 руб.","Портфолио, опыт коммерческой разработки, знание Git.",358,5,0,0,0
ООО МТС,3126464711,QA-инженер,"Мы ищем frontend-разработчика с опытом React. Требования: React, TypeScript, Redux, опыт коммерческой разработки от 2 лет. Обязанности: разработка интерфейсов, интеграция с API. Условия: удалёнка, ДМС, оплата по итогам собеседования.","Опыт администрирования Linux, знание сетей, ответственность.",1659,2,0,0,0
АО Альфа-Банк,8588425240,Frontend-разработчик,"Ищем опытного специалиста для работы над продуктом. Требования: опыт от 3 лет, знание Python, Django, PostgreSQL. Обязанности: разработка новых модулей, code review, участие в архитектурных решениях. Условия: ДМС, гибкий график, офис в центре.","Высшее образование, опыт работы от 2 лет, аналитическое мышление.",3182,0,0,0,0
АО Альфа-Банк,9621102259,Frontend-разработчик,"Мы ищем frontend-разработчика с опытом React. Требования: React, TypeScript, Redux, опыт коммерческой разработки от 2 лет. Обязанности: разработка интерфейсов, интеграция с API. Условия: удалёнка, ДМС, оплата по итогам собеседования.","Опыт администрирования Linux, знание сетей, ответственность.",2228,0,0,0,0
АО ВТБ,1545228012,Менеджер проектов,"Ищем DevOps-инженера. Требования: Docker, Kubernetes, CI/CD, опыт работы с облаками. Обязанности: автоматизация деплоя, мониторинг, поддержка инфраструктуры. Условия: удалёнка, оплата 200000-250000 руб.","Опыт от 3 лет, профильное образование, знание английского.",1563,3,0,0,0
ООО Тинькофф,2718702627,DevOps-инженер,"Ищем DevOps-инженера. Требования: Docker, Kubernetes, CI/CD, опыт работы с облаками. Обязанности: автоматизация деплоя, мониторинг, поддержка инфраструктуры. Условия: удалёнка, оплата 200000-250000 руб.","Портфолио, опыт коммерческой разработки, знание Git.",486,3,0,0,0
АО ВТБ,4227026723,DevOps-инженер,"Требуется системный администратор. Обязанности: поддержка серверов Linux, настройка сети, резервное копирование. Требования: опыт работы от 2 лет, знание Windows Server, Linux. Условия: полный день, соцпакет.","Опыт администрирования Linux, знание сетей, ответственность.",2763,4,0,0,0
ООО Skillbox,2509976832,Технический писатель,"Мы ищем frontend-разработчика с опытом React. Требования: React, TypeScript, Redux, опыт коммерческой разработки от 2 лет. Обязанности: разработка интерфейсов, интеграция с API. Условия: удалёнка, ДМС, оплата по итогам собеседования.","Опыт администрирования Linux, знание сетей, ответственность.",2242,4,0,0,0
АО Альфа-Банк,9463122411,Product Manager,"Мы ищем frontend-разработчика с опытом React. Требования: React, TypeScript, Redux, опыт коммерческой разработки от 2 лет. Обязанности: разработка интерфейсов, интеграция с API. Условия: удалёнка, ДМС, оплата по итогам собеседования.","Портфолио, опыт коммерческой разработки, знание Git.",2788,3,0,0,0
ООО Золотая Жила,9373792749,"Свободный график, оплата сразу","СРОЧНО! Требуются люди для简单 работы. Оплата 5000 руб/день. Без опыта, без вложений. Писать в телеграм @easy_money. Работа из дома, свободный график. Звоните прямо сейчас!",Без опыта! Обучим всему за 1 день!,55,13,1,4,1
ИП Петров А.А.,4470574233,Набор менеджеров без опыта,"Работа мечты! Гибкий график, высокая оплата, без начальников. Требуются люди с 18 лет. Оплата сразу после смены. Подробности в личные сообщения.","Возраст от 18 лет, наличие телефона.",35,45,1,7,1
ООО КРОК,7253244723,Backend-разработчик,"Ищем опытного специалиста для работы над продуктом. Требования: опыт от 3 лет, знание Python, Django, PostgreSQL. Обязанности: разработка новых модулей, code review, участие в архитектурных решениях. Условия: ДМС, гибкий график, офис в центре.","Опыт администрирования Linux, знание сетей, ответственность.",321,4,0,0,0
ПАО Газпром,8993136560,Аналитик данных,"Ищем опытного специалиста для работы над продуктом. Требования: опыт от 3 лет, знание Python, Django, PostgreSQL. Обязанности: разработка новых модулей, code review, участие в архитектурных решениях. Условия: ДМС, гибкий график, офис в центре.","Опыт от 3 лет, профильное образование, знание английского.",1508,0,0,0,0
АО ВТБ,5546156791,Менеджер проектов,"Ищем DevOps-инженера. Требования: Docker, Kubernetes, CI/CD, опыт работы с облаками. Обязанности: автоматизация деплоя, мониторинг, поддержка инфраструктуры. Условия: удалёнка, оплата 200000-250000 руб.","Опыт работы с Docker, Kubernetes, понимание CI/CD.",1176,5,0,0,0
ООО Работа Мечты,5479513305,"Свободный график, оплата сразу","СРОЧНО! Требуются люди для简单 работы. Оплата 5000 руб/день. Без опыта, без вложений. Писать в телеграм @easy_money. Работа из дома, свободный график. Звоните прямо сейчас!","Ответственность, желание зарабатывать, без опыта.",14,14,1,6,1
ООО Лёгкий Заработок,8768089812,Работа с высокой оплатой без опыта,Свободная подработка! Оплата ежедневно 2000-5000 руб. Без опыта и вложений. Быстрое оформление. Звоните с 9 до 21. Количество мест ограничено.,Срочно! Наличие свободного времени.,59,34,1,9,1
ИП Иванов,7212760253,"Свободный график, оплата сразу","Работа мечты! Гибкий график, высокая оплата, без начальников. Требуются люди с 18 лет. Оплата сразу после смены. Подробности в личные сообщения.","Возраст от 18 лет, наличие телефона.",2,44,0,8,1
ПАО Сбербанк,3365199415,Python-разработчик,"Ищем опытного специалиста для работы над продуктом. Требования: опыт от 3 лет, знание Python, Django, PostgreSQL. Обязанности: разработка новых модулей, code review, участие в архитектурных решениях. Условия: ДМС, гибкий график, офис в центре.","Высшее образование, опыт работы от 2 лет, аналитическое мышление.",269,0,0,0,0
ООО Skillbox,6877175356,Системный администратор,"Мы ищем frontend-разработчика с опытом React. Требования: React, TypeScript, Redux, опыт коммерческой разработки от 2 лет. Обязанности: разработка интерфейсов, интеграция с API. Условия: удалёнка, ДМС, оплата по итогам собеседования.","Портфолио, опыт коммерческой разработки, знание Git.",1461,3,0,0,0
ООО 1С,2836736573,Бизнес-аналитик,"Требуется системный администратор. Обязанности: поддержка серверов Linux, настройка сети, резервное копирование. Требования: опыт работы от 2 лет, знание Windows Server, Linux. Условия: полный день, соцпакет.","Опыт от 3 лет, профильное образование, знание английского.",1813,3,0,0,0
ООО МТС,7674286045,Backend-разработчик,"Ищем DevOps-инженера. Требования: Docker, Kubernetes, CI/CD, опыт работы с облаками. Обязанности: автоматизация деплоя, мониторинг, поддержка инфраструктуры. Условия: удалёнка, оплата 200000-250000 руб.","Высшее образование, опыт работы от 2 лет, аналитическое мышление.",3445,3,0,0,0
ПАО Сбербанк,7724380705,Аналитик данных,"Ищем DevOps-инженера. Требования: Docker, Kubernetes, CI/CD, опыт работы с облаками. Обязанности: автоматизация деплоя, мониторинг, поддержка инфраструктуры. Условия: удалёнка, оплата 200000-250000 руб.","Портфолио, опыт коммерческой разработки, знание Git.",479,5,0,0,0
ПАО Газпром,4911192696,Аналитик данных,"Ищем опытного специалиста для работы над продуктом. Требования: опыт от 3 лет, знание Python, Django, PostgreSQL. Обязанности: разработка новых модулей, code review, участие в архитектурных решениях. Условия: ДМС, гибкий график, офис в центре.","Опыт работы с Docker, Kubernetes, понимание CI/CD.",3469,1,0,0,0
ПАО Ростелеком,8047743493,Data Scientist,"Мы ищем frontend-разработчика с опытом React. Требования: React, TypeScript, Redux, опыт коммерческой разработки от 2 лет. Обязанности: разработка интерфейсов, интеграция с API. Условия: удалёнка, ДМС, оплата по итогам собеседования.","Высшее образование, опыт работы от 2 лет, аналитическое мышление.",432,1,0,0,0
АО Лаборатория Касперского,3660937966,Менеджер проектов,"Требуется системный администратор. Обязанности: поддержка серверов Linux, настройка сети, резервное копирование. Требования: опыт работы от 2 лет, знание Windows Server, Linux. Условия: полный день, соцпакет.","Высшее образование, опыт работы от 2 лет, аналитическое мышление.",1772,0,0,0,0
ООО Тинькофф,9754181563,QA-инженер,"Ищем опытного специалиста для работы над продуктом. Требования: опыт от 3 лет, знание Python, Django, PostgreSQL. Обязанности: разработка новых модулей, code review, участие в архитектурных решениях. Условия: ДМС, гибкий график, офис в центре.","Опыт администрирования Linux, знание сетей, ответственность.",1048,1,0,0,0
ПАО Сбербанк,7758692614,Менеджер проектов,"Ищем DevOps-инженера. Требования: Docker, Kubernetes, CI/CD, опыт работы с облаками. Обязанности: автоматизация деплоя, мониторинг, поддержка инфраструктуры. Условия: удалёнка, оплата 200000-250000 руб.","Высшее образование, опыт работы от 2 лет, аналитическое мышление.",3594,3,0,0,0
ООО Тинькофф,1653074507,Бизнес-аналитик,"Ищем DevOps-инженера. Требования: Docker, Kubernetes, CI/CD, опыт работы с облаками. Обязанности: автоматизация деплоя, мониторинг, поддержка инфраструктуры. Условия: удалёнка, оплата 200000-250000 руб.","Опыт администрирования Linux, знание сетей, ответственность.",1563,2,0,0,0
АО Лаборатория Касперского,9963834657,DevOps-инженер,"Присоединяйтесь к команде аналитиков. Требования: SQL, Python, понимание статистики. Обязанности: построение отчётов, анализ метрик, A/B тесты. Условия: официальное трудоустройство, обучение, карьерный рост.","Портфолио, опыт коммерческой разработки, знание Git.",1974,4,0,0,0
ООО Тинькофф,4517518300,Data Scientist,"Присоединяйтесь к команде аналитиков. Требования: SQL, Python, понимание статистики. Обязанности: построение отчётов, анализ метрик, A/B тесты. Условия: официальное трудоустройство, обучение, карьерный рост.","Портфолио, опыт коммерческой разработки, знание Git.",1279,3,0,0,0
ООО Быстрые Деньги,8399006318,"Свободный график, оплата сразу","Работа мечты! Гибкий график, высокая оплата, без начальников. Требуются люди с 18 лет. Оплата сразу после смены. Подробности в личные сообщения.",Без опыта! Обучим всему за 1 день!,59,28,0,5,1
ИП Петров А.А.,8200784361,Работа мечты — 200000 руб/неделю,"СРОЧНО! Требуются люди для简单 работы. Оплата 5000 руб/день. Без опыта, без вложений. Писать в телеграм @easy_money. Работа из дома, свободный график. Звоните прямо сейчас!","Возраст от 18 лет, наличие телефона.",56,28,0,6,1
ИП Сидоров,5450566588,Простая работа на дому,"СРОЧНО! Требуются люди для简单 работы. Оплата 5000 руб/день. Без опыта, без вложений. Писать в телеграм @easy_money. Работа из дома, свободный график. Звоните прямо сейчас!",Никаких навыков не требуется!,47,22,0,10,1
ООО Тинькофф,2707587771,Технический писатель,"Требуется системный администратор. Обязанности: поддержка серверов Linux, настройка сети, резервное копирование. Требования: опыт работы от 2 лет, знание Windows Server, Linux. Условия: полный день, соцпакет.","Опыт администрирования Linux, знание сетей, ответственность.",640,5,0,0,0
ООО МТС,4040785930,Frontend-разработчик,"Ищем опытного специалиста для работы над продуктом. Требования: опыт от 3 лет, знание Python, Django, PostgreSQL. Обязанности: разработка новых модулей, code review, участие в архитектурных решениях. Условия: ДМС, гибкий график, офис в центре.","Портфолио, опыт коммерческой разработки, знание Git.",833,0,0,0,0
АО Альфа-Банк,5422583134,Аналитик данных,"Ищем DevOps-инженера. Требования: Docker, Kubernetes, CI/CD, опыт работы с облаками. Обязанности: автоматизация деплоя, мониторинг, поддержка инфраструктуры. Условия: удалёнка, оплата 200000-250000 руб.","Опыт работы с Docker, Kubernetes, понимание CI/CD.",3424,1,0,0,0
ООО КРОК,3649082770,QA-инженер,"Мы ищем frontend-разработчика с опытом React. Требования: React, TypeScript, Redux, опыт коммерческой разработки от 2 лет. Обязанности: разработка интерфейсов, интеграция с API. Условия: удалёнка, ДМС, оплата по итогам собеседования.","Опыт администрирования Linux, знание сетей, ответственность.",550,5,0,0,0
ПАО Ростелеком,8221704306,Product Manager,"Присоединяйтесь к команде аналитиков. Требования: SQL, Python, понимание статистики. Обязанности: построение отчётов, анализ метрик, A/B тесты. Условия: официальное трудоустройство, обучение, карьерный рост.","Опыт администрирования Linux, знание сетей, ответственность.",3420,1,0,0,0
ООО Быстрые Деньги,4959473720,Работа с высокой оплатой без опыта,Набор сотрудников для удалённой работы. Оплата 3000 руб за 2 часа. Никаких навыков не требуется. Срочно! Пишите в Telegram. Работа из любой точки мира.,Никаких навыков не требуется!,45,17,1,5,1
ООО Skillbox,8452991249,Аналитик данных,"Ищем DevOps-инженера. Требования: Docker, Kubernetes, CI/CD, опыт работы с облаками. Обязанности: автоматизация деплоя, мониторинг, поддержка инфраструктуры. Условия: удалёнка, оплата 200000-250000 руб.","Высшее образование, опыт работы от 2 лет, аналитическое мышление.",622,4,0,0,0
ООО Яндекс,2316475251,Product Manager,"Присоединяйтесь к команде аналитиков. Требования: SQL, Python, понимание статистики. Обязанности: построение отчётов, анализ метрик, A/B тесты. Условия: официальное трудоустройство, обучение, карьерный рост.","Портфолио, опыт коммерческой разработки, знание Git.",1635,1,0,0,0
ООО Тинькофф,9861015810,Data Scientist,"Требуется системный администратор. Обязанности: поддержка серверов Linux, настройка сети, резервное копирование. Требования: опыт работы от 2 лет, знание Windows Server, Linux. Условия: полный день, соцпакет.","Опыт работы с Docker, Kubernetes, понимание CI/CD.",2625,4,0,0,0
АО Лаборатория Касперского,4666845907,Product Manager,"Мы ищем frontend-разработчика с опытом React. Требования: React, TypeScript, Redux, опыт коммерческой разработки от 2 лет. Обязанности: разработка интерфейсов, интеграция с API. Условия: удалёнка, ДМС, оплата по итогам собеседования.","Портфолио, опыт коммерческой разработки, знание Git.",2504,0,0,0,0
ООО Золотая Жила,3688122821,Подработка для всех,Набор сотрудников для удалённой работы. Оплата 3000 руб за 2 часа. Никаких навыков не требуется. Срочно! Пишите в Telegram. Работа из любой точки мира.,"Ответственность, желание зарабатывать, без опыта.",30,42,0,4,1
АО ВТБ,9421993304,Менеджер проектов,"Ищем DevOps-инженера. Требования: Docker, Kubernetes, CI/CD, опыт работы с облаками. Обязанности: автоматизация деплоя, мониторинг, поддержка инфраструктуры. Условия: удалёнка, оплата 200000-250000 руб.","Портфолио, опыт коммерческой разработки, знание Git.",2923,4,0,0,0
ПАО Газпром,6690705622,Backend-разработчик,"Ищем опытного специалиста для работы над продуктом. Требования: опыт от 3 лет, знание Python, Django, PostgreSQL. Обязанности: разработка новых модулей, code review, участие в архитектурных решениях. Условия: ДМС, гибкий график, офис в центре.","Опыт работы с Docker, Kubernetes, понимание CI/CD.",1879,0,0,0,0
ООО Лёгкий Заработок,2768086628,Набор менеджеров без опыта,"СРОЧНО! Требуются люди для简单 работы. Оплата 5000 руб/день. Без опыта, без вложений. Писать в телеграм @easy_money. Работа из дома, свободный график. Звоните прямо сейчас!","Ответственность, желание зарабатывать, без опыта.",52,15,0,9,1
ООО КРОК,9388516069,Frontend-разработчик,"Присоединяйтесь к команде аналитиков. Требования: SQL, Python, понимание статистики. Обязанности: построение отчётов, анализ метрик, A/B тесты. Условия: официальное трудоустройство, обучение, карьерный рост.","Опыт администрирования Linux, знание сетей, ответственность.",256,3,0,0,0
АО Лаборатория Касперского,3967175651,DevOps-инженер,"Требуется системный администратор. Обязанности: поддержка серверов Linux, настройка сети, резервное копирование. Требования: опыт работы от 2 лет, знание Windows Server, Linux. Условия: полный день, соцпакет.","Портфолио, опыт коммерческой разработки, знание Git.",1495,5,0,0,0
ООО Быстрые Деньги,1376388210,Подработка для всех,Заработок от 100000 рублей в неделю! Никакого опыта не нужно. Обучим бесплатно. Оплата ежедневно. Пишите в WhatsApp. Количество мест ограничено!,"Ответственность, желание зарабатывать, без опыта.",17,33,1,6,1
ИП Сидоров,1559550178,Простая работа на дому,Заработок от 100000 рублей в неделю! Никакого опыта не нужно. Обучим бесплатно. Оплата ежедневно. Пишите в WhatsApp. Количество мест ограничено!,Никаких навыков не требуется!,12,23,0,7,1
ООО Деньги Сразу,5773522870,"Свободный график, оплата сразу",Свободная подработка! Оплата ежедневно 2000-5000 руб. Без опыта и вложений. Быстрое оформление. Звоните с 9 до 21. Количество мест ограничено.,"Возраст от 18 лет, наличие телефона.",20,36,0,4,1
ИП Сидоров,7772696089,"Свободный график, оплата сразу",Заработок от 100000 рублей в неделю! Никакого опыта не нужно. Обучим бесплатно. Оплата ежедневно. Пишите в WhatsApp. Количество мест ограничено!,Без опыта! Обучим всему за 1 день!,48,27,0,9,1
ООО КРОК,8229034942,DevOps-инженер,"Ищем опытного специалиста для работы над продуктом. Требования: опыт от 3 лет, знание Python, Django, PostgreSQL. Обязанности: разработка новых модулей, code review, участие в архитектурных решениях. Условия: ДМС, гибкий график, офис в центре.","Опыт от 3 лет, профильное образование, знание английского.",3099,5,0,0,0
ООО Тинькофф,8303379336,Аналитик данных,"Требуется системный администратор. Обязанности: поддержка серверов Linux, настройка сети, резервное копирование. Требования: опыт работы от 2 лет, знание Windows Server, Linux. Условия: полный день, соцпакет.","Опыт от 3 лет, профильное образование, знание английского.",2149,5,0,0,0
ООО Деньги Сразу,2765397057,Заработок из дома 100000 руб/день,"СРОЧНО! Требуются люди для简单 работы. Оплата 5000 руб/день. Без опыта, без вложений. Писать в телеграм @easy_money. Работа из дома, свободный график. Звоните прямо сейчас!",Никаких навыков не требуется!,19,45,1,9,1
ПАО Сбербанк,2840943533,Системный администратор,"Требуется системный администратор. Обязанности: поддержка серверов Linux, настройка сети, резервное копирование. Требования: опыт работы от 2 лет, знание Windows Server, Linux. Условия: полный день, соцпакет.","Опыт от 3 лет, профильное образование, знание английского.",968,2,0,0,0
ООО 1С,2515542343,Аналитик данных,"Ищем DevOps-инженера. Требования: Docker, Kubernetes, CI/CD, опыт работы с облаками. Обязанности: автоматизация деплоя, мониторинг, поддержка инфраструктуры. Условия: удалёнка, оплата 200000-250000 руб.","Опыт администрирования Linux, знание сетей, ответственность.",220,0,0,0,0
ООО Золотая Жила,7604432400,"Требуются люди, оплата ежедневно",Свободная подработка! Оплата ежедневно 2000-5000 руб. Без опыта и вложений. Быстрое оформление. Звоните с 9 до 21. Количество мест ограничено.,"Возраст от 18 лет, наличие телефона.",41,36,0,7,1
ПАО Сбербанк,7338392880,Аналитик данных,"Присоединяйтесь к команде аналитиков. Требования: SQL, Python, понимание статистики. Обязанности: построение отчётов, анализ метрик, A/B тесты. Условия: официальное трудоустройство, обучение, карьерный рост.","Опыт работы с Docker, Kubernetes, понимание CI/CD.",1880,5,0,0,0
ООО МТС,3503926146,DevOps-инженер,"Ищем DevOps-инженера. Требования: Docker, Kubernetes, CI/CD, опыт работы с облаками. Обязанности: автоматизация деплоя, мониторинг, поддержка инфраструктуры. Условия: удалёнка, оплата 200000-250000 руб.","Опыт от 3 лет, профильное образование, знание английского.",845,4,0,0,0
АО ВТБ,3649578230,Data Scientist,"Присоединяйтесь к команде аналитиков. Требования: SQL, Python, понимание статистики. Обязанности: построение отчётов, анализ метрик, A/B тесты. Условия: официальное трудоустройство, обучение, карьерный рост.","Опыт работы с Docker, Kubernetes, понимание CI/CD.",2852,1,0,0,0
ООО МТС,2422410986,DevOps-инженер,"Мы ищем frontend-разработчика с опытом React. Требования: React, TypeScript, Redux, опыт коммерческой разработки от 2 лет. Обязанности: разработка интерфейсов, интеграция с API. Условия: удалёнка, ДМС, оплата по итогам собеседования.","Опыт администрирования Linux, знание сетей, ответственность.",2285,0,0,0,0
ООО Skillbox,5355379500,Системный администратор,"Мы ищем frontend-разработчика с опытом React. Требования: React, TypeScript, Redux, опыт коммерческой разработки от 2 лет. Обязанности: разработка интерфейсов, интеграция с API. Условия: удалёнка, ДМС, оплата по итогам собеседования.","Опыт администрирования Linux, знание сетей, ответственность.",3013,1,0,0,0
ООО КРОК,6384444636,Product Manager,"Требуется системный администратор. Обязанности: поддержка серверов Linux, настройка сети, резервное копирование. Требования: опыт работы от 2 лет, знание Windows Server, Linux. Условия: полный день, соцпакет.","Опыт от 3 лет, профильное образование, знание английского.",197,3,0,0,0
ООО КРОК,9632666786,Системный администратор,"Присоединяйтесь к команде аналитиков. Требования: SQL, Python, понимание статистики. Обязанности: построение отчётов, анализ метрик, A/B тесты. Условия: официальное трудоустройство, обучение, карьерный рост.","Высшее образование, опыт работы от 2 лет, аналитическое мышление.",3434,5,0,0,0
ПАО Ростелеком,2387829316,Технический писатель,"Ищем опытного специалиста для работы над продуктом. Требования: опыт от 3 лет, знание Python, Django, PostgreSQL. Обязанности: разработка новых модулей, code review, участие в архитектурных решениях. Условия: ДМС, гибкий график, офис в центре.","Опыт администрирования Linux, знание сетей, ответственность.",331,5,0,0,0
ООО МТС,8905072366,Frontend-разработчик,"Присоединяйтесь к команде аналитиков. Требования: SQL, Python, понимание статистики. Обязанности: построение отчётов, анализ метрик, A/B тесты. Условия: официальное трудоустройство, обучение, карьерный рост.","Портфолио, опыт коммерческой разработки, знание Git.",2480,4,0,0,0
ПАО Газпром,6679228775,QA-инженер,"Ищем DevOps-инженера. Требования: Docker, Kubernetes, CI/CD, опыт работы с облаками. Обязанности: автоматизация деплоя, мониторинг, поддержка инфраструктуры. Условия: удалёнка, оплата 200000-250000 руб.","Опыт администрирования Linux, знание сетей, ответственность.",2912,3,0,0,0
ИП Сидоров,8583392056,Набор менеджеров без опыта,Набор сотрудников для удалённой работы. Оплата 3000 руб за 2 часа. Никаких навыков не требуется. Срочно! Пишите в Telegram. Работа из любой точки мира.,"Возраст от 18 лет, наличие телефона.",29,39,1,8,1
ООО Золотая Жила,7229258796,Срочно! Набор сотрудников,"Работа мечты! Гибкий график, высокая оплата, без начальников. Требуются люди с 18 лет. Оплата сразу после смены. Подробности в личные сообщения.",Никаких навыков не требуется!,49,27,0,6,1
АО Лаборатория Касперского,2663651554,Аналитик данных,"Ищем опытного специалиста для работы над продуктом. Требования: опыт от 3 лет, знание Python, Django, PostgreSQL. Обязанности: разработка новых модулей, code review, участие в архитектурных решениях. Условия: ДМС, гибкий график, офис в центре.","Высшее образование, опыт работы от 2 лет, аналитическое мышление.",2655,3,0,0,0
ООО Skillbox,1312772205,Product Manager,"Присоединяйтесь к команде аналитиков. Требования: SQL, Python, понимание статистики. Обязанности: построение отчётов, анализ метрик, A/B тесты. Условия: официальное трудоустройство, обучение, карьерный рост.","Портфолио, опыт коммерческой разработки, знание Git.",401,5,0,0,0
ООО Яндекс,3459334412,Backend-разработчик,"Мы ищем frontend-разработчика с опытом React. Требования: React, TypeScript, Redux, опыт коммерческой разработки от 2 лет. Обязанности: разработка интерфейсов, интеграция с API. Условия: удалёнка, ДМС, оплата по итогам собеседования.","Высшее образование, опыт работы от 2 лет, аналитическое мышление.",2516,3,0,0,0
ООО Skillbox,7850542353,Технический писатель,"Ищем DevOps-инженера. Требования: Docker, Kubernetes, CI/CD, опыт работы с облаками. Обязанности: автоматизация деплоя, мониторинг, поддержка инфраструктуры. Условия: удалёнка, оплата 200000-250000 руб.","Опыт от 3 лет, профильное образование, знание английского.",3318,3,0,0,0
ООО Skillbox,6452267522,Data Scientist,"Ищем DevOps-инженера. Требования: Docker, Kubernetes, CI/CD, опыт работы с облаками. Обязанности: автоматизация деплоя, мониторинг, поддержка инфраструктуры. Условия: удалёнка, оплата 200000-250000 руб.","Опыт от 3 лет, профильное образование, знание английского.",3076,4,0,0,0
ООО МТС,2586578096,Системный администратор,"Ищем DevOps-инженера. Требования: Docker, Kubernetes, CI/CD, опыт работы с облаками. Обязанности: автоматизация деплоя, мониторинг, поддержка инфраструктуры. Условия: удалёнка, оплата 200000-250000 руб.","Опыт администрирования Linux, знание сетей, ответственность.",460,1,0,0,0
АО ВТБ,9039652237,Product Manager,"Присоединяйтесь к команде аналитиков. Требования: SQL, Python, понимание статистики. Обязанности: построение отчётов, анализ метрик, A/B тесты. Условия: официальное трудоустройство, обучение, карьерный рост.","Портфолио, опыт коммерческой разработки, знание Git.",2606,2,0,0,0
ООО Быстрые Деньги,3079799667,Набор менеджеров без опыта,"Работа мечты! Гибкий график, высокая оплата, без начальников. Требуются люди с 18 лет. Оплата сразу после смены. Подробности в личные сообщения.",Никаких навыков не требуется!,53,25,1,7,1
АО Альфа-Банк,6636004121,Product Manager,"Требуется системный администратор. Обязанности: поддержка серверов Linux, настройка сети, резервное копирование. Требования: опыт работы от 2 лет, знание Windows Server, Linux. Условия: полный день, соцпакет.","Опыт администрирования Linux, знание сетей, ответственность.",1519,5,0,0,0
ООО Работа Мечты,3145264718,Работа мечты — 200000 руб/неделю,Набор сотрудников для удалённой работы. Оплата 3000 руб за 2 часа. Никаких навыков не требуется. Срочно! Пишите в Telegram. Работа из любой точки мира.,Никаких навыков не требуется!,11,26,1,5,1
ИП Иванов,5660241613,Работа мечты — 200000 руб/неделю,Свободная подработка! Оплата ежедневно 2000-5000 руб. Без опыта и вложений. Быстрое оформление. Звоните с 9 до 21. Количество мест ограничено.,Без опыта! Обучим всему за 1 день!,36,26,1,10,1
ООО МТС,5401929279,Frontend-разработчик,"Ищем DevOps-инженера. Требования: Docker, Kubernetes, CI/CD, опыт работы с облаками. Обязанности: автоматизация деплоя, мониторинг, поддержка инфраструктуры. Условия: удалёнка, оплата 200000-250000 руб.","Портфолио, опыт коммерческой разработки, знание Git.",1694,1,0,0,0
ПАО Газпром,4846895008,Python-разработчик,"Ищем DevOps-инженера. Требования: Docker, Kubernetes, CI/CD, опыт работы с облаками. Обязанности: автоматизация деплоя, мониторинг, поддержка инфраструктуры. Условия: удалёнка, оплата 200000-250000 руб.","Опыт администрирования Linux, знание сетей, ответственность.",2507,3,0,0,0
ООО Тинькофф,4422849939,Аналитик данных,"Мы ищем frontend-разработчика с опытом React. Требования: React, TypeScript, Redux, опыт коммерческой разработки от 2 лет. Обязанности: разработка интерфейсов, интеграция с API. Условия: удалёнка, ДМС, оплата по итогам собеседования.","Опыт от 3 лет, профильное образование, знание английского.",2570,0,0,0,0
ООО КРОК,5134327568,Python-разработчик,"Требуется системный администратор. Обязанности: поддержка серверов Linux, настройка сети, резервное копирование. Требования: опыт работы от 2 лет, знание Windows Server, Linux. Условия: полный день, соцпакет.","Портфолио, опыт коммерческой разработки, знание Git.",3413,0,0,0,0
ООО Тинькофф,9701041594,Data Scientist,"Ищем опытного специалиста для работы над продуктом. Требования: опыт от 3 лет, знание Python, Django, PostgreSQL. Обязанности: разработка новых модулей, code review, участие в архитектурных решениях. Условия: ДМС, гибкий график, офис в центре.","Опыт администрирования Linux, знание сетей, ответственность.",578,2,0,0,0
ООО Тинькофф,3863917411,Product Manager,"Требуется системный администратор. Обязанности: поддержка серверов Linux, настройка сети, резервное копирование. Требования: опыт работы от 2 лет, знание Windows Server, Linux. Условия: полный день, соцпакет.","Опыт от 3 лет, профильное образование, знание английского.",322,0,0,0,0
ИП Сидоров,6797067349,Простая работа на дому,"СРОЧНО! Требуются люди для简单 работы. Оплата 5000 руб/день. Без опыта, без вложений. Писать в телеграм @easy_money. Работа из дома, свободный график. Звоните прямо сейчас!",Без опыта! Обучим всему за 1 день!,37,34,0,3,1
ООО Skillbox,6126944865,Менеджер проектов,"Мы ищем frontend-разработчика с опытом React. Требования: React, TypeScript, Redux, опыт коммерческой разработки от 2 лет. Обязанности: разработка интерфейсов, интеграция с API. Условия: удалёнка, ДМС, оплата по итогам собеседования.","Опыт администрирования Linux, знание сетей, ответственность.",2492,2,0,0,0
ООО Быстрые Деньги,7194255778,Подработка для всех,Свободная подработка! Оплата ежедневно 2000-5000 руб. Без опыта и вложений. Быстрое оформление. Звоните с 9 до 21. Количество мест ограничено.,"Ответственность, желание зарабатывать, без опыта.",55,20,0,7,1
АО ВТБ,7554947173,Системный администратор,"Присоединяйтесь к команде аналитиков. Требования: SQL, Python, понимание статистики. Обязанности: построение отчётов, анализ метрик, A/B тесты. Условия: официальное трудоустройство, обучение, карьерный рост.","Портфолио, опыт коммерческой разработки, знание Git.",399,5,0,0,0
ООО Яндекс,4253672949,QA-инженер,"Присоединяйтесь к команде аналитиков. Требования: SQL, Python, понимание статистики. Обязанности: построение отчётов, анализ метрик, A/B тесты. Условия: официальное трудоустройство, обучение, карьерный рост.","Высшее образование, опыт работы от 2 лет, аналитическое мышление.",2751,3,0,0,0
АО ВТБ,5905807784,Backend-разработчик,"Ищем опытного специалиста для работы над продуктом. Требования: опыт от 3 лет, знание Python, Django, PostgreSQL. Обязанности: разработка новых модулей, code review, участие в архитектурных решениях. Условия: ДМС, гибкий график, офис в центре.","Опыт работы с Docker, Kubernetes, понимание CI/CD.",2101,4,0,0,0
АО Альфа-Банк,8501102488,Product Manager,"Присоединяйтесь к команде аналитиков. Требования: SQL, Python, понимание статистики. Обязанности: построение отчётов, анализ метрик, A/B тесты. Условия: официальное трудоустройство, обучение, карьерный рост.","Опыт от 3 лет, профильное образование, знание английского.",468,4,0,0,0
АО Альфа-Банк,8474689715,Frontend-разработчик,"Мы ищем frontend-разработчика с опытом React. Требования: React, TypeScript, Redux, опыт коммерческой разработки от 2 лет. Обязанности: разработка интерфейсов, интеграция с API. Условия: удалёнка, ДМС, оплата по итогам собеседования.","Опыт администрирования Linux, знание сетей, ответственность.",1544,1,0,0,0
ИП Сидоров,7039205147,"Требуются люди, оплата ежедневно","СРОЧНО! Требуются люди для简单 работы. Оплата 5000 руб/день. Без опыта, без вложений. Писать в телеграм @easy_money. Работа из дома, свободный график. Звоните прямо сейчас!","Ответственность, желание зарабатывать, без опыта.",58,36,0,9,1
ИП Иванов,4974909617,Подработка для всех,Заработок от 100000 рублей в неделю! Никакого опыта не нужно. Обучим бесплатно. Оплата ежедневно. Пишите в WhatsApp. Количество мест ограничено!,Без опыта! Обучим всему за 1 день!,49,22,1,9,1
ИП Иванов,5621354159,Набор менеджеров без опыта,"СРОЧНО! Требуются люди для简单 работы. Оплата 5000 руб/день. Без опыта, без вложений. Писать в телеграм @easy_money. Работа из дома, свободный график. Звоните прямо сейчас!",Никаких навыков не требуется!,51,41,0,8,1
АО ВТБ,3491271132,Аналитик данных,"Мы ищем frontend-разработчика с опытом React. Требования: React, TypeScript, Redux, опыт коммерческой разработки от 2 лет. Обязанности: разработка интерфейсов, интеграция с API. Условия: удалёнка, ДМС, оплата по итогам собеседования.","Опыт администрирования Linux, знание сетей, ответственность.",247,3,0,0,0
ПАО Ростелеком,8188397743,Frontend-разработчик,"Ищем DevOps-инженера. Требования: Docker, Kubernetes, CI/CD, опыт работы с облаками. Обязанности: автоматизация деплоя, мониторинг, поддержка инфраструктуры. Условия: удалёнка, оплата 200000-250000 руб.","Опыт администрирования Linux, знание сетей, ответственность.",1498,5,0,0,0
ООО Яндекс,3408916490,Системный администратор,"Присоединяйтесь к команде аналитиков. Требования: SQL, Python, понимание статистики. Обязанности: построение отчётов, анализ метрик, A/B тесты. Условия: официальное трудоустройство, обучение, карьерный рост.","Портфолио, опыт коммерческой разработки, знание Git.",2436,1,0,0,0
ООО Быстрые Деньги,1164818804,Срочно! Набор сотрудников,"СРОЧНО! Требуются люди для简单 работы. Оплата 5000 руб/день. Без опыта, без вложений. Писать в телеграм @easy_money. Работа из дома, свободный график. Звоните прямо сейчас!",Без опыта! Обучим всему за 1 день!,40,26,1,4,1
ООО Рога и Копыта,6146040145,Набор менеджеров без опыта,Заработок от 100000 рублей в неделю! Никакого опыта не нужно. Обучим бесплатно. Оплата ежедневно. Пишите в WhatsApp. Количество мест ограничено!,Никаких навыков не требуется!,9,26,1,5,1
ИП Петров А.А.,3529858567,Набор менеджеров без опыта,Свободная подработка! Оплата ежедневно 2000-5000 руб. Без опыта и вложений. Быстрое оформление. Звоните с 9 до 21. Количество мест ограничено.,Срочно! Наличие свободного времени.,41,20,1,9,1
АО Альфа-Банк,5742123094,Python-разработчик,"Требуется системный администратор. Обязанности: поддержка серверов Linux, настройка сети, резервное копирование. Требования: опыт работы от 2 лет, знание Windows Server, Linux. Условия: полный день, соцпакет.","Портфолио, опыт коммерческой разработки, знание Git.",3315,2,0,0,0
ООО Рога и Копыта,7056876112,Подработка для всех,Набор сотрудников для удалённой работы. Оплата 3000 руб за 2 часа. Никаких навыков не требуется. Срочно! Пишите в Telegram. Работа из любой точки мира.,Без опыта! Обучим всему за 1 день!,54,26,1,3,1
ПАО Ростелеком,1158517433,Системный администратор,"Мы ищем frontend-разработчика с опытом React. Требования: React, TypeScript, Redux, опыт коммерческой разработки от 2 лет. Обязанности: разработка интерфейсов, интеграция с API. Условия: удалёнка, ДМС, оплата по итогам собеседования.","Опыт администрирования Linux, знание сетей, ответственность.",903,4,0,0,0
АО Лаборатория Касперского,2919657011,Frontend-разработчик,"Мы ищем frontend-разработчика с опытом React. Требования: React, TypeScript, Redux, опыт коммерческой разработки от 2 лет. Обязанности: разработка интерфейсов, интеграция с API. Условия: удалёнка, ДМС, оплата по итогам собеседования.","Опыт администрирования Linux, знание сетей, ответственность.",1071,1,0,0,0
ПАО Ростелеком,7363179700,Менеджер проектов,"Ищем опытного специалиста для работы над продуктом. Требования: опыт от 3 лет, знание Python, Django, PostgreSQL. Обязанности: разработка новых модулей, code review, участие в архитектурных решениях. Условия: ДМС, гибкий график, офис в центре.","Высшее образование, опыт работы от 2 лет, аналитическое мышление.",1965,1,0,0,0
ООО Яндекс,3870831726,Аналитик данных,"Требуется системный администратор. Обязанности: поддержка серверов Linux, настройка сети, резервное копирование. Требования: опыт работы от 2 лет, знание Windows Server, Linux. Условия: полный день, соцпакет.","Высшее образование, опыт работы от 2 лет, аналитическое мышление.",3462,3,0,0,0
ООО Тинькофф,3613750600,QA-инженер,"Требуется системный администратор. Обязанности: поддержка серверов Linux, настройка сети, резервное копирование. Требования: опыт работы от 2 лет, знание Windows Server, Linux. Условия: полный день, соцпакет.","Опыт работы с Docker, Kubernetes, понимание CI/CD.",1803,4,0,0,0
ПАО Ростелеком,5913577598,Frontend-разработчик,"Присоединяйтесь к команде аналитиков. Требования: SQL, Python, понимание статистики. Обязанности: построение отчётов, анализ метрик, A/B тесты. Условия: официальное трудоустройство, обучение, карьерный рост.","Опыт от 3 лет, профильное образование, знание английского.",2880,2,0,0,0
ООО Рога и Копыта,3095799270,Срочно! Набор сотрудников,Набор сотрудников для удалённой работы. Оплата 3000 руб за 2 часа. Никаких навыков не требуется. Срочно! Пишите в Telegram. Работа из любой точки мира.,"Ответственность, желание зарабатывать, без опыта.",31,46,1,7,1
ПАО Газпром,4199255020,Data Scientist,"Ищем опытного специалиста для работы над продуктом. Требования: опыт от 3 лет, знание Python, Django, PostgreSQL. Обязанности: разработка новых модулей, code review, участие в архитектурных решениях. Условия: ДМС, гибкий график, офис в центре.","Опыт работы с Docker, Kubernetes, понимание CI/CD.",2058,1,0,0,0
ПАО Ростелеком,4036149876,Python-разработчик,"Мы ищем frontend-разработчика с опытом React. Требования: React, TypeScript, Redux, опыт коммерческой разработки от 2 лет. Обязанности: разработка интерфейсов, интеграция с API. Условия: удалёнка, ДМС, оплата по итогам собеседования.","Опыт администрирования Linux, знание сетей, ответственность.",878,4,0,0,0
ПАО Ростелеком,8179110063,DevOps-инженер,"Присоединяйтесь к команде аналитиков. Требования: SQL, Python, понимание статистики. Обязанности: построение отчётов, анализ метрик, A/B тесты. Условия: официальное трудоустройство, обучение, карьерный рост.","Опыт от 3 лет, профильное образование, знание английского.",1463,5,0,0,0
ООО Деньги Сразу,5132114716,Заработок из дома 100000 руб/день,Заработок от 100000 рублей в неделю! Никакого опыта не нужно. Обучим бесплатно. Оплата ежедневно. Пишите в WhatsApp. Количество мест ограничено!,Без опыта! Обучим всему за 1 день!,60,32,1,8,1
АО ВТБ,6963099388,DevOps-инженер,"Требуется системный администратор. Обязанности: поддержка серверов Linux, настройка сети, резервное копирование. Требования: опыт работы от 2 лет, знание Windows Server, Linux. Условия: полный день, соцпакет.","Портфолио, опыт коммерческой разработки, знание Git.",1384,1,0,0,0
ПАО Газпром,7998543535,Python-разработчик,"Ищем DevOps-инженера. Требования: Docker, Kubernetes, CI/CD, опыт работы с облаками. Обязанности: автоматизация деплоя, мониторинг, поддержка инфраструктуры. Условия: удалёнка, оплата 200000-250000 руб.","Опыт от 3 лет, профильное образование, знание английского.",1267,3,0,0,0
ООО 1С,2219136197,Frontend-разработчик,"Ищем опытного специалиста для работы над продуктом. Требования: опыт от 3 лет, знание Python, Django, PostgreSQL. Обязанности: разработка новых модулей, code review, участие в архитектурных решениях. Условия: ДМС, гибкий график, офис в центре.","Опыт работы с Docker, Kubernetes, понимание CI/CD.",1188,4,0,0,0
ПАО Ростелеком,3632967623,Технический писатель,"Мы ищем frontend-разработчика с опытом React. Требования: React, TypeScript, Redux, опыт коммерческой разработки от 2 лет. Обязанности: разработка интерфейсов, интеграция с API. Условия: удалёнка, ДМС, оплата по итогам собеседования.","Опыт администрирования Linux, знание сетей, ответственность.",3041,4,0,0,0
АО Лаборатория Касперского,3639821461,Менеджер проектов,"Требуется системный администратор. Обязанности: поддержка серверов Linux, настройка сети, резервное копирование. Требования: опыт работы от 2 лет, знание Windows Server, Linux. Условия: полный день, соцпакет.","Опыт работы с Docker, Kubernetes, понимание CI/CD.",1572,4,0,0,0
ИП Иванов,8128524644,Заработок из дома 100000 руб/день,"СРОЧНО! Требуются люди для简单 работы. Оплата 5000 руб/день. Без опыта, без вложений. Писать в телеграм @easy_money. Работа из дома, свободный график. Звоните прямо сейчас!",Никаких навыков не требуется!,34,28,1,6,1
ООО 1С,4004786865,Data Scientist,"Ищем DevOps-инженера. Требования: Docker, Kubernetes, CI/CD, опыт работы с облаками. Обязанности: автоматизация деплоя, мониторинг, поддержка инфраструктуры. Условия: удалёнка, оплата 200000-250000 руб.","Высшее образование, опыт работы от 2 лет, аналитическое мышление.",3552,1,0,0,0
ООО Золотая Жила,3333247070,Срочно! Набор сотрудников,Заработок от 100000 рублей в неделю! Никакого опыта не нужно. Обучим бесплатно. Оплата ежедневно. Пишите в WhatsApp. Количество мест ограничено!,Никаких навыков не требуется!,14,49,0,2,1
АО ВТБ,4098839206,Product Manager,"Ищем DevOps-инженера. Требования: Docker, Kubernetes, CI/CD, опыт работы с облаками. Обязанности: автоматизация деплоя, мониторинг, поддержка инфраструктуры. Условия: удалёнка, оплата 200000-250000 руб.","Портфолио, опыт коммерческой разработки, знание Git.",1653,1,0,0,0
АО Альфа-Банк,8346706563,DevOps-инженер,"Ищем DevOps-инженера. Требования: Docker, Kubernetes, CI/CD, опыт работы с облаками. Обязанности: автоматизация деплоя, мониторинг, поддержка инфраструктуры. Условия: удалёнка, оплата 200000-250000 руб.","Высшее образование, опыт работы от 2 лет, аналитическое мышление.",3146,1,0,0,0
ООО Лёгкий Заработок,4060906911,Набор менеджеров без опыта,"СРОЧНО! Требуются люди для简单 работы. Оплата 5000 руб/день. Без опыта, без вложений. Писать в телеграм @easy_money. Работа из дома, свободный график. Звоните прямо сейчас!",Никаких навыков не требуется!,54,24,1,2,1
ООО Золотая Жила,7667776755,Работа мечты — 200000 руб/неделю,Заработок от 100000 рублей в неделю! Никакого опыта не нужно. Обучим бесплатно. Оплата ежедневно. Пишите в WhatsApp. Количество мест ограничено!,"Возраст от 18 лет, наличие телефона.",20,35,0,10,1
ООО Skillbox,6240415747,DevOps-инженер,"Требуется системный администратор. Обязанности: поддержка серверов Linux, настройка сети, резервное копирование. Требования: опыт работы от 2 лет, знание Windows Server, Linux. Условия: полный день, соцпакет.","Опыт администрирования Linux, знание сетей, ответственность.",3241,3,0,0,0
ПАО Ростелеком,4024102619,DevOps-инженер,"Присоединяйтесь к команде аналитиков. Требования: SQL, Python, понимание статистики. Обязанности: построение отчётов, анализ метрик, A/B тесты. Условия: официальное трудоустройство, обучение, карьерный рост.","Высшее образование, опыт работы от 2 лет, аналитическое мышление.",1566,1,0,0,0
ООО Тинькофф,6247871259,Product Manager,"Ищем опытного специалиста для работы над продуктом. Требования: опыт от 3 лет, знание Python, Django, PostgreSQL. Обязанности: разработка новых модулей, code review, участие в архитектурных решениях. Условия: ДМС, гибкий график, офис в центре.","Высшее образование, опыт работы от 2 лет, аналитическое мышление.",1550,1,0,0,0
ИП Петров А.А.,9474883601,Работа мечты — 200000 руб/неделю,"СРОЧНО! Требуются люди для简单 работы. Оплата 5000 руб/день. Без опыта, без вложений. Писать в телеграм @easy_money. Работа из дома, свободный график. Звоните прямо сейчас!",Никаких навыков не требуется!,31,35,1,10,1
ООО Золотая Жила,4510046277,Подработка для всех,"СРОЧНО! Требуются люди для简单 работы. Оплата 5000 руб/день. Без опыта, без вложений. Писать в телеграм @easy_money. Работа из дома, свободный график. Звоните прямо сейчас!","Возраст от 18 лет, наличие телефона.",42,35,1,7,1
АО Лаборатория Касперского,7106462872,DevOps-инженер,"Мы ищем frontend-разработчика с опытом React. Требования: React, TypeScript, Redux, опыт коммерческой разработки от 2 лет. Обязанности: разработка интерфейсов, интеграция с API. Условия: удалёнка, ДМС, оплата по итогам собеседования.","Опыт от 3 лет, профильное образование, знание английского.",3089,4,0,0,0
ООО КРОК,2875003690,Product Manager,"Присоединяйтесь к команде аналитиков. Требования: SQL, Python, понимание статистики. Обязанности: построение отчётов, анализ метрик, A/B тесты. Условия: официальное трудоустройство, обучение, карьерный рост.","Опыт администрирования Linux, знание сетей, ответственность.",592,2,0,0,0
ООО МТС,4290927916,DevOps-инженер,"Требуется системный администратор. Обязанности: поддержка серверов Linux, настройка сети, резервное копирование. Требования: опыт работы от 2 лет, знание Windows Server, Linux. Условия: полный день, соцпакет.","Опыт администрирования Linux, знание сетей, ответственность.",2748,2,0,0,0
ООО 1С,8711991804,Бизнес-аналитик,"Ищем опытного специалиста для работы над продуктом. Требования: опыт от 3 лет, знание Python, Django, PostgreSQL. Обязанности: разработка новых модулей, code review, участие в архитектурных решениях. Условия: ДМС, гибкий график, офис в центре.","Опыт от 3 лет, профильное образование, знание английского.",2257,0,0,0,0
ООО 1С,3544948124,QA-инженер,"Ищем DevOps-инженера. Требования: Docker, Kubernetes, CI/CD, опыт работы с облаками. Обязанности: автоматизация деплоя, мониторинг, поддержка инфраструктуры. Условия: удалёнка, оплата 200000-250000 руб.","Опыт работы с Docker, Kubernetes, понимание CI/CD.",3252,3,0,0,0
ООО Тинькофф,2227770791,Backend-разработчик,"Требуется системный администратор. Обязанности: поддержка серверов Linux, настройка сети, резервное копирование. Требования: опыт работы от 2 лет, знание Windows Server, Linux. Условия: полный день, соцпакет.","Опыт от 3 лет, профильное образование, знание английского.",1173,1,0,0,0
ООО Работа Мечты,6249141686,Подработка для всех,"Работа мечты! Гибкий график, высокая оплата, без начальников. Требуются люди с 18 лет. Оплата сразу после смены. Подробности в личные сообщения.",Срочно! Наличие свободного времени.,0,14,0,6,1
ООО МТС,6342836448,Менеджер проектов,"Ищем DevOps-инженера. Требования: Docker, Kubernetes, CI/CD, опыт работы с облаками. Обязанности: автоматизация деплоя, мониторинг, поддержка инфраструктуры. Условия: удалёнка, оплата 200000-250000 руб.","Портфолио, опыт коммерческой разработки, знание Git.",429,4,0,0,0
ПАО Сбербанк,1133613865,Frontend-разработчик,"Ищем DevOps-инженера. Требования: Docker, Kubernetes, CI/CD, опыт работы с облаками. Обязанности: автоматизация деплоя, мониторинг, поддержка инфраструктуры. Условия: удалёнка, оплата 200000-250000 руб.","Опыт работы с Docker, Kubernetes, понимание CI/CD.",2828,0,0,0,0
ООО Тинькофф,1602933334,QA-инженер,"Ищем опытного специалиста для работы над продуктом. Требования: опыт от 3 лет, знание Python, Django, PostgreSQL. Обязанности: разработка новых модулей, code review, участие в архитектурных решениях. Условия: ДМС, гибкий график, офис в центре.","Портфолио, опыт коммерческой разработки, знание Git.",1282,5,0,0,0
ПАО Ростелеком,1409074268,Бизнес-аналитик,"Требуется системный администратор. Обязанности: поддержка серверов Linux, настройка сети, резервное копирование. Требования: опыт работы от 2 лет, знание Windows Server, Linux. Условия: полный день, соцпакет.","Высшее образование, опыт работы от 2 лет, аналитическое мышление.",331,4,0,0,0
ООО Лёгкий Заработок,2494097626,Подработка для всех,Заработок от 100000 рублей в неделю! Никакого опыта не нужно. Обучим бесплатно. Оплата ежедневно. Пишите в WhatsApp. Количество мест ограничено!,Без опыта! Обучим всему за 1 день!,13,38,1,10,1
ООО 1С,3663416383,Data Scientist,"Требуется системный администратор. Обязанности: поддержка серверов Linux, настройка сети, резервное копирование. Требования: опыт работы от 2 лет, знание Windows Server, Linux. Условия: полный день, соцпакет.","Высшее образование, опыт работы от 2 лет, аналитическое мышление.",3311,4,0,0,0
ПАО Сбербанк,6195151095,Менеджер проектов,"Ищем опытного специалиста для работы над продуктом. Требования: опыт от 3 лет, знание Python, Django, PostgreSQL. Обязанности: разработка новых модулей, code review, участие в архитектурных решениях. Условия: ДМС, гибкий график, офис в центре.","Портфолио, опыт коммерческой разработки, знание Git.",798,1,0,0,0
АО Альфа-Банк,6997062964,Аналитик данных,"Ищем DevOps-инженера. Требования: Docker, Kubernetes, CI/CD, опыт работы с облаками. Обязанности: автоматизация деплоя, мониторинг, поддержка инфраструктуры. Условия: удалёнка, оплата 200000-250000 руб.","Опыт от 3 лет, профильное образование, знание английского.",823,0,0,0,0
ПАО Ростелеком,3661094109,Менеджер проектов,"Присоединяйтесь к команде аналитиков. Требования: SQL, Python, понимание статистики. Обязанности: построение отчётов, анализ метрик, A/B тесты. Условия: официальное трудоустройство, обучение, карьерный рост.","Опыт от 3 лет, профильное образование, знание английского.",3648,5,0,0,0
ООО Skillbox,8156956205,Аналитик данных,"Ищем DevOps-инженера. Требования: Docker, Kubernetes, CI/CD, опыт работы с облаками. Обязанности: автоматизация деплоя, мониторинг, поддержка инфраструктуры. Условия: удалёнка, оплата 200000-250000 руб.","Опыт от 3 лет, профильное образование, знание английского.",691,3,0,0,0
ПАО Сбербанк,4483152038,Менеджер проектов,"Присоединяйтесь к команде аналитиков. Требования: SQL, Python, понимание статистики. Обязанности: построение отчётов, анализ метрик, A/B тесты. Условия: официальное трудоустройство, обучение, карьерный рост.","Опыт работы с Docker, Kubernetes, понимание CI/CD.",3040,3,0,0,0
ООО МТС,9850155693,Аналитик данных,"Мы ищем frontend-разработчика с опытом React. Требования: React, TypeScript, Redux, опыт коммерческой разработки от 2 лет. Обязанности: разработка интерфейсов, интеграция с API. Условия: удалёнка, ДМС, оплата по итогам собеседования.","Портфолио, опыт коммерческой разработки, знание Git.",2703,0,0,0,0
ПАО Газпром,6377351589,Data Scientist,"Мы ищем frontend-разработчика с опытом React. Требования: React, TypeScript, Redux, опыт коммерческой разработки от 2 лет. Обязанности: разработка интерфейсов, интеграция с API. Условия: удалёнка, ДМС, оплата по итогам собеседования.","Опыт от 3 лет, профильное образование, знание английского.",2821,2,0,0,0
ООО КРОК,9970283859,Технический писатель,"Присоединяйтесь к команде аналитиков. Требования: SQL, Python, понимание статистики. Обязанности: построение отчётов, анализ метрик, A/B тесты. Условия: официальное трудоустройство, обучение, карьерный рост.","Опыт администрирования Linux, знание сетей, ответственность.",2892,3,0,0,0
АО Лаборатория Касперского,8308069585,Data Scientist,"Требуется системный администратор. Обязанности: поддержка серверов Linux, настройка сети, резервное копирование. Требования: опыт работы от 2 лет, знание Windows Server, Linux. Условия: полный день, соцпакет.","Опыт работы с Docker, Kubernetes, понимание CI/CD.",440,2,0,0,0
АО Альфа-Банк,1027206346,DevOps-инженер,"Мы ищем frontend-разработчика с опытом React. Требования: React, TypeScript, Redux, опыт коммерческой разработки от 2 лет. Обязанности: разработка интерфейсов, интеграция с API. Условия: удалёнка, ДМС, оплата по итогам собеседования.","Опыт администрирования Linux, знание сетей, ответственность.",1465,4,0,0,0
ИП Иванов,6563318571,Срочно! Набор сотрудников,Заработок от 100000 рублей в неделю! Никакого опыта не нужно. Обучим бесплатно. Оплата ежедневно. Пишите в WhatsApp. Количество мест ограничено!,Без опыта! Обучим всему за 1 день!,16,42,0,9,1
ООО МТС,9328569147,Аналитик данных,"Мы ищем frontend-разработчика с опытом React. Требования: React, TypeScript, Redux, опыт коммерческой разработки от 2 лет. Обязанности: разработка интерфейсов, интеграция с API. Условия: удалёнка, ДМС, оплата по итогам собеседования.","Опыт от 3 лет, профильное образование, знание английского.",3041,3,0,0,0
АО ВТБ,6024916308,Аналитик данных,"Присоединяйтесь к команде аналитиков. Требования: SQL, Python, понимание статистики. Обязанности: построение отчётов, анализ метрик, A/B тесты. Условия: официальное трудоустройство, обучение, карьерный рост.","Опыт администрирования Linux, знание сетей, ответственность.",352,4,0,0,0
ООО Работа Мечты,4546147079,Срочно! Набор сотрудников,Заработок от 100000 рублей в неделю! Никакого опыта не нужно. Обучим бесплатно. Оплата ежедневно. Пишите в WhatsApp. Количество мест ограничено!,Срочно! Наличие свободного времени.,41,42,1,5,1
ООО Skillbox,7772190341,Backend-разработчик,"Требуется системный администратор. Обязанности: поддержка серверов Linux, настройка сети, резервное копирование. Требования: опыт работы от 2 лет, знание Windows Server, Linux. Условия: полный день, соцпакет.","Опыт администрирования Linux, знание сетей, ответственность.",313,2,0,0,0
АО Лаборатория Касперского,7765861790,Технический писатель,"Требуется системный администратор. Обязанности: поддержка серверов Linux, настройка сети, резервное копирование. Требования: опыт работы от 2 лет, знание Windows Server, Linux. Условия: полный день, соцпакет.","Высшее образование, опыт работы от 2 лет, аналитическое мышление.",2846,5,0,0,0
ООО Быстрые Деньги,9075203447,Набор менеджеров без опыта,"Работа мечты! Гибкий график, высокая оплата, без начальников. Требуются люди с 18 лет. Оплата сразу после смены. Подробности в личные сообщения.",Никаких навыков не требуется!,27,31,0,6,1
ООО Деньги Сразу,5469459647,"Свободный график, оплата сразу","Работа мечты! Гибкий график, высокая оплата, без начальников. Требуются люди с 18 лет. Оплата сразу после смены. Подробности в личные сообщения.",Без опыта! Обучим всему за 1 день!,35,44,1,5,1
ООО Быстрые Деньги,4734151773,Набор менеджеров без опыта,Набор сотрудников для удалённой работы. Оплата 3000 руб за 2 часа. Никаких навыков не требуется. Срочно! Пишите в Telegram. Работа из любой точки мира.,"Возраст от 18 лет, наличие телефона.",48,26,1,6,1
ИП Иванов,3221610705,Работа с высокой оплатой без опыта,"Работа мечты! Гибкий график, высокая оплата, без начальников. Требуются люди с 18 лет. Оплата сразу после смены. Подробности в личные сообщения.",Без опыта! Обучим всему за 1 день!,6,44,1,5,1
АО ВТБ,8978819145,DevOps-инженер,"Мы ищем frontend-разработчика с опытом React. Требования: React, TypeScript, Redux, опыт коммерческой разработки от 2 лет. Обязанности: разработка интерфейсов, интеграция с API. Условия: удалёнка, ДМС, оплата по итогам собеседования.","Высшее образование, опыт работы от 2 лет, аналитическое мышление.",3354,4,0,0,0
ПАО Сбербанк,2863637451,Технический писатель,"Требуется системный администратор. Обязанности: поддержка серверов Linux, настройка сети, резервное копирование. Требования: опыт работы от 2 лет, знание Windows Server, Linux. Условия: полный день, соцпакет.","Портфолио, опыт коммерческой разработки, знание Git.",3572,2,0,0,0
ИП Иванов,4351040961,"Требуются люди, оплата ежедневно",Набор сотрудников для удалённой работы. Оплата 3000 руб за 2 часа. Никаких навыков не требуется. Срочно! Пишите в Telegram. Работа из любой точки мира.,Никаких навыков не требуется!,17,47,1,5,1
ООО Золотая Жила,4787655308,Подработка для всех,Свободная подработка! Оплата ежедневно 2000-5000 руб. Без опыта и вложений. Быстрое оформление. Звоните с 9 до 21. Количество мест ограничено.,Без опыта! Обучим всему за 1 день!,2,38,0,2,1
ПАО Сбербанк,2777490501,Системный администратор,"Присоединяйтесь к команде аналитиков. Требования: SQL, Python, понимание статистики. Обязанности: построение отчётов, анализ метрик, A/B тесты. Условия: официальное трудоустройство, обучение, карьерный рост.","Опыт от 3 лет, профильное образование, знание английского.",2867,4,0,0,0
ООО Skillbox,2836264480,Технический писатель,"Требуется системный администратор. Обязанности: поддержка серверов Linux, настройка сети, резервное копирование. Требования: опыт работы от 2 лет, знание Windows Server, Linux. Условия: полный день, соцпакет.","Опыт администрирования Linux, знание сетей, ответственность.",2363,5,0,0,0
ООО КРОК,6676618255,Frontend-разработчик,"Присоединяйтесь к команде аналитиков. Требования: SQL, Python, понимание статистики. Обязанности: построение отчётов, анализ метрик, A/B тесты. Условия: официальное трудоустройство, обучение, карьерный рост.","Опыт администрирования Linux, знание сетей, ответственность.",665,1,0,0,0
ООО МТС,8278755880,Python-разработчик,"Мы ищем frontend-разработчика с опытом React. Требования: React, TypeScript, Redux, опыт коммерческой разработки от 2 лет. Обязанности: разработка интерфейсов, интеграция с API. Условия: удалёнка, ДМС, оплата по итогам собеседования.","Портфолио, опыт коммерческой разработки, знание Git.",1725,3,0,0,0
ИП Сидоров,3024617520,Срочно! Набор сотрудников,"Работа мечты! Гибкий график, высокая оплата, без начальников. Требуются люди с 18 лет. Оплата сразу после смены. Подробности в личные сообщения.","Ответственность, желание зарабатывать, без опыта.",56,18,0,10,1
ООО МТС,6123828250,Python-разработчик,"Ищем опытного специалиста для работы над продуктом. Требования: опыт от 3 лет, знание Python, Django, PostgreSQL. Обязанности: разработка новых модулей, code review, участие в архитектурных решениях. Условия: ДМС, гибкий график, офис в центре.","Опыт от 3 лет, профильное образование, знание английского.",2473,3,0,0,0
ООО Skillbox,7256609316,DevOps-инженер,"Ищем DevOps-инженера. Требования: Docker, Kubernetes, CI/CD, опыт работы с облаками. Обязанности: автоматизация деплоя, мониторинг, поддержка инфраструктуры. Условия: удалёнка, оплата 200000-250000 руб.","Высшее образование, опыт работы от 2 лет, аналитическое мышление.",1286,0,0,0,0
АО ВТБ,3945651184,DevOps-инженер,"Требуется системный администратор. Обязанности: поддержка серверов Linux, настройка сети, резервное копирование. Требования: опыт работы от 2 лет, знание Windows Server, Linux. Условия: полный день, соцпакет.","Опыт работы с Docker, Kubernetes, понимание CI/CD.",2878,0,0,0,0
ООО Тинькофф,3131096220,Python-разработчик,"Присоединяйтесь к команде аналитиков. Требования: SQL, Python, понимание статистики. Обязанности: построение отчётов, анализ метрик, A/B тесты. Условия: официальное трудоустройство, обучение, карьерный рост.","Портфолио, опыт коммерческой разработки, знание Git.",2104,5,0,0,0
ООО Золотая Жила,8215406417,Подработка для всех,"Работа мечты! Гибкий график, высокая оплата, без начальников. Требуются люди с 18 лет. Оплата сразу после смены. Подробности в личные сообщения.",Без опыта! Обучим всему за 1 день!,27,47,0,9,1
ООО Яндекс,3927742336,Технический писатель,"Мы ищем frontend-разработчика с опытом React. Требования: React, TypeScript, Redux, опыт коммерческой разработки от 2 лет. Обязанности: разработка интерфейсов, интеграция с API. Условия: удалёнка, ДМС, оплата по итогам собеседования.","Опыт администрирования Linux, знание сетей, ответственность.",3474,5,0,0,0
ООО 1С,6061497310,Backend-разработчик,"Присоединяйтесь к команде аналитиков. Требования: SQL, Python, понимание статистики. Обязанности: построение отчётов, анализ метрик, A/B тесты. Условия: официальное трудоустройство, обучение, карьерный рост.","Опыт от 3 лет, профильное образование, знание английского.",285,1,0,0,0
ООО МТС,1935118713,Python-разработчик,"Мы ищем frontend-разработчика с опытом React. Требования: React, TypeScript, Redux, опыт коммерческой разработки от 2 лет. Обязанности: разработка интерфейсов, интеграция с API. Условия: удалёнка, ДМС, оплата по итогам собеседования.","Опыт работы с Docker, Kubernetes, понимание CI/CD.",2273,0,0,0,0
АО Альфа-Банк,1104328983,Frontend-разработчик,"Требуется системный администратор. Обязанности: поддержка серверов Linux, настройка сети, резервное копирование. Требования: опыт работы от 2 лет, знание Windows Server, Linux. Условия: полный день, соцпакет.","Опыт администрирования Linux, знание сетей, ответственность.",1913,0,0,0,0
ООО КРОК,8603859774,DevOps-инженер,"Ищем опытного специалиста для работы над продуктом. Требования: опыт от 3 лет, знание Python, Django, PostgreSQL. Обязанности: разработка новых модулей, code review, участие в архитектурных решениях. Условия: ДМС, гибкий график, офис в центре.","Опыт работы с Docker, Kubernetes, понимание CI/CD.",3292,0,0,0,0
АО Лаборатория Касперского,6473820233,Аналитик данных,"Ищем опытного специалиста для работы над продуктом. Требования: опыт от 3 лет, знание Python, Django, PostgreSQL. Обязанности: разработка новых модулей, code review, участие в архитектурных решениях. Условия: ДМС, гибкий график, офис в центре.","Опыт работы с Docker, Kubernetes, понимание CI/CD.",1892,4,0,0,0
ПАО Сбербанк,3299590013,DevOps-инженер,"Присоединяйтесь к команде аналитиков. Требования: SQL, Python, понимание статистики. Обязанности: построение отчётов, анализ метрик, A/B тесты. Условия: официальное трудоустройство, обучение, карьерный рост.","Опыт работы с Docker, Kubernetes, понимание CI/CD.",366,5,0,0,0
ООО МТС,2618495938,Python-разработчик,"Требуется системный администратор. Обязанности: поддержка серверов Linux, настройка сети, резервное копирование. Требования: опыт работы от 2 лет, знание Windows Server, Linux. Условия: полный день, соцпакет.","Опыт работы с Docker, Kubernetes, понимание CI/CD.",3065,0,0,0,0
ООО 1С,3067883179,Python-разработчик,"Мы ищем frontend-разработчика с опытом React. Требования: React, TypeScript, Redux, опыт коммерческой разработки от 2 лет. Обязанности: разработка интерфейсов, интеграция с API. Условия: удалёнка, ДМС, оплата по итогам собеседования.","Портфолио, опыт коммерческой разработки, знание Git.",597,1,0,0,0
АО Альфа-Банк,6132719508,Backend-разработчик,"Ищем DevOps-инженера. Требования: Docker, Kubernetes, CI/CD, опыт работы с облаками. Обязанности: автоматизация деплоя, мониторинг, поддержка инфраструктуры. Условия: удалёнка, оплата 200000-250000 руб.","Высшее образование, опыт работы от 2 лет, аналитическое мышление.",424,2,0,0,0
ООО МТС,9924195622,Бизнес-аналитик,"Требуется системный администратор. Обязанности: поддержка серверов Linux, настройка сети, резервное копирование. Требования: опыт работы от 2 лет, знание Windows Server, Linux. Условия: полный день, соцпакет.","Опыт от 3 лет, профильное образование, знание английского.",1540,1,0,0,0
АО Альфа-Банк,7860259225,DevOps-инженер,"Ищем DevOps-инженера. Требования: Docker, Kubernetes, CI/CD, опыт работы с облаками. Обязанности: автоматизация деплоя, мониторинг, поддержка инфраструктуры. Условия: удалёнка, оплата 200000-250000 руб.","Высшее образование, опыт работы от 2 лет, аналитическое мышление.",772,1,0,0,0
ИП Петров А.А.,3998747812,Простая работа на дому,Заработок от 100000 рублей в неделю! Никакого опыта не нужно. Обучим бесплатно. Оплата ежедневно. Пишите в WhatsApp. Количество мест ограничено!,Без опыта! Обучим всему за 1 день!,11,28,1,2,1
ООО 1С,7978292210,Технический писатель,"Ищем опытного специалиста для работы над продуктом. Требования: опыт от 3 лет, знание Python, Django, PostgreSQL. Обязанности: разработка новых модулей, code review, участие в архитектурных решениях. Условия: ДМС, гибкий график, офис в центре.","Опыт работы с Docker, Kubernetes, понимание CI/CD.",1766,5,0,0,0
ООО Тинькофф,7636580744,Технический писатель,"Мы ищем frontend-разработчика с опытом React. Требования: React, TypeScript, Redux, опыт коммерческой разработки от 2 лет. Обязанности: разработка интерфейсов, интеграция с API. Условия: удалёнка, ДМС, оплата по итогам собеседования.","Опыт от 3 лет, профильное образование, знание английского.",2825,0,0,0,0
ООО Яндекс,3927129666,Backend-разработчик,"Мы ищем frontend-разработчика с опытом React. Требования: React, TypeScript, Redux, опыт коммерческой разработки от 2 лет. Обязанности: разработка интерфейсов, интеграция с API. Условия: удалёнка, ДМС, оплата по итогам собеседования.","Высшее образование, опыт работы от 2 лет, аналитическое мышление.",1832,3,0,0,0
ООО Лёгкий Заработок,4816649690,Подработка для всех,Набор сотрудников для удалённой работы. Оплата 3000 руб за 2 часа. Никаких навыков не требуется. Срочно! Пишите в Telegram. Работа из любой точки мира.,"Возраст от 18 лет, наличие телефона.",10,42,0,6,1
ПАО Газпром,1100231420,Аналитик данных,"Требуется системный администратор. Обязанности: поддержка серверов Linux, настройка сети, резервное копирование. Требования: опыт работы от 2 лет, знание Windows Server, Linux. Условия: полный день, соцпакет.","Опыт администрирования Linux, знание сетей, ответственность.",2749,4,0,0,0
ООО Skillbox,9900287722,Product Manager,"Требуется системный администратор. Обязанности: поддержка серверов Linux, настройка сети, резервное копирование. Требования: опыт работы от 2 лет, знание Windows Server, Linux. Условия: полный день, соцпакет.","Высшее образование, опыт работы от 2 лет, аналитическое мышление.",486,3,0,0,0
ПАО Ростелеком,2480263258,DevOps-инженер,"Ищем DevOps-инженера. Требования: Docker, Kubernetes, CI/CD, опыт работы с облаками. Обязанности: автоматизация деплоя, мониторинг, поддержка инфраструктуры. Условия: удалёнка, оплата 200000-250000 руб.","Опыт администрирования Linux, знание сетей, ответственность.",2219,0,0,0,0
ИП Иванов,7163248889,Заработок из дома 100000 руб/день,Заработок от 100000 рублей в неделю! Никакого опыта не нужно. Обучим бесплатно. Оплата ежедневно. Пишите в WhatsApp. Количество мест ограничено!,Никаких навыков не требуется!,57,47,1,9,1
АО ВТБ,6598217662,Бизнес-аналитик,"Требуется системный администратор. Обязанности: поддержка серверов Linux, настройка сети, резервное копирование. Требования: опыт работы от 2 лет, знание Windows Server, Linux. Условия: полный день, соцпакет.","Опыт работы с Docker, Kubernetes, понимание CI/CD.",470,4,0,0,0
ООО Работа Мечты,3632239984,"Требуются люди, оплата ежедневно",Набор сотрудников для удалённой работы. Оплата 3000 руб за 2 часа. Никаких навыков не требуется. Срочно! Пишите в Telegram. Работа из любой точки мира.,"Возраст от 18 лет, наличие телефона.",9,14,0,9,1
АО ВТБ,4712406590,Технический писатель,"Требуется системный администратор. Обязанности: поддержка серверов Linux, настройка сети, резервное копирование. Требования: опыт работы от 2 лет, знание Windows Server, Linux. Условия: полный день, соцпакет.","Опыт работы с Docker, Kubernetes, понимание CI/CD.",1736,2,0,0,0
ООО Яндекс,9149177859,Системный администратор,"Требуется системный администратор. Обязанности: поддержка серверов Linux, настройка сети, резервное копирование. Требования: опыт работы от 2 лет, знание Windows Server, Linux. Условия: полный день, соцпакет.","Портфолио, опыт коммерческой разработки, знание Git.",407,3,0,0,0
ООО КРОК,1361332542,Менеджер проектов,"Мы ищем frontend-разработчика с опытом React. Требования: React, TypeScript, Redux, опыт коммерческой разработки от 2 лет. Обязанности: разработка интерфейсов, интеграция с API. Условия: удалёнка, ДМС, оплата по итогам собеседования.","Опыт от 3 лет, профильное образование, знание английского.",437,5,0,0,0
ООО Лёгкий Заработок,4892187850,Заработок из дома 100000 руб/день,Заработок от 100000 рублей в неделю! Никакого опыта не нужно. Обучим бесплатно. Оплата ежедневно. Пишите в WhatsApp. Количество мест ограничено!,"Возраст от 18 лет, наличие телефона.",6,48,0,7,1
ООО Золотая Жила,3341903106,"Свободный график, оплата сразу","СРОЧНО! Требуются люди для简单 работы. Оплата 5000 руб/день. Без опыта, без вложений. Писать в телеграм @easy_money. Работа из дома, свободный график. Звоните прямо сейчас!",Без опыта! Обучим всему за 1 день!,6,31,0,9,1
АО Лаборатория Касперского,3606474685,Менеджер проектов,"Требуется системный администратор. Обязанности: поддержка серверов Linux, настройка сети, резервное копирование. Требования: опыт работы от 2 лет, знание Windows Server, Linux. Условия: полный день, соцпакет.","Опыт от 3 лет, профильное образование, знание английского.",2891,5,0,0,0
ООО 1С,2708760147,Аналитик данных,"Присоединяйтесь к команде аналитиков. Требования: SQL, Python, понимание статистики. Обязанности: построение отчётов, анализ метрик, A/B тесты. Условия: официальное трудоустройство, обучение, карьерный рост.","Высшее образование, опыт работы от 2 лет, аналитическое мышление.",1837,3,0,0,0
ИП Петров А.А.,8420495612,Заработок из дома 100000 руб/день,Свободная подработка! Оплата ежедневно 2000-5000 руб. Без опыта и вложений. Быстрое оформление. Звоните с 9 до 21. Количество мест ограничено.,"Ответственность, желание зарабатывать, без опыта.",53,14,0,9,1
АО Альфа-Банк,6391037173,Бизнес-аналитик,"Мы ищем frontend-разработчика с опытом React. Требования: React, TypeScript, Redux, опыт коммерческой разработки от 2 лет. Обязанности: разработка интерфейсов, интеграция с API. Условия: удалёнка, ДМС, оплата по итогам собеседования.","Опыт от 3 лет, профильное образование, знание английского.",3460,5,0,0,0
ООО Золотая Жила,7060560352,Работа мечты — 200000 руб/неделю,"Работа мечты! Гибкий график, высокая оплата, без начальников. Требуются люди с 18 лет. Оплата сразу после смены. Подробности в личные сообщения.",Никаких навыков не требуется!,25,38,1,5,1
ООО Золотая Жила,8988942565,Простая работа на дому,Заработок от 100000 рублей в неделю! Никакого опыта не нужно. Обучим бесплатно. Оплата ежедневно. Пишите в WhatsApp. Количество мест ограничено!,"Возраст от 18 лет, наличие телефона.",42,19,1,2,1
ООО Рога и Копыта,8150968832,Набор менеджеров без опыта,Свободная подработка! Оплата ежедневно 2000-5000 руб. Без опыта и вложений. Быстрое оформление. Звоните с 9 до 21. Количество мест ограничено.,Никаких навыков не требуется!,29,33,1,5,1
ООО Работа Мечты,1326509775,Работа с высокой оплатой без опыта,Заработок от 100000 рублей в неделю! Никакого опыта не нужно. Обучим бесплатно. Оплата ежедневно. Пишите в WhatsApp. Количество мест ограничено!,Никаких навыков не требуется!,12,50,1,8,1
ООО Рога и Копыта,5699799070,Простая работа на дому,"Работа мечты! Гибкий график, высокая оплата, без начальников. Требуются люди с 18 лет. Оплата сразу после смены. Подробности в личные сообщения.","Ответственность, желание зарабатывать, без опыта.",31,30,1,2,1
ИП Петров А.А.,7995706076,Подработка для всех,Набор сотрудников для удалённой работы. Оплата 3000 руб за 2 часа. Никаких навыков не требуется. Срочно! Пишите в Telegram. Работа из любой точки мира.,Срочно! Наличие свободного времени.,48,15,1,6,1
ПАО Сбербанк,6480157169,DevOps-инженер,"Присоединяйтесь к команде аналитиков. Требования: SQL, Python, понимание статистики. Обязанности: построение отчётов, анализ метрик, A/B тесты. Условия: официальное трудоустройство, обучение, карьерный рост.","Опыт администрирования Linux, знание сетей, ответственность.",1341,3,0,0,0
ООО МТС,4569392909,Python-разработчик,"Требуется системный администратор. Обязанности: поддержка серверов Linux, настройка сети, резервное копирование. Требования: опыт работы от 2 лет, знание Windows Server, Linux. Условия: полный день, соцпакет.","Высшее образование, опыт работы от 2 лет, аналитическое мышление.",1891,0,0,0,0
ПАО Газпром,1248171758,Product Manager,"Требуется системный администратор. Обязанности: поддержка серверов Linux, настройка сети, резервное копирование. Требования: опыт работы от 2 лет, знание Windows Server, Linux. Условия: полный день, соцпакет.","Опыт от 3 лет, профильное образование, знание английского.",875,2,0,0,0
ООО МТС,6003342349,Backend-разработчик,"Присоединяйтесь к команде аналитиков. Требования: SQL, Python, понимание статистики. Обязанности: построение отчётов, анализ метрик, A/B тесты. Условия: официальное трудоустройство, обучение, карьерный рост.","Опыт работы с Docker, Kubernetes, понимание CI/CD.",3124,1,0,0,0
АО Лаборатория Касперского,3269166978,Аналитик данных,"Ищем опытного специалиста для работы над продуктом. Требования: опыт от 3 лет, знание Python, Django, PostgreSQL. Обязанности: разработка новых модулей, code review, участие в архитектурных решениях. Условия: ДМС, гибкий график, офис в центре.","Опыт от 3 лет, профильное образование, знание английского.",2347,2,0,0,0
ПАО Ростелеком,6468356520,Аналитик данных,"Мы ищем frontend-разработчика с опытом React. Требования: React, TypeScript, Redux, опыт коммерческой разработки от 2 лет. Обязанности: разработка интерфейсов, интеграция с API. Условия: удалёнка, ДМС, оплата по итогам собеседования.","Опыт от 3 лет, профильное образование, знание английского.",3058,5,0,0,0
ООО Яндекс,4976915671,Технический писатель,"Мы ищем frontend-разработчика с опытом React. Требования: React, TypeScript, Redux, опыт коммерческой разработки от 2 лет. Обязанности: разработка интерфейсов, интеграция с API. Условия: удалёнка, ДМС, оплата по итогам собеседования.","Опыт администрирования Linux, знание сетей, ответственность.",2876,5,0,0,0
ООО Золотая Жила,4732653060,"Свободный график, оплата сразу",Свободная подработка! Оплата ежедневно 2000-5000 руб. Без опыта и вложений. Быстрое оформление. Звоните с 9 до 21. Количество мест ограничено.,Без опыта! Обучим всему за 1 день!,46,14,0,10,1
ПАО Газпром,9773477848,Бизнес-аналитик,"Ищем опытного специалиста для работы над продуктом. Требования: опыт от 3 лет, знание Python, Django, PostgreSQL. Обязанности: разработка новых модулей, code review, участие в архитектурных решениях. Условия: ДМС, гибкий график, офис в центре.","Опыт от 3 лет, профильное образование, знание английского.",2401,2,0,0,0
ООО КРОК,7845775909,Backend-разработчик,"Ищем опытного специалиста для работы над продуктом. Требования: опыт от 3 лет, знание Python, Django, PostgreSQL. Обязанности: разработка новых модулей, code review, участие в архитектурных решениях. Условия: ДМС, гибкий график, офис в центре.","Опыт от 3 лет, профильное образование, знание английского.",3350,5,0,0,0
ООО Яндекс,6895529632,Python-разработчик,"Ищем опытного специалиста для работы над продуктом. Требования: опыт от 3 лет, знание Python, Django, PostgreSQL. Обязанности: разработка новых модулей, code review, участие в архитектурных решениях. Условия: ДМС, гибкий график, офис в центре.","Высшее образование, опыт работы от 2 лет, аналитическое мышление.",2456,3,0,0,0
ООО КРОК,9931350300,Аналитик данных,"Ищем DevOps-инженера. Требования: Docker, Kubernetes, CI/CD, опыт работы с облаками. Обязанности: автоматизация деплоя, мониторинг, поддержка инфраструктуры. Условия: удалёнка, оплата 200000-250000 руб.","Опыт администрирования Linux, знание сетей, ответственность.",1664,4,0,0,0
ООО Деньги Сразу,7913119642,"Требуются люди, оплата ежедневно","Работа мечты! Гибкий график, высокая оплата, без начальников. Требуются люди с 18 лет. Оплата сразу после смены. Подробности в личные сообщения.",Срочно! Наличие свободного времени.,45,31,1,7,1
ООО Тинькофф,3332061637,Аналитик данных,"Требуется системный администратор. Обязанности: поддержка серверов Linux, настройка сети, резервное копирование. Требования: опыт работы от 2 лет, знание Windows Server, Linux. Условия: полный день, соцпакет.","Высшее образование, опыт работы от 2 лет, аналитическое мышление.",3549,5,0,0,0
ООО Золотая Жила,2073228360,Заработок из дома 100000 руб/день,"Работа мечты! Гибкий график, высокая оплата, без начальников. Требуются люди с 18 лет. Оплата сразу после смены. Подробности в личные сообщения.",Никаких навыков не требуется!,43,43,1,5,1
ПАО Сбербанк,5721458685,Data Scientist,"Ищем DevOps-инженера. Требования: Docker, Kubernetes, CI/CD, опыт работы с облаками. Обязанности: автоматизация деплоя, мониторинг, поддержка инфраструктуры. Условия: удалёнка, оплата 200000-250000 руб.","Опыт от 3 лет, профильное образование, знание английского.",1039,5,0,0,0
ООО МТС,6979647150,Backend-разработчик,"Ищем опытного специалиста для работы над продуктом. Требования: опыт от 3 лет, знание Python, Django, PostgreSQL. Обязанности: разработка новых модулей, code review, участие в архитектурных решениях. Условия: ДМС, гибкий график, офис в центре.","Опыт работы с Docker, Kubernetes, понимание CI/CD.",2279,5,0,0,0
АО Лаборатория Касперского,6524728630,Frontend-разработчик,"Ищем опытного специалиста для работы над продуктом. Требования: опыт от 3 лет, знание Python, Django, PostgreSQL. Обязанности: разработка новых модулей, code review, участие в архитектурных решениях. Условия: ДМС, гибкий график, офис в центре.","Опыт от 3 лет, профильное образование, знание английского.",1043,1,0,0,0
ПАО Ростелеком,9361340749,DevOps-инженер,"Ищем опытного специалиста для работы над продуктом. Требования: опыт от 3 лет, знание Python, Django, PostgreSQL. Обязанности: разработка новых модулей, code review, участие в архитектурных решениях. Условия: ДМС, гибкий график, офис в центре.","Опыт администрирования Linux, знание сетей, ответственность.",1607,0,0,0,0
ПАО Сбербанк,7136715778,QA-инженер,"Требуется системный администратор. Обязанности: поддержка серверов Linux, настройка сети, резервное копирование. Требования: опыт работы от 2 лет, знание Windows Server, Linux. Условия: полный день, соцпакет.","Высшее образование, опыт работы от 2 лет, аналитическое мышление.",2811,4,0,0,0
ООО Золотая Жила,5244626325,Подработка для всех,"СРОЧНО! Требуются люди для简单 работы. Оплата 5000 руб/день. Без опыта, без вложений. Писать в телеграм @easy_money. Работа из дома, свободный график. Звоните прямо сейчас!",Без опыта! Обучим всему за 1 день!,6,28,1,10,1
ООО Быстрые Деньги,2534332491,Подработка для всех,Набор сотрудников для удалённой работы. Оплата 3000 руб за 2 часа. Никаких навыков не требуется. Срочно! Пишите в Telegram. Работа из любой точки мира.,Без опыта! Обучим всему за 1 день!,41,22,1,9,1
ООО Золотая Жила,8129618033,Подработка для всех,Свободная подработка! Оплата ежедневно 2000-5000 руб. Без опыта и вложений. Быстрое оформление. Звоните с 9 до 21. Количество мест ограничено.,"Возраст от 18 лет, наличие телефона.",9,29,0,8,1
ООО КРОК,2803397406,Product Manager,"Мы ищем frontend-разработчика с опытом React. Требования: React, TypeScript, Redux, опыт коммерческой разработки от 2 лет. Обязанности: разработка интерфейсов, интеграция с API. Условия: удалёнка, ДМС, оплата по итогам собеседования.","Опыт работы с Docker, Kubernetes, понимание CI/CD.",484,5,0,0,0
ООО Тинькофф,8916202232,Менеджер проектов,"Ищем DevOps-инженера. Требования: Docker, Kubernetes, CI/CD, опыт работы с облаками. Обязанности: автоматизация деплоя, мониторинг, поддержка инфраструктуры. Условия: удалёнка, оплата 200000-250000 руб.","Портфолио, опыт коммерческой разработки, знание Git.",879,4,0,0,0
ИП Иванов,4392207152,Заработок из дома 100000 руб/день,Свободная подработка! Оплата ежедневно 2000-5000 руб. Без опыта и вложений. Быстрое оформление. Звоните с 9 до 21. Количество мест ограничено.,"Ответственность, желание зарабатывать, без опыта.",5,16,1,8,1
ПАО Газпром,2702814068,Технический писатель,"Требуется системный администратор. Обязанности: поддержка серверов Linux, настройка сети, резервное копирование. Требования: опыт работы от 2 лет, знание Windows Server, Linux. Условия: полный день, соцпакет.","Портфолио, опыт коммерческой разработки, знание Git.",2709,1,0,0,0
АО ВТБ,5978266128,QA-инженер,"Мы ищем frontend-разработчика с опытом React. Требования: React, TypeScript, Redux, опыт коммерческой разработки от 2 лет. Обязанности: разработка интерфейсов, интеграция с API. Условия: удалёнка, ДМС, оплата по итогам собеседования.","Опыт от 3 лет, профильное образование, знание английского.",2336,3,0,0,0
ПАО Сбербанк,7641605296,Системный администратор,"Ищем DevOps-инженера. Требования: Docker, Kubernetes, CI/CD, опыт работы с облаками. Обязанности: автоматизация деплоя, мониторинг, поддержка инфраструктуры. Условия: удалёнка, оплата 200000-250000 руб.","Опыт администрирования Linux, знание сетей, ответственность.",2064,5,0,0,0
ООО Тинькофф,9703203201,Системный администратор,"Требуется системный администратор. Обязанности: поддержка серверов Linux, настройка сети, резервное копирование. Требования: опыт работы от 2 лет, знание Windows Server, Linux. Условия: полный день, соцпакет.","Высшее образование, опыт работы от 2 лет, аналитическое мышление.",2106,2,0,0,0
ООО Тинькофф,2108099694,DevOps-инженер,"Присоединяйтесь к команде аналитиков. Требования: SQL, Python, понимание статистики. Обязанности: построение отчётов, анализ метрик, A/B тесты. Условия: официальное трудоустройство, обучение, карьерный рост.","Портфолио, опыт коммерческой разработки, знание Git.",1051,0,0,0,0
АО ВТБ,1943882217,Backend-разработчик,"Ищем опытного специалиста для работы над продуктом. Требования: опыт от 3 лет, знание Python, Django, PostgreSQL. Обязанности: разработка новых модулей, code review, участие в архитектурных решениях. Условия: ДМС, гибкий график, офис в центре.","Опыт от 3 лет, профильное образование, знание английского.",589,2,0,0,0
ООО Быстрые Деньги,4012047137,Работа мечты — 200000 руб/неделю,Свободная подработка! Оплата ежедневно 2000-5000 руб. Без опыта и вложений. Быстрое оформление. Звоните с 9 до 21. Количество мест ограничено.,Срочно! Наличие свободного времени.,58,20,1,9,1
ООО Золотая Жила,8236266933,Заработок из дома 100000 руб/день,"СРОЧНО! Требуются люди для简单 работы. Оплата 5000 руб/день. Без опыта, без вложений. Писать в телеграм @easy_money. Работа из дома, свободный график. Звоните прямо сейчас!","Ответственность, желание зарабатывать, без опыта.",53,32,0,5,1
ООО Тинькофф,8754781294,Product Manager,"Мы ищем frontend-разработчика с опытом React. Требования: React, TypeScript, Redux, опыт коммерческой разработки от 2 лет. Обязанности: разработка интерфейсов, интеграция с API. Условия: удалёнка, ДМС, оплата по итогам собеседования.","Опыт администрирования Linux, знание сетей, ответственность.",515,2,0,0,0
АО Альфа-Банк,8007661773,Product Manager,"Ищем DevOps-инженера. Требования: Docker, Kubernetes, CI/CD, опыт работы с облаками. Обязанности: автоматизация деплоя, мониторинг, поддержка инфраструктуры. Условия: удалёнка, оплата 200000-250000 руб.","Портфолио, опыт коммерческой разработки, знание Git.",481,0,0,0,0
ПАО Сбербанк,2173098500,Frontend-разработчик,"Ищем DevOps-инженера. Требования: Docker, Kubernetes, CI/CD, опыт работы с облаками. Обязанности: автоматизация деплоя, мониторинг, поддержка инфраструктуры. Условия: удалёнка, оплата 200000-250000 руб.","Портфолио, опыт коммерческой разработки, знание Git.",1097,2,0,0,0
АО Лаборатория Касперского,6972466570,Менеджер проектов,"Ищем DevOps-инженера. Требования: Docker, Kubernetes, CI/CD, опыт работы с облаками. Обязанности: автоматизация деплоя, мониторинг, поддержка инфраструктуры. Условия: удалёнка, оплата 200000-250000 руб.","Высшее образование, опыт работы от 2 лет, аналитическое мышление.",3455,1,0,0,0
АО Лаборатория Касперского,6962923309,Аналитик данных,"Присоединяйтесь к команде аналитиков. Требования: SQL, Python, понимание статистики. Обязанности: построение отчётов, анализ метрик, A/B тесты. Условия: официальное трудоустройство, обучение, карьерный рост.","Высшее образование, опыт работы от 2 лет, аналитическое мышление.",2515,2,0,0,0
ООО Лёгкий Заработок,1903267149,Заработок из дома 100000 руб/день,"СРОЧНО! Требуются люди для简单 работы. Оплата 5000 руб/день. Без опыта, без вложений. Писать в телеграм @easy_money. Работа из дома, свободный график. Звоните прямо сейчас!",Срочно! Наличие свободного времени.,18,49,1,3,1
ИП Иванов,6749885582,Заработок из дома 100000 руб/день,Набор сотрудников для удалённой работы. Оплата 3000 руб за 2 часа. Никаких навыков не требуется. Срочно! Пишите в Telegram. Работа из любой точки мира.,"Возраст от 18 лет, наличие телефона.",42,47,1,6,1
ПАО Ростелеком,1551076209,Product Manager,"Требуется системный администратор. Обязанности: поддержка серверов Linux, настройка сети, резервное копирование. Требования: опыт работы от 2 лет, знание Windows Server, Linux. Условия: полный день, соцпакет.","Опыт администрирования Linux, знание сетей, ответственность.",2645,0,0,0,0
ООО Тинькофф,6429618444,Бизнес-аналитик,"Ищем DevOps-инженера. Требования: Docker, Kubernetes, CI/CD, опыт работы с облаками. Обязанности: автоматизация деплоя, мониторинг, поддержка инфраструктуры. Условия: удалёнка, оплата 200000-250000 руб.","Высшее образование, опыт работы от 2 лет, аналитическое мышление.",1743,5,0,0,0
ООО Золотая Жила,5615626244,Срочно! Набор сотрудников,Набор сотрудников для удалённой работы. Оплата 3000 руб за 2 часа. Никаких навыков не требуется. Срочно! Пишите в Telegram. Работа из любой точки мира.,Никаких навыков не требуется!,24,40,0,6,1
ПАО Газпром,7517773923,Технический писатель,"Ищем опытного специалиста для работы над продуктом. Требования: опыт от 3 лет, знание Python, Django, PostgreSQL. Обязанности: разработка новых модулей, code review, участие в архитектурных решениях. Условия: ДМС, гибкий график, офис в центре.","Высшее образование, опыт работы от 2 лет, аналитическое мышление.",2831,3,0,0,0
ИП Иванов,1281237106,Заработок из дома 100000 руб/день,Набор сотрудников для удалённой работы. Оплата 3000 руб за 2 часа. Никаких навыков не требуется. Срочно! Пишите в Telegram. Работа из любой точки мира.,Без опыта! Обучим всему за 1 день!,31,20,1,10,1
АО ВТБ,9122595721,Системный администратор,"Ищем DevOps-инженера. Требования: Docker, Kubernetes, CI/CD, опыт работы с облаками. Обязанности: автоматизация деплоя, мониторинг, поддержка инфраструктуры. Условия: удалёнка, оплата 200000-250000 руб.","Опыт администрирования Linux, знание сетей, ответственность.",1320,5,0,0,0
ООО 1С,2371504168,Бизнес-аналитик,"Присоединяйтесь к команде аналитиков. Требования: SQL, Python, понимание статистики. Обязанности: построение отчётов, анализ метрик, A/B тесты. Условия: официальное трудоустройство, обучение, карьерный рост.","Опыт администрирования Linux, знание сетей, ответственность.",1710,4,0,0,0
ООО Быстрые Деньги,1586950732,Подработка для всех,Свободная подработка! Оплата ежедневно 2000-5000 руб. Без опыта и вложений. Быстрое оформление. Звоните с 9 до 21. Количество мест ограничено.,Без опыта! Обучим всему за 1 день!,6,29,1,8,1
ООО Деньги Сразу,2362483550,Простая работа на дому,Свободная подработка! Оплата ежедневно 2000-5000 руб. Без опыта и вложений. Быстрое оформление. Звоните с 9 до 21. Количество мест ограничено.,Никаких навыков не требуется!,23,29,0,8,1
ИП Петров А.А.,7437490609,Работа мечты — 200000 руб/неделю,"СРОЧНО! Требуются люди для简单 работы. Оплата 5000 руб/день. Без опыта, без вложений. Писать в телеграм @easy_money. Работа из дома, свободный график. Звоните прямо сейчас!","Ответственность, желание зарабатывать, без опыта.",44,38,0,5,1
ООО Яндекс,7371539882,Product Manager,"Присоединяйтесь к команде аналитиков. Требования: SQL, Python, понимание статистики. Обязанности: построение отчётов, анализ метрик, A/B тесты. Условия: официальное трудоустройство, обучение, карьерный рост.","Опыт администрирования Linux, знание сетей, ответственность.",1463,2,0,0,0
ООО МТС,4039752458,Менеджер проектов,"Присоединяйтесь к команде аналитиков. Требования: SQL, Python, понимание статистики. Обязанности: построение отчётов, анализ метрик, A/B тесты. Условия: официальное трудоустройство, обучение, карьерный рост.","Опыт администрирования Linux, знание сетей, ответственность.",2816,0,0,0,0
ООО Skillbox,3460953960,DevOps-инженер,"Ищем DevOps-инженера. Требования: Docker, Kubernetes, CI/CD, опыт работы с облаками. Обязанности: автоматизация деплоя, мониторинг, поддержка инфраструктуры. Условия: удалёнка, оплата 200000-250000 руб.","Высшее образование, опыт работы от 2 лет, аналитическое мышление.",947,5,0,0,0
ООО 1С,9106200341,QA-инженер,"Требуется системный администратор. Обязанности: поддержка серверов Linux, настройка сети, резервное копирование. Требования: опыт работы от 2 лет, знание Windows Server, Linux. Условия: полный день, соцпакет.","Опыт от 3 лет, профильное образование, знание английского.",3252,1,0,0,0
ИП Петров А.А.,8203195419,"Требуются люди, оплата ежедневно",Набор сотрудников для удалённой работы. Оплата 3000 руб за 2 часа. Никаких навыков не требуется. Срочно! Пишите в Telegram. Работа из любой точки мира.,Никаких навыков не требуется!,57,36,1,8,1
ООО Тинькофф,9849696539,QA-инженер,"Присоединяйтесь к команде аналитиков. Требования: SQL, Python, понимание статистики. Обязанности: построение отчётов, анализ метрик, A/B тесты. Условия: официальное трудоустройство, обучение, карьерный рост.","Высшее образование, опыт работы от 2 лет, аналитическое мышление.",746,4,0,0,0
ООО Быстрые Деньги,5787688687,Работа с высокой оплатой без опыта,"СРОЧНО! Требуются люди для简单 работы. Оплата 5000 руб/день. Без опыта, без вложений. Писать в телеграм @easy_money. Работа из дома, свободный график. Звоните прямо сейчас!","Ответственность, желание зарабатывать, без опыта.",41,43,1,8,1
ПАО Газпром,8208496495,Системный администратор,"Мы ищем frontend-разработчика с опытом React. Требования: React, TypeScript, Redux, опыт коммерческой разработки от 2 лет. Обязанности: разработка интерфейсов, интеграция с API. Условия: удалёнка, ДМС, оплата по итогам собеседования.","Опыт от 3 лет, профильное образование, знание английского.",3566,5,0,0,0
ООО 1С,5117393480,Технический писатель,"Ищем DevOps-инженера. Требования: Docker, Kubernetes, CI/CD, опыт работы с облаками. Обязанности: автоматизация деплоя, мониторинг, поддержка инфраструктуры. Условия: удалёнка, оплата 200000-250000 руб.","Опыт от 3 лет, профильное образование, знание английского.",1006,2,0,0,0
ИП Иванов,2511455129,Срочно! Набор сотрудников,Свободная подработка! Оплата ежедневно 2000-5000 руб. Без опыта и вложений. Быстрое оформление. Звоните с 9 до 21. Количество мест ограничено.,Срочно! Наличие свободного времени.,13,47,0,5,1
ООО Skillbox,9210099680,Системный администратор,"Ищем опытного специалиста для работы над продуктом. Требования: опыт от 3 лет, знание Python, Django, PostgreSQL. Обязанности: разработка новых модулей, code review, участие в архитектурных решениях. Условия: ДМС, гибкий график, офис в центре.","Опыт работы с Docker, Kubernetes, понимание CI/CD.",2422,0,0,0,0
ООО КРОК,1685389098,Python-разработчик,"Ищем DevOps-инженера. Требования: Docker, Kubernetes, CI/CD, опыт работы с облаками. Обязанности: автоматизация деплоя, мониторинг, поддержка инфраструктуры. Условия: удалёнка, оплата 200000-250000 руб.","Высшее образование, опыт работы от 2 лет, аналитическое мышление.",2017,1,0,0,0
АО Альфа-Банк,6562053361,Бизнес-аналитик,"Присоединяйтесь к команде аналитиков. Требования: SQL, Python, понимание статистики. Обязанности: построение отчётов, анализ метрик, A/B тесты. Условия: официальное трудоустройство, обучение, карьерный рост.","Опыт работы с Docker, Kubernetes, понимание CI/CD.",1313,2,0,0,0
ООО Яндекс,6094801413,Системный администратор,"Ищем DevOps-инженера. Требования: Docker, Kubernetes, CI/CD, опыт работы с облаками. Обязанности: автоматизация деплоя, мониторинг, поддержка инфраструктуры. Условия: удалёнка, оплата 200000-250000 руб.","Опыт администрирования Linux, знание сетей, ответственность.",1064,4,0,0,0
ИП Сидоров,4187510974,Заработок из дома 100000 руб/день,"СРОЧНО! Требуются люди для简单 работы. Оплата 5000 руб/день. Без опыта, без вложений. Писать в телеграм @easy_money. Работа из дома, свободный график. Звоните прямо сейчас!","Возраст от 18 лет, наличие телефона.",38,20,0,7,1
АО ВТБ,8694591962,Технический писатель,"Требуется системный администратор. Обязанности: поддержка серверов Linux, настройка сети, резервное копирование. Требования: опыт работы от 2 лет, знание Windows Server, Linux. Условия: полный день, соцпакет.","Опыт администрирования Linux, знание сетей, ответственность.",1938,1,0,0,0
ПАО Ростелеком,7498931956,DevOps-инженер,"Ищем опытного специалиста для работы над продуктом. Требования: опыт от 3 лет, знание Python, Django, PostgreSQL. Обязанности: разработка новых модулей, code review, участие в архитектурных решениях. Условия: ДМС, гибкий график, офис в центре.","Портфолио, опыт коммерческой разработки, знание Git.",3193,0,0,0,0
ООО 1С,8766575465,Бизнес-аналитик,"Мы ищем frontend-разработчика с опытом React. Требования: React, TypeScript, Redux, опыт коммерческой разработки от 2 лет. Обязанности: разработка интерфейсов, интеграция с API. Условия: удалёнка, ДМС, оплата по итогам собеседования.","Опыт администрирования Linux, знание сетей, ответственность.",281,1,0,0,0
ООО МТС,3256053134,Аналитик данных,"Требуется системный администратор. Обязанности: поддержка серверов Linux, настройка сети, резервное копирование. Требования: опыт работы от 2 лет, знание Windows Server, Linux. Условия: полный день, соцпакет.","Опыт администрирования Linux, знание сетей, ответственность.",1346,0,0,0,0
АО Альфа-Банк,2183727429,Backend-разработчик,"Требуется системный администратор. Обязанности: поддержка серверов Linux, настройка сети, резервное копирование. Требования: опыт работы от 2 лет, знание Windows Server, Linux. Условия: полный день, соцпакет.","Опыт администрирования Linux, знание сетей, ответственность.",878,0,0,0,0
ПАО Ростелеком,7727578446,Технический писатель,"Присоединяйтесь к команде аналитиков. Требования: SQL, Python, понимание статистики. Обязанности: построение отчётов, анализ метрик, A/B тесты. Условия: официальное трудоустройство, обучение, карьерный рост.","Опыт работы с Docker, Kubernetes, понимание CI/CD.",1932,4,0,0,0
ООО Яндекс,2199867982,Python-разработчик,"Мы ищем frontend-разработчика с опытом React. Требования: React, TypeScript, Redux, опыт коммерческой разработки от 2 лет. Обязанности: разработка интерфейсов, интеграция с API. Условия: удалёнка, ДМС, оплата по итогам собеседования.","Портфолио, опыт коммерческой разработки, знание Git.",3423,5,0,0,0
АО Альфа-Банк,6045547813,Data Scientist,"Мы ищем frontend-разработчика с опытом React. Требования: React, TypeScript, Redux, опыт коммерческой разработки от 2 лет. Обязанности: разработка интерфейсов, интеграция с API. Условия: удалёнка, ДМС, оплата по итогам собеседования.","Опыт администрирования Linux, знание сетей, ответственность.",1063,5,0,0,0
ПАО Ростелеком,7582710916,Системный администратор,"Присоединяйтесь к команде аналитиков. Требования: SQL, Python, понимание статистики. Обязанности: построение отчётов, анализ метрик, A/B тесты. Условия: официальное трудоустройство, обучение, карьерный рост.","Опыт администрирования Linux, знание сетей, ответственность.",236,2,0,0,0
ООО Рога и Копыта,5641978576,Подработка для всех,Набор сотрудников для удалённой работы. Оплата 3000 руб за 2 часа. Никаких навыков не требуется. Срочно! Пишите в Telegram. Работа из любой точки мира.,"Ответственность, желание зарабатывать, без опыта.",45,31,1,7,1
ИП Сидоров,9963406796,Подработка для всех,Свободная подработка! Оплата ежедневно 2000-5000 руб. Без опыта и вложений. Быстрое оформление. Звоните с 9 до 21. Количество мест ограничено.,Срочно! Наличие свободного времени.,6,40,1,8,1
ООО Skillbox,8828064791,DevOps-инженер,"Ищем DevOps-инженера. Требования: Docker, Kubernetes, CI/CD, опыт работы с облаками. Обязанности: автоматизация деплоя, мониторинг, поддержка инфраструктуры. Условия: удалёнка, оплата 200000-250000 руб.","Опыт администрирования Linux, знание сетей, ответственность.",1727,4,0,0,0
ООО МТС,3639343624,Технический писатель,"Требуется системный администратор. Обязанности: поддержка серверов Linux, настройка сети, резервное копирование. Требования: опыт работы от 2 лет, знание Windows Server, Linux. Условия: полный день, соцпакет.","Опыт администрирования Linux, знание сетей, ответственность.",1853,1,0,0,0
АО ВТБ,9698864972,Backend-разработчик,"Ищем опытного специалиста для работы над продуктом. Требования: опыт от 3 лет, знание Python, Django, PostgreSQL. Обязанности: разработка новых модулей, code review, участие в архитектурных решениях. Условия: ДМС, гибкий график, офис в центре.","Портфолио, опыт коммерческой разработки, знание Git.",2786,3,0,0,0
ООО Тинькофф,4899940430,Менеджер проектов,"Мы ищем frontend-разработчика с опытом React. Требования: React, TypeScript, Redux, опыт коммерческой разработки от 2 лет. Обязанности: разработка интерфейсов, интеграция с API. Условия: удалёнка, ДМС, оплата по итогам собеседования.","Опыт от 3 лет, профильное образование, знание английского.",2300,4,0,0,0
ООО Быстрые Деньги,6786718153,Заработок из дома 100000 руб/день,Набор сотрудников для удалённой работы. Оплата 3000 руб за 2 часа. Никаких навыков не требуется. Срочно! Пишите в Telegram. Работа из любой точки мира.,Никаких навыков не требуется!,23,19,0,9,1
АО Альфа-Банк,6716176888,QA-инженер,"Ищем DevOps-инженера. Требования: Docker, Kubernetes, CI/CD, опыт работы с облаками. Обязанности: автоматизация деплоя, мониторинг, поддержка инфраструктуры. Условия: удалёнка, оплата 200000-250000 руб.","Портфолио, опыт коммерческой разработки, знание Git.",3419,0,0,0,0
ИП Петров А.А.,6372603218,Подработка для всех,Набор сотрудников для удалённой работы. Оплата 3000 руб за 2 часа. Никаких навыков не требуется. Срочно! Пишите в Telegram. Работа из любой точки мира.,"Ответственность, желание зарабатывать, без опыта.",18,33,0,7,1
ИП Иванов,8922341034,Заработок из дома 100000 руб/день,Заработок от 100000 рублей в неделю! Никакого опыта не нужно. Обучим бесплатно. Оплата ежедневно. Пишите в WhatsApp. Количество мест ограничено!,"Ответственность, желание зарабатывать, без опыта.",27,47,1,8,1
ПАО Газпром,2372138651,Системный администратор,"Требуется системный администратор. Обязанности: поддержка серверов Linux, настройка сети, резервное копирование. Требования: опыт работы от 2 лет, знание Windows Server, Linux. Условия: полный день, соцпакет.","Высшее образование, опыт работы от 2 лет, аналитическое мышление.",3460,4,0,0,0
ООО 1С,1801006239,Backend-разработчик,"Присоединяйтесь к команде аналитиков. Требования: SQL, Python, понимание статистики. Обязанности: построение отчётов, анализ метрик, A/B тесты. Условия: официальное трудоустройство, обучение, карьерный рост.","Опыт работы с Docker, Kubernetes, понимание CI/CD.",458,5,0,0,0
АО ВТБ,7527354350,Бизнес-аналитик,"Требуется системный администратор. Обязанности: поддержка серверов Linux, настройка сети, резервное копирование. Требования: опыт работы от 2 лет, знание Windows Server, Linux. Условия: полный день, соцпакет.","Высшее образование, опыт работы от 2 лет, аналитическое мышление.",701,0,0,0,0
ООО Золотая Жила,2840908051,Набор менеджеров без опыта,"СРОЧНО! Требуются люди для简单 работы. Оплата 5000 руб/день. Без опыта, без вложений. Писать в телеграм @easy_money. Работа из дома, свободный график. Звоните прямо сейчас!","Возраст от 18 лет, наличие телефона.",10,10,1,2,1
ИП Петров А.А.,5281793406,Срочно! Набор сотрудников,"СРОЧНО! Требуются люди для简单 работы. Оплата 5000 руб/день. Без опыта, без вложений. Писать в телеграм @easy_money. Работа из дома, свободный график. Звоните прямо сейчас!","Ответственность, желание зарабатывать, без опыта.",54,31,1,4,1
ИП Сидоров,9688002300,Набор менеджеров без опыта,Набор сотрудников для удалённой работы. Оплата 3000 руб за 2 часа. Никаких навыков не требуется. Срочно! Пишите в Telegram. Работа из любой точки мира.,Без опыта! Обучим всему за 1 день!,37,16,1,8,1
ООО 1С,4408487290,Frontend-разработчик,"Требуется системный администратор. Обязанности: поддержка серверов Linux, настройка сети, резервное копирование. Требования: опыт работы от 2 лет, знание Windows Server, Linux. Условия: полный день, соцпакет.","Опыт от 3 лет, профильное образование, знание английского.",2188,5,0,0,0
ИП Петров А.А.,8411767412,Работа мечты — 200000 руб/неделю,Набор сотрудников для удалённой работы. Оплата 3000 руб за 2 часа. Никаких навыков не требуется. Срочно! Пишите в Telegram. Работа из любой точки мира.,Срочно! Наличие свободного времени.,17,17,1,3,1
АО Альфа-Банк,6869380680,Product Manager,"Ищем опытного специалиста для работы над продуктом. Требования: опыт от 3 лет, знание Python, Django, PostgreSQL. Обязанности: разработка новых модулей, code review, участие в архитектурных решениях. Условия: ДМС, гибкий график, офис в центре.","Опыт от 3 лет, профильное образование, знание английского.",1894,4,0,0,0
ПАО Сбербанк,7764722987,Технический писатель,"Мы ищем frontend-разработчика с опытом React. Требования: React, TypeScript, Redux, опыт коммерческой разработки от 2 лет. Обязанности: разработка интерфейсов, интеграция с API. Условия: удалёнка, ДМС, оплата по итогам собеседования.","Опыт администрирования Linux, знание сетей, ответственность.",523,1,0,0,0
ИП Иванов,2006876164,Набор менеджеров без опыта,Заработок от 100000 рублей в неделю! Никакого опыта не нужно. Обучим бесплатно. Оплата ежедневно. Пишите в WhatsApp. Количество мест ограничено!,Никаких навыков не требуется!,56,44,0,10,1
АО Лаборатория Касперского,8136657221,Python-разработчик,"Требуется системный администратор. Обязанности: поддержка серверов Linux, настройка сети, резервное копирование. Требования: опыт работы от 2 лет, знание Windows Server, Linux. Условия: полный день, соцпакет.","Опыт от 3 лет, профильное образование, знание английского.",1403,0,0,0,0
ООО Тинькофф,9835523127,Аналитик данных,"Ищем DevOps-инженера. Требования: Docker, Kubernetes, CI/CD, опыт работы с облаками. Обязанности: автоматизация деплоя, мониторинг, поддержка инфраструктуры. Условия: удалёнка, оплата 200000-250000 руб.","Опыт от 3 лет, профильное образование, знание английского.",1228,1,0,0,0
ООО 1С,2783332119,Backend-разработчик,"Присоединяйтесь к команде аналитиков. Требования: SQL, Python, понимание статистики. Обязанности: построение отчётов, анализ метрик, A/B тесты. Условия: официальное трудоустройство, обучение, карьерный рост.","Опыт администрирования Linux, знание сетей, ответственность.",1961,5,0,0,0
ИП Сидоров,5164485959,Срочно! Набор сотрудников,Свободная подработка! Оплата ежедневно 2000-5000 руб. Без опыта и вложений. Быстрое оформление. Звоните с 9 до 21. Количество мест ограничено.,"Ответственность, желание зарабатывать, без опыта.",41,20,0,6,1
ООО 1С,1376137914,Менеджер проектов,"Требуется системный администратор. Обязанности: поддержка серверов Linux, настройка сети, резервное копирование. Требования: опыт работы от 2 лет, знание Windows Server, Linux. Условия: полный день, соцпакет.","Портфолио, опыт коммерческой разработки, знание Git.",2343,0,0,0,0
ИП Сидоров,1228403595,Набор менеджеров без опыта,Набор сотрудников для удалённой работы. Оплата 3000 руб за 2 часа. Никаких навыков не требуется. Срочно! Пишите в Telegram. Работа из любой точки мира.,"Возраст от 18 лет, наличие телефона.",45,28,1,4,1
ИП Сидоров,9620448515,Работа с высокой оплатой без опыта,"Работа мечты! Гибкий график, высокая оплата, без начальников. Требуются люди с 18 лет. Оплата сразу после смены. Подробности в личные сообщения.",Срочно! Наличие свободного времени.,29,46,1,3,1
АО Альфа-Банк,6208507697,Аналитик данных,"Мы ищем frontend-разработчика с опытом React. Требования: React, TypeScript, Redux, опыт коммерческой разработки от 2 лет. Обязанности: разработка интерфейсов, интеграция с API. Условия: удалёнка, ДМС, оплата по итогам собеседования.","Опыт от 3 лет, профильное образование, знание английского.",2288,3,0,0,0
АО Альфа-Банк,7691251772,Технический писатель,"Требуется системный администратор. Обязанности: поддержка серверов Linux, настройка сети, резервное копирование. Требования: опыт работы от 2 лет, знание Windows Server, Linux. Условия: полный день, соцпакет.","Опыт работы с Docker, Kubernetes, понимание CI/CD.",2965,4,0,0,0
АО Альфа-Банк,1599293787,Технический писатель,"Мы ищем frontend-разработчика с опытом React. Требования: React, TypeScript, Redux, опыт коммерческой разработки от 2 лет. Обязанности: разработка интерфейсов, интеграция с API. Условия: удалёнка, ДМС, оплата по итогам собеседования.","Опыт работы с Docker, Kubernetes, понимание CI/CD.",1445,1,0,0,0
ПАО Газпром,5901495421,QA-инженер,"Мы ищем frontend-разработчика с опытом React. Требования: React, TypeScript, Redux, опыт коммерческой разработки от 2 лет. Обязанности: разработка интерфейсов, интеграция с API. Условия: удалёнка, ДМС, оплата по итогам собеседования.","Портфолио, опыт коммерческой разработки, знание Git.",1997,3,0,0,0
АО Альфа-Банк,8744197548,Технический писатель,"Ищем DevOps-инженера. Требования: Docker, Kubernetes, CI/CD, опыт работы с облаками. Обязанности: автоматизация деплоя, мониторинг, поддержка инфраструктуры. Условия: удалёнка, оплата 200000-250000 руб.","Высшее образование, опыт работы от 2 лет, аналитическое мышление.",1782,3,0,0,0
АО ВТБ,4433339520,Backend-разработчик,"Присоединяйтесь к команде аналитиков. Требования: SQL, Python, понимание статистики. Обязанности: построение отчётов, анализ метрик, A/B тесты. Условия: официальное трудоустройство, обучение, карьерный рост.","Высшее образование, опыт работы от 2 лет, аналитическое мышление.",3370,0,0,0,0
ИП Сидоров,7663093299,Срочно! Набор сотрудников,"СРОЧНО! Требуются люди для简单 работы. Оплата 5000 руб/день. Без опыта, без вложений. Писать в телеграм @easy_money. Работа из дома, свободный график. Звоните прямо сейчас!","Ответственность, желание зарабатывать, без опыта.",32,15,1,8,1
ООО МТС,6289611220,Backend-разработчик,"Присоединяйтесь к команде аналитиков. Требования: SQL, Python, понимание статистики. Обязанности: построение отчётов, анализ метрик, A/B тесты. Условия: официальное трудоустройство, обучение, карьерный рост.","Портфолио, опыт коммерческой разработки, знание Git.",3435,1,0,0,0
ООО Яндекс,7139060488,Системный администратор,"Мы ищем frontend-разработчика с опытом React. Требования: React, TypeScript, Redux, опыт коммерческой разработки от 2 лет. Обязанности: разработка интерфейсов, интеграция с API. Условия: удалёнка, ДМС, оплата по итогам собеседования.","Опыт администрирования Linux, знание сетей, ответственность.",348,2,0,0,0
ООО МТС,8393852586,Product Manager,"Ищем DevOps-инженера. Требования: Docker, Kubernetes, CI/CD, опыт работы с облаками. Обязанности: автоматизация деплоя, мониторинг, поддержка инфраструктуры. Условия: удалёнка, оплата 200000-250000 руб.","Опыт администрирования Linux, знание сетей, ответственность.",223,5,0,0,0
ИП Петров А.А.,4613285072,Простая работа на дому,"СРОЧНО! Требуются люди для简单 работы. Оплата 5000 руб/день. Без опыта, без вложений. Писать в телеграм @easy_money. Работа из дома, свободный график. Звоните прямо сейчас!",Никаких навыков не требуется!,22,16,1,10,1
ПАО Сбербанк,4195256908,Аналитик данных,"Ищем опытного специалиста для работы над продуктом. Требования: опыт от 3 лет, знание Python, Django, PostgreSQL. Обязанности: разработка новых модулей, code review, участие в архитектурных решениях. Условия: ДМС, гибкий график, офис в центре.","Портфолио, опыт коммерческой разработки, знание Git.",1453,0,0,0,0
ПАО Ростелеком,1770461179,Системный администратор,"Присоединяйтесь к команде аналитиков. Требования: SQL, Python, понимание статистики. Обязанности: построение отчётов, анализ метрик, A/B тесты. Условия: официальное трудоустройство, обучение, карьерный рост.","Высшее образование, опыт работы от 2 лет, аналитическое мышление.",880,4,0,0,0
ООО Яндекс,4917251355,Frontend-разработчик,"Ищем DevOps-инженера. Требования: Docker, Kubernetes, CI/CD, опыт работы с облаками. Обязанности: автоматизация деплоя, мониторинг, поддержка инфраструктуры. Условия: удалёнка, оплата 200000-250000 руб.","Портфолио, опыт коммерческой разработки, знание Git.",1488,1,0,0,0
АО Альфа-Банк,8642086567,Технический писатель,"Ищем опытного специалиста для работы над продуктом. Требования: опыт от 3 лет, знание Python, Django, PostgreSQL. Обязанности: разработка новых модулей, code review, участие в архитектурных решениях. Условия: ДМС, гибкий график, офис в центре.","Высшее образование, опыт работы от 2 лет, аналитическое мышление.",2956,3,0,0,0
ПАО Ростелеком,2204618720,Backend-разработчик,"Ищем опытного специалиста для работы над продуктом. Требования: опыт от 3 лет, знание Python, Django, PostgreSQL. Обязанности: разработка новых модулей, code review, участие в архитектурных решениях. Условия: ДМС, гибкий график, офис в центре.","Портфолио, опыт коммерческой разработки, знание Git.",967,2,0,0,0
ПАО Газпром,7887258878,QA-инженер,"Требуется системный администратор. Обязанности: поддержка серверов Linux, настройка сети, резервное копирование. Требования: опыт работы от 2 лет, знание Windows Server, Linux. Условия: полный день, соцпакет.","Высшее образование, опыт работы от 2 лет, аналитическое мышление.",1219,2,0,0,0
ООО Яндекс,1489964231,Бизнес-аналитик,"Присоединяйтесь к команде аналитиков. Требования: SQL, Python, понимание статистики. Обязанности: построение отчётов, анализ метрик, A/B тесты. Условия: официальное трудоустройство, обучение, карьерный рост.","Высшее образование, опыт работы от 2 лет, аналитическое мышление.",1531,1,0,0,0
ООО Деньги Сразу,6014257627,"Свободный график, оплата сразу",Свободная подработка! Оплата ежедневно 2000-5000 руб. Без опыта и вложений. Быстрое оформление. Звоните с 9 до 21. Количество мест ограничено.,Никаких навыков не требуется!,0,19,0,4,1
ООО Деньги Сразу,3705877220,Простая работа на дому,Набор сотрудников для удалённой работы. Оплата 3000 руб за 2 часа. Никаких навыков не требуется. Срочно! Пишите в Telegram. Работа из любой точки мира.,Без опыта! Обучим всему за 1 день!,4,37,1,6,1
АО ВТБ,5310690339,Backend-разработчик,"Мы ищем frontend-разработчика с опытом React. Требования: React, TypeScript, Redux, опыт коммерческой разработки от 2 лет. Обязанности: разработка интерфейсов, интеграция с API. Условия: удалёнка, ДМС, оплата по итогам собеседования.","Высшее образование, опыт работы от 2 лет, аналитическое мышление.",455,0,0,0,0
ООО МТС,7765277584,Аналитик данных,"Мы ищем frontend-разработчика с опытом React. Требования: React, TypeScript, Redux, опыт коммерческой разработки от 2 лет. Обязанности: разработка интерфейсов, интеграция с API. Условия: удалёнка, ДМС, оплата по итогам собеседования.","Опыт администрирования Linux, знание сетей, ответственность.",1272,0,0,0,0
ПАО Сбербанк,6698169349,Бизнес-аналитик,"Требуется системный администратор. Обязанности: поддержка серверов Linux, настройка сети, резервное копирование. Требования: опыт работы от 2 лет, знание Windows Server, Linux. Условия: полный день, соцпакет.","Портфолио, опыт коммерческой разработки, знание Git.",361,5,0,0,0
ИП Петров А.А.,8397396417,Набор менеджеров без опыта,"СРОЧНО! Требуются люди для简单 работы. Оплата 5000 руб/день. Без опыта, без вложений. Писать в телеграм @easy_money. Работа из дома, свободный график. Звоните прямо сейчас!",Без опыта! Обучим всему за 1 день!,35,48,1,8,1
ООО Skillbox,9814761748,Менеджер проектов,"Присоединяйтесь к команде аналитиков. Требования: SQL, Python, понимание статистики. Обязанности: построение отчётов, анализ метрик, A/B тесты. Условия: официальное трудоустройство, обучение, карьерный рост.","Опыт администрирования Linux, знание сетей, ответственность.",788,1,0,0,0
ООО Skillbox,3151826066,Технический писатель,"Требуется системный администратор. Обязанности: поддержка серверов Linux, настройка сети, резервное копирование. Требования: опыт работы от 2 лет, знание Windows Server, Linux. Условия: полный день, соцпакет.","Портфолио, опыт коммерческой разработки, знание Git.",2457,4,0,0,0
ООО Золотая Жила,9856669543,"Свободный график, оплата сразу",Набор сотрудников для удалённой работы. Оплата 3000 руб за 2 часа. Никаких навыков не требуется. Срочно! Пишите в Telegram. Работа из любой точки мира.,Никаких навыков не требуется!,5,25,0,9,1
ПАО Ростелеком,9218274486,Системный администратор,"Требуется системный администратор. Обязанности: поддержка серверов Linux, настройка сети, резервное копирование. Требования: опыт работы от 2 лет, знание Windows Server, Linux. Условия: полный день, соцпакет.","Портфолио, опыт коммерческой разработки, знание Git.",1683,3,0,0,0
ООО КРОК,8780529245,Технический писатель,"Требуется системный администратор. Обязанности: поддержка серверов Linux, настройка сети, резервное копирование. Требования: опыт работы от 2 лет, знание Windows Server, Linux. Условия: полный день, соцпакет.","Высшее образование, опыт работы от 2 лет, аналитическое мышление.",3202,0,0,0,0
АО Лаборатория Касперского,6455884509,Product Manager,"Ищем опытного специалиста для работы над продуктом. Требования: опыт от 3 лет, знание Python, Django, PostgreSQL. Обязанности: разработка новых модулей, code review, участие в архитектурных решениях. Условия: ДМС, гибкий график, офис в центре.","Опыт администрирования Linux, знание сетей, ответственность.",1866,0,0,0,0
ООО Работа Мечты,5364538044,Простая работа на дому,Свободная подработка! Оплата ежедневно 2000-5000 руб. Без опыта и вложений. Быстрое оформление. Звоните с 9 до 21. Количество мест ограничено.,"Ответственность, желание зарабатывать, без опыта.",48,20,0,2,1
ПАО Газпром,4030705340,Python-разработчик,"Присоединяйтесь к команде аналитиков. Требования: SQL, Python, понимание статистики. Обязанности: построение отчётов, анализ метрик, A/B тесты. Условия: официальное трудоустройство, обучение, карьерный рост.","Высшее образование, опыт работы от 2 лет, аналитическое мышление.",1688,3,0,0,0
ПАО Ростелеком,6685574445,Backend-разработчик,"Ищем DevOps-инженера. Требования: Docker, Kubernetes, CI/CD, опыт работы с облаками. Обязанности: автоматизация деплоя, мониторинг, поддержка инфраструктуры. Условия: удалёнка, оплата 200000-250000 руб.","Опыт работы с Docker, Kubernetes, понимание CI/CD.",1124,0,0,0,0
ИП Иванов,2901707568,Набор менеджеров без опыта,"Работа мечты! Гибкий график, высокая оплата, без начальников. Требуются люди с 18 лет. Оплата сразу после смены. Подробности в личные сообщения.",Без опыта! Обучим всему за 1 день!,6,26,0,10,1
ООО Яндекс,3879508301,Менеджер проектов,"Ищем опытного специалиста для работы над продуктом. Требования: опыт от 3 лет, знание Python, Django, PostgreSQL. Обязанности: разработка новых модулей, code review, участие в архитектурных решениях. Условия: ДМС, гибкий график, офис в центре.","Опыт от 3 лет, профильное образование, знание английского.",3106,2,0,0,0
ПАО Ростелеком,7504773588,Бизнес-аналитик,"Ищем DevOps-инженера. Требования: Docker, Kubernetes, CI/CD, опыт работы с облаками. Обязанности: автоматизация деплоя, мониторинг, поддержка инфраструктуры. Условия: удалёнка, оплата 200000-250000 руб.","Опыт работы с Docker, Kubernetes, понимание CI/CD.",1717,3,0,0,0
ПАО Ростелеком,3597927030,Бизнес-аналитик,"Ищем опытного специалиста для работы над продуктом. Требования: опыт от 3 лет, знание Python, Django, PostgreSQL. Обязанности: разработка новых модулей, code review, участие в архитектурных решениях. Условия: ДМС, гибкий график, офис в центре.","Портфолио, опыт коммерческой разработки, знание Git.",997,5,0,0,0
ООО 1С,5394353538,DevOps-инженер,"Требуется системный администратор. Обязанности: поддержка серверов Linux, настройка сети, резервное копирование. Требования: опыт работы от 2 лет, знание Windows Server, Linux. Условия: полный день, соцпакет.","Портфолио, опыт коммерческой разработки, знание Git.",2047,2,0,0,0
ООО Работа Мечты,4593744037,Заработок из дома 100000 руб/день,Набор сотрудников для удалённой работы. Оплата 3000 руб за 2 часа. Никаких навыков не требуется. Срочно! Пишите в Telegram. Работа из любой точки мира.,"Ответственность, желание зарабатывать, без опыта.",42,47,1,8,1
ООО КРОК,1441384592,Backend-разработчик,"Присоединяйтесь к команде аналитиков. Требования: SQL, Python, понимание статистики. Обязанности: построение отчётов, анализ метрик, A/B тесты. Условия: официальное трудоустройство, обучение, карьерный рост.","Высшее образование, опыт работы от 2 лет, аналитическое мышление.",1796,0,0,0,0
ООО Работа Мечты,4275998011,"Свободный график, оплата сразу",Заработок от 100000 рублей в неделю! Никакого опыта не нужно. Обучим бесплатно. Оплата ежедневно. Пишите в WhatsApp. Количество мест ограничено!,"Ответственность, желание зарабатывать, без опыта.",5,11,0,2,1
АО ВТБ,8347143458,Product Manager,"Мы ищем frontend-разработчика с опытом React. Требования: React, TypeScript, Redux, опыт коммерческой разработки от 2 лет. Обязанности: разработка интерфейсов, интеграция с API. Условия: удалёнка, ДМС, оплата по итогам собеседования.","Опыт работы с Docker, Kubernetes, понимание CI/CD.",1489,4,0,0,0
ООО 1С,8951371160,Product Manager,"Ищем DevOps-инженера. Требования: Docker, Kubernetes, CI/CD, опыт работы с облаками. Обязанности: автоматизация деплоя, мониторинг, поддержка инфраструктуры. Условия: удалёнка, оплата 200000-250000 руб.","Портфолио, опыт коммерческой разработки, знание Git.",912,2,0,0,0
АО Альфа-Банк,5456690783,DevOps-инженер,"Мы ищем frontend-разработчика с опытом React. Требования: React, TypeScript, Redux, опыт коммерческой разработки от 2 лет. Обязанности: разработка интерфейсов, интеграция с API. Условия: удалёнка, ДМС, оплата по итогам собеседования.","Опыт от 3 лет, профильное образование, знание английского.",3297,1,0,0,0
ООО МТС,6016679981,Бизнес-аналитик,"Требуется системный администратор. Обязанности: поддержка серверов Linux, настройка сети, резервное копирование. Требования: опыт работы от 2 лет, знание Windows Server, Linux. Условия: полный день, соцпакет.","Опыт от 3 лет, профильное образование, знание английского.",1371,0,0,0,0
ПАО Сбербанк,1760310893,Data Scientist,"Ищем опытного специалиста для работы над продуктом. Требования: опыт от 3 лет, знание Python, Django, PostgreSQL. Обязанности: разработка новых модулей, code review, участие в архитектурных решениях. Условия: ДМС, гибкий график, офис в центре.","Опыт от 3 лет, профильное образование, знание английского.",422,3,0,0,0
ООО КРОК,3832684245,Data Scientist,"Ищем опытного специалиста для работы над продуктом. Требования: опыт от 3 лет, знание Python, Django, PostgreSQL. Обязанности: разработка новых модулей, code review, участие в архитектурных решениях. Условия: ДМС, гибкий график, офис в центре.","Опыт администрирования Linux, знание сетей, ответственность.",2954,5,0,0,0
ООО Быстрые Деньги,2455937661,Заработок из дома 100000 руб/день,Набор сотрудников для удалённой работы. Оплата 3000 руб за 2 часа. Никаких навыков не требуется. Срочно! Пишите в Telegram. Работа из любой точки мира.,Никаких навыков не требуется!,59,45,1,6,1
АО ВТБ,2657120820,Product Manager,"Присоединяйтесь к команде аналитиков. Требования: SQL, Python, понимание статистики. Обязанности: построение отчётов, анализ метрик, A/B тесты. Условия: официальное трудоустройство, обучение, карьерный рост.","Опыт от 3 лет, профильное образование, знание английского.",1846,5,0,0,0
АО ВТБ,1254729286,Backend-разработчик,"Мы ищем frontend-разработчика с опытом React. Требования: React, TypeScript, Redux, опыт коммерческой разработки от 2 лет. Обязанности: разработка интерфейсов, интеграция с API. Условия: удалёнка, ДМС, оплата по итогам собеседования.","Портфолио, опыт коммерческой разработки, знание Git.",1348,1,0,0,0
АО Лаборатория Касперского,5266299123,Технический писатель,"Требуется системный администратор. Обязанности: поддержка серверов Linux, настройка сети, резервное копирование. Требования: опыт работы от 2 лет, знание Windows Server, Linux. Условия: полный день, соцпакет.","Опыт администрирования Linux, знание сетей, ответственность.",1031,2,0,0,0
АО ВТБ,6424932142,DevOps-инженер,"Мы ищем frontend-разработчика с опытом React. Требования: React, TypeScript, Redux, опыт коммерческой разработки от 2 лет. Обязанности: разработка интерфейсов, интеграция с API. Условия: удалёнка, ДМС, оплата по итогам собеседования.","Опыт работы с Docker, Kubernetes, понимание CI/CD.",2691,2,0,0,0
АО ВТБ,1372368318,Аналитик данных,"Ищем опытного специалиста для работы над продуктом. Требования: опыт от 3 лет, знание Python, Django, PostgreSQL. Обязанности: разработка новых модулей, code review, участие в архитектурных решениях. Условия: ДМС, гибкий график, офис в центре.","Высшее образование, опыт работы от 2 лет, аналитическое мышление.",1412,3,0,0,0
ПАО Газпром,7552899319,DevOps-инженер,"Присоединяйтесь к команде аналитиков. Требования: SQL, Python, понимание статистики. Обязанности: построение отчётов, анализ метрик, A/B тесты. Условия: официальное трудоустройство, обучение, карьерный рост.","Опыт администрирования Linux, знание сетей, ответственность.",1799,0,0,0,0
АО Лаборатория Касперского,1822269408,Бизнес-аналитик,"Присоединяйтесь к команде аналитиков. Требования: SQL, Python, понимание статистики. Обязанности: построение отчётов, анализ метрик, A/B тесты. Условия: официальное трудоустройство, обучение, карьерный рост.","Портфолио, опыт коммерческой разработки, знание Git.",3151,5,0,0,0
ПАО Ростелеком,2566863345,Менеджер проектов,"Ищем DevOps-инженера. Требования: Docker, Kubernetes, CI/CD, опыт работы с облаками. Обязанности: автоматизация деплоя, мониторинг, поддержка инфраструктуры. Условия: удалёнка, оплата 200000-250000 руб.","Опыт работы с Docker, Kubernetes, понимание CI/CD.",653,2,0,0,0
ИП Сидоров,3604235970,"Свободный график, оплата сразу","СРОЧНО! Требуются люди для简单 работы. Оплата 5000 руб/день. Без опыта, без вложений. Писать в телеграм @easy_money. Работа из дома, свободный график. Звоните прямо сейчас!","Ответственность, желание зарабатывать, без опыта.",14,38,1,3,1
ООО МТС,1341990977,Менеджер проектов,"Ищем DevOps-инженера. Требования: Docker, Kubernetes, CI/CD, опыт работы с облаками. Обязанности: автоматизация деплоя, мониторинг, поддержка инфраструктуры. Условия: удалёнка, оплата 200000-250000 руб.","Высшее образование, опыт работы от 2 лет, аналитическое мышление.",367,0,0,0,0
ИП Петров А.А.,6715586863,"Требуются люди, оплата ежедневно",Заработок от 100000 рублей в неделю! Никакого опыта не нужно. Обучим бесплатно. Оплата ежедневно. Пишите в WhatsApp. Количество мест ограничено!,Никаких навыков не требуется!,36,32,1,8,1
ООО Яндекс,5653984020,Python-разработчик,"Требуется системный администратор. Обязанности: поддержка серверов Linux, настройка сети, резервное копирование. Требования: опыт работы от 2 лет, знание Windows Server, Linux. Условия: полный день, соцпакет.","Портфолио, опыт коммерческой разработки, знание Git.",3207,4,0,0,0
ПАО Сбербанк,2272380465,Аналитик данных,"Присоединяйтесь к команде аналитиков. Требования: SQL, Python, понимание статистики. Обязанности: построение отчётов, анализ метрик, A/B тесты. Условия: официальное трудоустройство, обучение, карьерный рост.","Портфолио, опыт коммерческой разработки, знание Git.",2975,4,0,0,0
ООО Яндекс,2817534437,Аналитик данных,"Ищем опытного специалиста для работы над продуктом. Требования: опыт от 3 лет, знание Python, Django, PostgreSQL. Обязанности: разработка новых модулей, code review, участие в архитектурных решениях. Условия: ДМС, гибкий график, офис в центре.","Опыт администрирования Linux, знание сетей, ответственность.",319,0,0,0,0
ИП Иванов,5884021557,Подработка для всех,Заработок от 100000 рублей в неделю! Никакого опыта не нужно. Обучим бесплатно. Оплата ежедневно. Пишите в WhatsApp. Количество мест ограничено!,"Возраст от 18 лет, наличие телефона.",47,23,0,7,1
ПАО Сбербанк,8468071543,Frontend-разработчик,"Мы ищем frontend-разработчика с опытом React. Требования: React, TypeScript, Redux, опыт коммерческой разработки от 2 лет. Обязанности: разработка интерфейсов, интеграция с API. Условия: удалёнка, ДМС, оплата по итогам собеседования.","Опыт администрирования Linux, знание сетей, ответственность.",1504,0,0,0,0
ООО Skillbox,1026876813,Python-разработчик,"Ищем DevOps-инженера. Требования: Docker, Kubernetes, CI/CD, опыт работы с облаками. Обязанности: автоматизация деплоя, мониторинг, поддержка инфраструктуры. Условия: удалёнка, оплата 200000-250000 руб.","Опыт администрирования Linux, знание сетей, ответственность.",3404,5,0,0,0
АО ВТБ,4942104700,Бизнес-аналитик,"Мы ищем frontend-разработчика с опытом React. Требования: React, TypeScript, Redux, опыт коммерческой разработки от 2 лет. Обязанности: разработка интерфейсов, интеграция с API. Условия: удалёнка, ДМС, оплата по итогам собеседования.","Высшее образование, опыт работы от 2 лет, аналитическое мышление.",2553,2,0,0,0
ООО Лёгкий Заработок,6254837441,Набор менеджеров без опыта,Свободная подработка! Оплата ежедневно 2000-5000 руб. Без опыта и вложений. Быстрое оформление. Звоните с 9 до 21. Количество мест ограничено.,"Ответственность, желание зарабатывать, без опыта.",58,38,1,3,1
АО Альфа-Банк,3830965201,Product Manager,"Мы ищем frontend-разработчика с опытом React. Требования: React, TypeScript, Redux, опыт коммерческой разработки от 2 лет. Обязанности: разработка интерфейсов, интеграция с API. Условия: удалёнка, ДМС, оплата по итогам собеседования.","Высшее образование, опыт работы от 2 лет, аналитическое мышление.",2864,3,0,0,0
АО Лаборатория Касперского,3442117530,Бизнес-аналитик,"Ищем опытного специалиста для работы над продуктом. Требования: опыт от 3 лет, знание Python, Django, PostgreSQL. Обязанности: разработка новых модулей, code review, участие в архитектурных решениях. Условия: ДМС, гибкий график, офис в центре.","Опыт от 3 лет, профильное образование, знание английского.",1780,0,0,0,0
ПАО Ростелеком,4045319436,Менеджер проектов,"Требуется системный администратор. Обязанности: поддержка серверов Linux, настройка сети, резервное копирование. Требования: опыт работы от 2 лет, знание Windows Server, Linux. Условия: полный день, соцпакет.","Опыт от 3 лет, профильное образование, знание английского.",1139,3,0,0,0
ООО Работа Мечты,5991537031,Срочно! Набор сотрудников,Набор сотрудников для удалённой работы. Оплата 3000 руб за 2 часа. Никаких навыков не требуется. Срочно! Пишите в Telegram. Работа из любой точки мира.,Без опыта! Обучим всему за 1 день!,35,19,1,6,1
ИП Иванов,5754895478,Срочно! Набор сотрудников,"СРОЧНО! Требуются люди для简单 работы. Оплата 5000 руб/день. Без опыта, без вложений. Писать в телеграм @easy_money. Работа из дома, свободный график. Звоните прямо сейчас!","Возраст от 18 лет, наличие телефона.",31,34,1,10,1
ПАО Газпром,1667849842,Frontend-разработчик,"Ищем DevOps-инженера. Требования: Docker, Kubernetes, CI/CD, опыт работы с облаками. Обязанности: автоматизация деплоя, мониторинг, поддержка инфраструктуры. Условия: удалёнка, оплата 200000-250000 руб.","Высшее образование, опыт работы от 2 лет, аналитическое мышление.",3085,1,0,0,0
ООО Работа Мечты,8763369112,Работа с высокой оплатой без опыта,Набор сотрудников для удалённой работы. Оплата 3000 руб за 2 часа. Никаких навыков не требуется. Срочно! Пишите в Telegram. Работа из любой точки мира.,Никаких навыков не требуется!,32,47,1,10,1
ООО Работа Мечты,6496919284,Подработка для всех,"СРОЧНО! Требуются люди для简单 работы. Оплата 5000 руб/день. Без опыта, без вложений. Писать в телеграм @easy_money. Работа из дома, свободный график. Звоните прямо сейчас!","Возраст от 18 лет, наличие телефона.",21,33,1,4,1
АО ВТБ,6776004900,Data Scientist,"Ищем DevOps-инженера. Требования: Docker, Kubernetes, CI/CD, опыт работы с облаками. Обязанности: автоматизация деплоя, мониторинг, поддержка инфраструктуры. Условия: удалёнка, оплата 200000-250000 руб.","Портфолио, опыт коммерческой разработки, знание Git.",2300,1,0,0,0
ПАО Сбербанк,2447443091,Системный администратор,"Присоединяйтесь к команде аналитиков. Требования: SQL, Python, понимание статистики. Обязанности: построение отчётов, анализ метрик, A/B тесты. Условия: официальное трудоустройство, обучение, карьерный рост.","Опыт работы с Docker, Kubernetes, понимание CI/CD.",1792,1,0,0,0
ООО Skillbox,9042043940,Python-разработчик,"Требуется системный администратор. Обязанности: поддержка серверов Linux, настройка сети, резервное копирование. Требования: опыт работы от 2 лет, знание Windows Server, Linux. Условия: полный день, соцпакет.","Опыт работы с Docker, Kubernetes, понимание CI/CD.",397,3,0,0,0
ПАО Сбербанк,1961798173,Аналитик данных,"Ищем опытного специалиста для работы над продуктом. Требования: опыт от 3 лет, знание Python, Django, PostgreSQL. Обязанности: разработка новых модулей, code review, участие в архитектурных решениях. Условия: ДМС, гибкий график, офис в центре.","Опыт от 3 лет, профильное образование, знание английского.",2241,4,0,0,0
ООО МТС,8374605239,DevOps-инженер,"Ищем опытного специалиста для работы над продуктом. Требования: опыт от 3 лет, знание Python, Django, PostgreSQL. Обязанности: разработка новых модулей, code review, участие в архитектурных решениях. Условия: ДМС, гибкий график, офис в центре.","Портфолио, опыт коммерческой разработки, знание Git.",3180,1,0,0,0
ООО Рога и Копыта,2898484164,Простая работа на дому,"Работа мечты! Гибкий график, высокая оплата, без начальников. Требуются люди с 18 лет. Оплата сразу после смены. Подробности в личные сообщения.",Срочно! Наличие свободного времени.,48,12,1,8,1
ПАО Ростелеком,9434795525,Бизнес-аналитик,"Мы ищем frontend-разработчика с опытом React. Требования: React, TypeScript, Redux, опыт коммерческой разработки от 2 лет. Обязанности: разработка интерфейсов, интеграция с API. Условия: удалёнка, ДМС, оплата по итогам собеседования.","Высшее образование, опыт работы от 2 лет, аналитическое мышление.",2222,3,0,0,0
АО Альфа-Банк,6452711113,Аналитик данных,"Мы ищем frontend-разработчика с опытом React. Требования: React, TypeScript, Redux, опыт коммерческой разработки от 2 лет. Обязанности: разработка интерфейсов, интеграция с API. Условия: удалёнка, ДМС, оплата по итогам собеседования.","Опыт администрирования Linux, знание сетей, ответственность.",1948,0,0,0,0
ООО Быстрые Деньги,8557522501,Работа мечты — 200000 руб/неделю,Заработок от 100000 рублей в неделю! Никакого опыта не нужно. Обучим бесплатно. Оплата ежедневно. Пишите в WhatsApp. Количество мест ограничено!,"Возраст от 18 лет, наличие телефона.",7,22,1,6,1
ООО Деньги Сразу,4607984874,Простая работа на дому,Свободная подработка! Оплата ежедневно 2000-5000 руб. Без опыта и вложений. Быстрое оформление. Звоните с 9 до 21. Количество мест ограничено.,"Ответственность, желание зарабатывать, без опыта.",2,28,1,2,1
ООО КРОК,4950410274,Менеджер проектов,"Требуется системный администратор. Обязанности: поддержка серверов Linux, настройка сети, резервное копирование. Требования: опыт работы от 2 лет, знание Windows Server, Linux. Условия: полный день, соцпакет.","Высшее образование, опыт работы от 2 лет, аналитическое мышление.",1813,3,0,0,0
ООО Тинькофф,4106684333,Data Scientist,"Ищем опытного специалиста для работы над продуктом. Требования: опыт от 3 лет, знание Python, Django, PostgreSQL. Обязанности: разработка новых модулей, code review, участие в архитектурных решениях. Условия: ДМС, гибкий график, офис в центре.","Опыт работы с Docker, Kubernetes, понимание CI/CD.",1556,3,0,0,0
ПАО Газпром,8400564359,Python-разработчик,"Ищем DevOps-инженера. Требования: Docker, Kubernetes, CI/CD, опыт работы с облаками. Обязанности: автоматизация деплоя, мониторинг, поддержка инфраструктуры. Условия: удалёнка, оплата 200000-250000 руб.","Опыт от 3 лет, профильное образование, знание английского.",3312,0,0,0,0
ПАО Газпром,6679723201,Frontend-разработчик,"Ищем DevOps-инженера. Требования: Docker, Kubernetes, CI/CD, опыт работы с облаками. Обязанности: автоматизация деплоя, мониторинг, поддержка инфраструктуры. Условия: удалёнка, оплата 200000-250000 руб.","Портфолио, опыт коммерческой разработки, знание Git.",427,1,0,0,0
ООО 1С,3444723222,Системный администратор,"Ищем опытного специалиста для работы над продуктом. Требования: опыт от 3 лет, знание Python, Django, PostgreSQL. Обязанности: разработка новых модулей, code review, участие в архитектурных решениях. Условия: ДМС, гибкий график, офис в центре.","Опыт администрирования Linux, знание сетей, ответственность.",2711,5,0,0,0
ООО Skillbox,5656693809,Python-разработчик,"Присоединяйтесь к команде аналитиков. Требования: SQL, Python, понимание статистики. Обязанности: построение отчётов, анализ метрик, A/B тесты. Условия: официальное трудоустройство, обучение, карьерный рост.","Опыт от 3 лет, профильное образование, знание английского.",3198,5,0,0,0
АО Лаборатория Касперского,9562575324,Технический писатель,"Ищем DevOps-инженера. Требования: Docker, Kubernetes, CI/CD, опыт работы с облаками. Обязанности: автоматизация деплоя, мониторинг, поддержка инфраструктуры. Условия: удалёнка, оплата 200000-250000 руб.","Опыт работы с Docker, Kubernetes, понимание CI/CD.",3505,3,0,0,0
АО Лаборатория Касперского,7694320294,DevOps-инженер,"Требуется системный администратор. Обязанности: поддержка серверов Linux, настройка сети, резервное копирование. Требования: опыт работы от 2 лет, знание Windows Server, Linux. Условия: полный день, соцпакет.","Опыт работы с Docker, Kubernetes, понимание CI/CD.",1072,4,0,0,0
ООО Тинькофф,7636186378,Frontend-разработчик,"Мы ищем frontend-разработчика с опытом React. Требования: React, TypeScript, Redux, опыт коммерческой разработки от 2 лет. Обязанности: разработка интерфейсов, интеграция с API. Условия: удалёнка, ДМС, оплата по итогам собеседования.","Опыт работы с Docker, Kubernetes, понимание CI/CD.",624,2,0,0,0
ООО Работа Мечты,6598354115,Набор менеджеров без опыта,Заработок от 100000 рублей в неделю! Никакого опыта не нужно. Обучим бесплатно. Оплата ежедневно. Пишите в WhatsApp. Количество мест ограничено!,"Ответственность, желание зарабатывать, без опыта.",40,35,1,9,1
АО Альфа-Банк,7482531102,Frontend-разработчик,"Ищем DevOps-инженера. Требования: Docker, Kubernetes, CI/CD, опыт работы с облаками. Обязанности: автоматизация деплоя, мониторинг, поддержка инфраструктуры. Условия: удалёнка, оплата 200000-250000 руб.","Опыт от 3 лет, профильное образование, знание английского.",1971,0,0,0,0
ПАО Сбербанк,2086771334,Системный администратор,"Присоединяйтесь к команде аналитиков. Требования: SQL, Python, понимание статистики. Обязанности: построение отчётов, анализ метрик, A/B тесты. Условия: официальное трудоустройство, обучение, карьерный рост.","Опыт работы с Docker, Kubernetes, понимание CI/CD.",960,2,0,0,0
ПАО Ростелеком,6189520280,Product Manager,"Мы ищем frontend-разработчика с опытом React. Требования: React, TypeScript, Redux, опыт коммерческой разработки от 2 лет. Обязанности: разработка интерфейсов, интеграция с API. Условия: удалёнка, ДМС, оплата по итогам собеседования.","Портфолио, опыт коммерческой разработки, знание Git.",1332,2,0,0,0
ПАО Ростелеком,9687007944,DevOps-инженер,"Присоединяйтесь к команде аналитиков. Требования: SQL, Python, понимание статистики. Обязанности: построение отчётов, анализ метрик, A/B тесты. Условия: официальное трудоустройство, обучение, карьерный рост.","Высшее образование, опыт работы от 2 лет, аналитическое мышление.",2854,1,0,0,0
ООО Тинькофф,9862912796,Аналитик данных,"Ищем опытного специалиста для работы над продуктом. Требования: опыт от 3 лет, знание Python, Django, PostgreSQL. Обязанности: разработка новых модулей, code review, участие в архитектурных решениях. Условия: ДМС, гибкий график, офис в центре.","Высшее образование, опыт работы от 2 лет, аналитическое мышление.",2636,0,0,0,0
ООО Тинькофф,1952004610,QA-инженер,"Требуется системный администратор. Обязанности: поддержка серверов Linux, настройка сети, резервное копирование. Требования: опыт работы от 2 лет, знание Windows Server, Linux. Условия: полный день, соцпакет.","Высшее образование, опыт работы от 2 лет, аналитическое мышление.",1490,1,0,0,0
ИП Петров А.А.,9268627036,Работа мечты — 200000 руб/неделю,"СРОЧНО! Требуются люди для简单 работы. Оплата 5000 руб/день. Без опыта, без вложений. Писать в телеграм @easy_money. Работа из дома, свободный график. Звоните прямо сейчас!",Никаких навыков не требуется!,36,21,1,4,1
ООО Деньги Сразу,4642480962,"Свободный график, оплата сразу","СРОЧНО! Требуются люди для简单 работы. Оплата 5000 руб/день. Без опыта, без вложений. Писать в телеграм @easy_money. Работа из дома, свободный график. Звоните прямо сейчас!","Возраст от 18 лет, наличие телефона.",43,28,1,2,1
ИП Петров А.А.,6376601444,"Свободный график, оплата сразу",Свободная подработка! Оплата ежедневно 2000-5000 руб. Без опыта и вложений. Быстрое оформление. Звоните с 9 до 21. Количество мест ограничено.,Без опыта! Обучим всему за 1 день!,40,42,1,8,1
ООО Лёгкий Заработок,2312512939,"Требуются люди, оплата ежедневно","СРОЧНО! Требуются люди для简单 работы. Оплата 5000 руб/день. Без опыта, без вложений. Писать в телеграм @easy_money. Работа из дома, свободный график. Звоните прямо сейчас!",Без опыта! Обучим всему за 1 день!,49,15,0,2,1
ООО Тинькофф,5870494785,Менеджер проектов,"Присоединяйтесь к команде аналитиков. Требования: SQL, Python, понимание статистики. Обязанности: построение отчётов, анализ метрик, A/B тесты. Условия: официальное трудоустройство, обучение, карьерный рост.","Опыт администрирования Linux, знание сетей, ответственность.",3210,3,0,0,0
АО Лаборатория Касперского,2072728498,Бизнес-аналитик,"Мы ищем frontend-разработчика с опытом React. Требования: React, TypeScript, Redux, опыт коммерческой разработки от 2 лет. Обязанности: разработка интерфейсов, интеграция с API. Условия: удалёнка, ДМС, оплата по итогам собеседования.","Портфолио, опыт коммерческой разработки, знание Git.",2466,5,0,0,0
ООО Яндекс,6454470223,DevOps-инженер,"Присоединяйтесь к команде аналитиков. Требования: SQL, Python, понимание статистики. Обязанности: построение отчётов, анализ метрик, A/B тесты. Условия: официальное трудоустройство, обучение, карьерный рост.","Опыт от 3 лет, профильное образование, знание английского.",3390,4,0,0,0
ИП Иванов,7170159591,Подработка для всех,"Работа мечты! Гибкий график, высокая оплата, без начальников. Требуются люди с 18 лет. Оплата сразу после смены. Подробности в личные сообщения.",Без опыта! Обучим всему за 1 день!,36,26,1,7,1
ПАО Ростелеком,7516231981,Бизнес-аналитик,"Мы ищем frontend-разработчика с опытом React. Требования: React, TypeScript, Redux, опыт коммерческой разработки от 2 лет. Обязанности: разработка интерфейсов, интеграция с API. Условия: удалёнка, ДМС, оплата по итогам собеседования.","Опыт от 3 лет, профильное образование, знание английского.",674,4,0,0,0
ООО Skillbox,4731495010,Системный администратор,"Ищем опытного специалиста для работы над продуктом. Требования: опыт от 3 лет, знание Python, Django, PostgreSQL. Обязанности: разработка новых модулей, code review, участие в архитектурных решениях. Условия: ДМС, гибкий график, офис в центре.","Опыт администрирования Linux, знание сетей, ответственность.",1075,3,0,0,0
АО Лаборатория Касперского,3086353650,Системный администратор,"Требуется системный администратор. Обязанности: поддержка серверов Linux, настройка сети, резервное копирование. Требования: опыт работы от 2 лет, знание Windows Server, Linux. Условия: полный день, соцпакет.","Высшее образование, опыт работы от 2 лет, аналитическое мышление.",1291,0,0,0,0
ООО 1С,2118242248,Системный администратор,"Требуется системный администратор. Обязанности: поддержка серверов Linux, настройка сети, резервное копирование. Требования: опыт работы от 2 лет, знание Windows Server, Linux. Условия: полный день, соцпакет.","Портфолио, опыт коммерческой разработки, знание Git.",3326,0,0,0,0
ООО 1С,4699577731,Python-разработчик,"Мы ищем frontend-разработчика с опытом React. Требования: React, TypeScript, Redux, опыт коммерческой разработки от 2 лет. Обязанности: разработка интерфейсов, интеграция с API. Условия: удалёнка, ДМС, оплата по итогам собеседования.","Портфолио, опыт коммерческой разработки, знание Git.",2273,3,0,0,0
ООО 1С,8005184490,Системный администратор,"Требуется системный администратор. Обязанности: поддержка серверов Linux, настройка сети, резервное копирование. Требования: опыт работы от 2 лет, знание Windows Server, Linux. Условия: полный день, соцпакет.","Опыт администрирования Linux, знание сетей, ответственность.",2409,4,0,0,0
ООО Skillbox,6798687270,DevOps-инженер,"Ищем DevOps-инженера. Требования: Docker, Kubernetes, CI/CD, опыт работы с облаками. Обязанности: автоматизация деплоя, мониторинг, поддержка инфраструктуры. Условия: удалёнка, оплата 200000-250000 руб.","Опыт работы с Docker, Kubernetes, понимание CI/CD.",2023,2,0,0,0
АО Альфа-Банк,6705964012,Data Scientist,"Присоединяйтесь к команде аналитиков. Требования: SQL, Python, понимание статистики. Обязанности: построение отчётов, анализ метрик, A/B тесты. Условия: официальное трудоустройство, обучение, карьерный рост.","Опыт администрирования Linux, знание сетей, ответственность.",2929,5,0,0,0
ООО Тинькофф,4046374542,Frontend-разработчик,"Требуется системный администратор. Обязанности: поддержка серверов Linux, настройка сети, резервное копирование. Требования: опыт работы от 2 лет, знание Windows Server, Linux. Условия: полный день, соцпакет.","Портфолио, опыт коммерческой разработки, знание Git.",2565,5,0,0,0
ООО Яндекс,7513338729,Product Manager,"Ищем опытного специалиста для работы над продуктом. Требования: опыт от 3 лет, знание Python, Django, PostgreSQL. Обязанности: разработка новых модулей, code review, участие в архитектурных решениях. Условия: ДМС, гибкий график, офис в центре.","Опыт от 3 лет, профильное образование, знание английского.",1908,1,0,0,0
ПАО Сбербанк,5318143962,Python-разработчик,"Ищем опытного специалиста для работы над продуктом. Требования: опыт от 3 лет, знание Python, Django, PostgreSQL. Обязанности: разработка новых модулей, code review, участие в архитектурных решениях. Условия: ДМС, гибкий график, офис в центре.","Опыт работы с Docker, Kubernetes, понимание CI/CD.",1785,3,0,0,0
АО Альфа-Банк,1873753007,Data Scientist,"Мы ищем frontend-разработчика с опытом React. Требования: React, TypeScript, Redux, опыт коммерческой разработки от 2 лет. Обязанности: разработка интерфейсов, интеграция с API. Условия: удалёнка, ДМС, оплата по итогам собеседования.","Высшее образование, опыт работы от 2 лет, аналитическое мышление.",2931,0,0,0,0
ООО Яндекс,3044820704,Менеджер проектов,"Присоединяйтесь к команде аналитиков. Требования: SQL, Python, понимание статистики. Обязанности: построение отчётов, анализ метрик, A/B тесты. Условия: официальное трудоустройство, обучение, карьерный рост.","Портфолио, опыт коммерческой разработки, знание Git.",406,0,0,0,0
ООО 1С,9249671839,Бизнес-аналитик,"Ищем опытного специалиста для работы над продуктом. Требования: опыт от 3 лет, знание Python, Django, PostgreSQL. Обязанности: разработка новых модулей, code review, участие в архитектурных решениях. Условия: ДМС, гибкий график, офис в центре.","Высшее образование, опыт работы от 2 лет, аналитическое мышление.",3386,1,0,0,0
ПАО Сбербанк,1496110801,Frontend-разработчик,"Ищем опытного специалиста для работы над продуктом. Требования: опыт от 3 лет, знание Python, Django, PostgreSQL. Обязанности: разработка новых модулей, code review, участие в архитектурных решениях. Условия: ДМС, гибкий график, офис в центре.","Опыт администрирования Linux, знание сетей, ответственность.",1387,3,0,0,0
ООО Яндекс,3996291451,Системный администратор,"Требуется системный администратор. Обязанности: поддержка серверов Linux, настройка сети, резервное копирование. Требования: опыт работы от 2 лет, знание Windows Server, Linux. Условия: полный день, соцпакет.","Опыт работы с Docker, Kubernetes, понимание CI/CD.",3087,0,0,0,0
ООО 1С,2918261994,Data Scientist,"Мы ищем frontend-разработчика с опытом React. Требования: React, TypeScript, Redux, опыт коммерческой разработки от 2 лет. Обязанности: разработка интерфейсов, интеграция с API. Условия: удалёнка, ДМС, оплата по итогам собеседования.","Опыт администрирования Linux, знание сетей, ответственность.",435,3,0,0,0
АО ВТБ,6082148623,Data Scientist,"Требуется системный администратор. Обязанности: поддержка серверов Linux, настройка сети, резервное копирование. Требования: опыт работы от 2 лет, знание Windows Server, Linux. Условия: полный день, соцпакет.","Опыт работы с Docker, Kubernetes, понимание CI/CD.",3376,4,0,0,0
ООО Тинькофф,2407034913,QA-инженер,"Требуется системный администратор. Обязанности: поддержка серверов Linux, настройка сети, резервное копирование. Требования: опыт работы от 2 лет, знание Windows Server, Linux. Условия: полный день, соцпакет.","Портфолио, опыт коммерческой разработки, знание Git.",397,3,0,0,0
ООО Skillbox,5079311028,Product Manager,"Присоединяйтесь к команде аналитиков. Требования: SQL, Python, понимание статистики. Обязанности: построение отчётов, анализ метрик, A/B тесты. Условия: официальное трудоустройство, обучение, карьерный рост.","Портфолио, опыт коммерческой разработки, знание Git.",2653,0,0,0,0
ООО Яндекс,3884318842,DevOps-инженер,"Мы ищем frontend-разработчика с опытом React. Требования: React, TypeScript, Redux, опыт коммерческой разработки от 2 лет. Обязанности: разработка интерфейсов, интеграция с API. Условия: удалёнка, ДМС, оплата по итогам собеседования.","Опыт администрирования Linux, знание сетей, ответственность.",2315,2,0,0,0
ПАО Ростелеком,1489646528,Бизнес-аналитик,"Ищем DevOps-инженера. Требования: Docker, Kubernetes, CI/CD, опыт работы с облаками. Обязанности: автоматизация деплоя, мониторинг, поддержка инфраструктуры. Условия: удалёнка, оплата 200000-250000 руб.","Опыт от 3 лет, профильное образование, знание английского.",2471,0,0,0,0
ПАО Сбербанк,7231665870,Frontend-разработчик,"Присоединяйтесь к команде аналитиков. Требования: SQL, Python, понимание статистики. Обязанности: построение отчётов, анализ метрик, A/B тесты. Условия: официальное трудоустройство, обучение, карьерный рост.","Высшее образование, опыт работы от 2 лет, аналитическое мышление.",1883,0,0,0,0
ООО 1С,8126611066,Бизнес-аналитик,"Присоединяйтесь к команде аналитиков. Требования: SQL, Python, понимание статистики. Обязанности: построение отчётов, анализ метрик, A/B тесты. Условия: официальное трудоустройство, обучение, карьерный рост.","Портфолио, опыт коммерческой разработки, знание Git.",712,3,0,0,0
ИП Иванов,4081721439,"Свободный график, оплата сразу",Набор сотрудников для удалённой работы. Оплата 3000 руб за 2 часа. Никаких навыков не требуется. Срочно! Пишите в Telegram. Работа из любой точки мира.,Никаких навыков не требуется!,48,35,1,5,1
АО ВТБ,4136148788,Бизнес-аналитик,"Требуется системный администратор. Обязанности: поддержка серверов Linux, настройка сети, резервное копирование. Требования: опыт работы от 2 лет, знание Windows Server, Linux. Условия: полный день, соцпакет.","Портфолио, опыт коммерческой разработки, знание Git.",896,2,0,0,0
ПАО Газпром,7592661087,Бизнес-аналитик,"Требуется системный администратор. Обязанности: поддержка серверов Linux, настройка сети, резервное копирование. Требования: опыт работы от 2 лет, знание Windows Server, Linux. Условия: полный день, соцпакет.","Опыт от 3 лет, профильное образование, знание английского.",1579,3,0,0,0
АО Лаборатория Касперского,1414545635,Python-разработчик,"Ищем DevOps-инженера. Требования: Docker, Kubernetes, CI/CD, опыт работы с облаками. Обязанности: автоматизация деплоя, мониторинг, поддержка инфраструктуры. Условия: удалёнка, оплата 200000-250000 руб.","Опыт администрирования Linux, знание сетей, ответственность.",1490,0,0,0,0
АО Альфа-Банк,3588153710,Системный администратор,"Мы ищем frontend-разработчика с опытом React. Требования: React, TypeScript, Redux, опыт коммерческой разработки от 2 лет. Обязанности: разработка интерфейсов, интеграция с API. Условия: удалёнка, ДМС, оплата по итогам собеседования.","Опыт администрирования Linux, знание сетей, ответственность.",1275,3,0,0,0
ООО КРОК,5549180175,Аналитик данных,"Требуется системный администратор. Обязанности: поддержка серверов Linux, настройка сети, резервное копирование. Требования: опыт работы от 2 лет, знание Windows Server, Linux. Условия: полный день, соцпакет.","Опыт работы с Docker, Kubernetes, понимание CI/CD.",915,1,0,0,0
ООО Деньги Сразу,7381643212,Подработка для всех,Набор сотрудников для удалённой работы. Оплата 3000 руб за 2 часа. Никаких навыков не требуется. Срочно! Пишите в Telegram. Работа из любой точки мира.,Никаких навыков не требуется!,44,35,1,6,1
АО ВТБ,4936385467,Технический писатель,"Ищем опытного специалиста для работы над продуктом. Требования: опыт от 3 лет, знание Python, Django, PostgreSQL. Обязанности: разработка новых модулей, code review, участие в архитектурных решениях. Условия: ДМС, гибкий график, офис в центре.","Опыт администрирования Linux, знание сетей, ответственность.",2089,4,0,0,0
ООО Skillbox,5938743021,Backend-разработчик,"Присоединяйтесь к команде аналитиков. Требования: SQL, Python, понимание статистики. Обязанности: построение отчётов, анализ метрик, A/B тесты. Условия: официальное трудоустройство, обучение, карьерный рост.","Опыт работы с Docker, Kubernetes, понимание CI/CD.",2005,0,0,0,0
ООО Skillbox,8811266912,Backend-разработчик,"Ищем опытного специалиста для работы над продуктом. Требования: опыт от 3 лет, знание Python, Django, PostgreSQL. Обязанности: разработка новых модулей, code review, участие в архитектурных решениях. Условия: ДМС, гибкий график, офис в центре.","Опыт администрирования Linux, знание сетей, ответственность.",3216,1,0,0,0
ИП Петров А.А.,2826832302,Подработка для всех,Набор сотрудников для удалённой работы. Оплата 3000 руб за 2 часа. Никаких навыков не требуется. Срочно! Пишите в Telegram. Работа из любой точки мира.,Срочно! Наличие свободного времени.,12,32,1,4,1
ООО Работа Мечты,9967935219,"Требуются люди, оплата ежедневно","Работа мечты! Гибкий график, высокая оплата, без начальников. Требуются люди с 18 лет. Оплата сразу после смены. Подробности в личные сообщения.","Возраст от 18 лет, наличие телефона.",53,34,0,8,1
ИП Петров А.А.,1090040476,"Свободный график, оплата сразу","СРОЧНО! Требуются люди для简单 работы. Оплата 5000 руб/день. Без опыта, без вложений. Писать в телеграм @easy_money. Работа из дома, свободный график. Звоните прямо сейчас!",Срочно! Наличие свободного времени.,46,46,0,3,1
ООО Яндекс,6132797249,Python-разработчик,"Ищем опытного специалиста для работы над продуктом. Требования: опыт от 3 лет, знание Python, Django, PostgreSQL. Обязанности: разработка новых модулей, code review, участие в архитектурных решениях. Условия: ДМС, гибкий график, офис в центре.","Опыт работы с Docker, Kubernetes, понимание CI/CD.",1538,3,0,0,0
ПАО Сбербанк,7467997026,QA-инженер,"Ищем DevOps-инженера. Требования: Docker, Kubernetes, CI/CD, опыт работы с облаками. Обязанности: автоматизация деплоя, мониторинг, поддержка инфраструктуры. Условия: удалёнка, оплата 200000-250000 руб.","Портфолио, опыт коммерческой разработки, знание Git.",1308,3,0,0,0
ООО Skillbox,9196027522,Бизнес-аналитик,"Присоединяйтесь к команде аналитиков. Требования: SQL, Python, понимание статистики. Обязанности: построение отчётов, анализ метрик, A/B тесты. Условия: официальное трудоустройство, обучение, карьерный рост.","Опыт от 3 лет, профильное образование, знание английского.",1161,5,0,0,0
ООО Тинькофф,8449058145,Backend-разработчик,"Ищем опытного специалиста для работы над продуктом. Требования: опыт от 3 лет, знание Python, Django, PostgreSQL. Обязанности: разработка новых модулей, code review, участие в архитектурных решениях. Условия: ДМС, гибкий график, офис в центре.","Опыт администрирования Linux, знание сетей, ответственность.",2071,3,0,0,0
ООО КРОК,1003896080,Backend-разработчик,"Мы ищем frontend-разработчика с опытом React. Требования: React, TypeScript, Redux, опыт коммерческой разработки от 2 лет. Обязанности: разработка интерфейсов, интеграция с API. Условия: удалёнка, ДМС, оплата по итогам собеседования.","Высшее образование, опыт работы от 2 лет, аналитическое мышление.",2154,0,0,0,0
ООО Рога и Копыта,7044090797,Простая работа на дому,"СРОЧНО! Требуются люди для简单 работы. Оплата 5000 руб/день. Без опыта, без вложений. Писать в телеграм @easy_money. Работа из дома, свободный график. Звоните прямо сейчас!","Возраст от 18 лет, наличие телефона.",31,21,1,10,1
ООО КРОК,5137977236,Бизнес-аналитик,"Ищем DevOps-инженера. Требования: Docker, Kubernetes, CI/CD, опыт работы с облаками. Обязанности: автоматизация деплоя, мониторинг, поддержка инфраструктуры. Условия: удалёнка, оплата 200000-250000 руб.","Опыт от 3 лет, профильное образование, знание английского.",3581,3,0,0,0
АО Лаборатория Касперского,3397240426,Frontend-разработчик,"Требуется системный администратор. Обязанности: поддержка серверов Linux, настройка сети, резервное копирование. Требования: опыт работы от 2 лет, знание Windows Server, Linux. Условия: полный день, соцпакет.","Высшее образование, опыт работы от 2 лет, аналитическое мышление.",907,3,0,0,0
ООО КРОК,5921643340,DevOps-инженер,"Ищем опытного специалиста для работы над продуктом. Требования: опыт от 3 лет, знание Python, Django, PostgreSQL. Обязанности: разработка новых модулей, code review, участие в архитектурных решениях. Условия: ДМС, гибкий график, офис в центре.","Опыт от 3 лет, профильное образование, знание английского.",1995,5,0,0,0
ООО Яндекс,6331060058,Data Scientist,"Присоединяйтесь к команде аналитиков. Требования: SQL, Python, понимание статистики. Обязанности: построение отчётов, анализ метрик, A/B тесты. Условия: официальное трудоустройство, обучение, карьерный рост.","Высшее образование, опыт работы от 2 лет, аналитическое мышление.",3540,1,0,0,0
АО Лаборатория Касперского,7864622520,Python-разработчик,"Ищем опытного специалиста для работы над продуктом. Требования: опыт от 3 лет, знание Python, Django, PostgreSQL. Обязанности: разработка новых модулей, code review, участие в архитектурных решениях. Условия: ДМС, гибкий график, офис в центре.","Опыт от 3 лет, профильное образование, знание английского.",3063,1,0,0,0
ПАО Газпром,8279194099,Менеджер проектов,"Ищем опытного специалиста для работы над продуктом. Требования: опыт от 3 лет, знание Python, Django, PostgreSQL. Обязанности: разработка новых модулей, code review, участие в архитектурных решениях. Условия: ДМС, гибкий график, офис в центре.","Портфолио, опыт коммерческой разработки, знание Git.",1742,0,0,0,0
ООО Тинькофф,1539502404,Аналитик данных,"Ищем опытного специалиста для работы над продуктом. Требования: опыт от 3 лет, знание Python, Django, PostgreSQL. Обязанности: разработка новых модулей, code review, участие в архитектурных решениях. Условия: ДМС, гибкий график, офис в центре.","Высшее образование, опыт работы от 2 лет, аналитическое мышление.",699,5,0,0,0
ПАО Газпром,4017426845,Python-разработчик,"Мы ищем frontend-разработчика с опытом React. Требования: React, TypeScript, Redux, опыт коммерческой разработки от 2 лет. Обязанности: разработка интерфейсов, интеграция с API. Условия: удалёнка, ДМС, оплата по итогам собеседования.","Портфолио, опыт коммерческой разработки, знание Git.",3007,0,0,0,0
ИП Иванов,5912896599,Срочно! Набор сотрудников,"СРОЧНО! Требуются люди для简单 работы. Оплата 5000 руб/день. Без опыта, без вложений. Писать в телеграм @easy_money. Работа из дома, свободный график. Звоните прямо сейчас!",Никаких навыков не требуется!,38,27,1,9,1
ООО 1С,8256394278,QA-инженер,"Ищем DevOps-инженера. Требования: Docker, Kubernetes, CI/CD, опыт работы с облаками. Обязанности: автоматизация деплоя, мониторинг, поддержка инфраструктуры. Условия: удалёнка, оплата 200000-250000 руб.","Опыт работы с Docker, Kubernetes, понимание CI/CD.",2232,4,0,0,0
ООО Яндекс,9181845187,QA-инженер,"Присоединяйтесь к команде аналитиков. Требования: SQL, Python, понимание статистики. Обязанности: построение отчётов, анализ метрик, A/B тесты. Условия: официальное трудоустройство, обучение, карьерный рост.","Опыт администрирования Linux, знание сетей, ответственность.",1235,4,0,0,0
ООО Рога и Копыта,2554164316,Работа с высокой оплатой без опыта,Набор сотрудников для удалённой работы. Оплата 3000 руб за 2 часа. Никаких навыков не требуется. Срочно! Пишите в Telegram. Работа из любой точки мира.,"Ответственность, желание зарабатывать, без опыта.",56,40,0,6,1
АО ВТБ,9486661882,Python-разработчик,"Ищем опытного специалиста для работы над продуктом. Требования: опыт от 3 лет, знание Python, Django, PostgreSQL. Обязанности: разработка новых модулей, code review, участие в архитектурных решениях. Условия: ДМС, гибкий график, офис в центре.","Опыт администрирования Linux, знание сетей, ответственность.",2703,1,0,0,0
ООО КРОК,5840862110,Python-разработчик,"Ищем опытного специалиста для работы над продуктом. Требования: опыт от 3 лет, знание Python, Django, PostgreSQL. Обязанности: разработка новых модулей, code review, участие в архитектурных решениях. Условия: ДМС, гибкий график, офис в центре.","Опыт работы с Docker, Kubernetes, понимание CI/CD.",2327,1,0,0,0
ПАО Ростелеком,3447315849,Frontend-разработчик,"Присоединяйтесь к команде аналитиков. Требования: SQL, Python, понимание статистики. Обязанности: построение отчётов, анализ метрик, A/B тесты. Условия: официальное трудоустройство, обучение, карьерный рост.","Опыт от 3 лет, профильное образование, знание английского.",2093,5,0,0,0
АО ВТБ,4708164701,Технический писатель,"Ищем опытного специалиста для работы над продуктом. Требования: опыт от 3 лет, знание Python, Django, PostgreSQL. Обязанности: разработка новых модулей, code review, участие в архитектурных решениях. Условия: ДМС, гибкий график, офис в центре.","Опыт работы с Docker, Kubernetes, понимание CI/CD.",2630,0,0,0,0
ООО Яндекс,2713900537,Data Scientist,"Мы ищем frontend-разработчика с опытом React. Требования: React, TypeScript, Redux, опыт коммерческой разработки от 2 лет. Обязанности: разработка интерфейсов, интеграция с API. Условия: удалёнка, ДМС, оплата по итогам собеседования.","Высшее образование, опыт работы от 2 лет, аналитическое мышление.",695,4,0,0,0
ООО Лёгкий Заработок,1662481323,Простая работа на дому,Заработок от 100000 рублей в неделю! Никакого опыта не нужно. Обучим бесплатно. Оплата ежедневно. Пишите в WhatsApp. Количество мест ограничено!,"Возраст от 18 лет, наличие телефона.",21,38,0,9,1
АО ВТБ,3303477863,Data Scientist,"Присоединяйтесь к команде аналитиков. Требования: SQL, Python, понимание статистики. Обязанности: построение отчётов, анализ метрик, A/B тесты. Условия: официальное трудоустройство, обучение, карьерный рост.","Опыт от 3 лет, профильное образование, знание английского.",1908,5,0,0,0
ООО Рога и Копыта,4732043097,Подработка для всех,Заработок от 100000 рублей в неделю! Никакого опыта не нужно. Обучим бесплатно. Оплата ежедневно. Пишите в WhatsApp. Количество мест ограничено!,Никаких навыков не требуется!,53,38,1,10,1
ИП Иванов,9732807712,Заработок из дома 100000 руб/день,Набор сотрудников для удалённой работы. Оплата 3000 руб за 2 часа. Никаких навыков не требуется. Срочно! Пишите в Telegram. Работа из любой точки мира.,Никаких навыков не требуется!,7,24,0,8,1
ООО Тинькофф,2326111782,Технический писатель,"Присоединяйтесь к команде аналитиков. Требования: SQL, Python, понимание статистики. Обязанности: построение отчётов, анализ метрик, A/B тесты. Условия: официальное трудоустройство, обучение, карьерный рост.","Портфолио, опыт коммерческой разработки, знание Git.",400,0,0,0,0
ПАО Газпром,8631165665,Бизнес-аналитик,"Требуется системный администратор. Обязанности: поддержка серверов Linux, настройка сети, резервное копирование. Требования: опыт работы от 2 лет, знание Windows Server, Linux. Условия: полный день, соцпакет.","Высшее образование, опыт работы от 2 лет, аналитическое мышление.",2092,5,0,0,0
ПАО Ростелеком,5097499301,Системный администратор,"Ищем опытного специалиста для работы над продуктом. Требования: опыт от 3 лет, знание Python, Django, PostgreSQL. Обязанности: разработка новых модулей, code review, участие в архитектурных решениях. Условия: ДМС, гибкий график, офис в центре.","Опыт администрирования Linux, знание сетей, ответственность.",2570,3,0,0,0
ООО Яндекс,6528938910,Аналитик данных,"Присоединяйтесь к команде аналитиков. Требования: SQL, Python, понимание статистики. Обязанности: построение отчётов, анализ метрик, A/B тесты. Условия: официальное трудоустройство, обучение, карьерный рост.","Портфолио, опыт коммерческой разработки, знание Git.",585,4,0,0,0
ПАО Ростелеком,1555438403,Backend-разработчик,"Требуется системный администратор. Обязанности: поддержка серверов Linux, настройка сети, резервное копирование. Требования: опыт работы от 2 лет, знание Windows Server, Linux. Условия: полный день, соцпакет.","Высшее образование, опыт работы от 2 лет, аналитическое мышление.",2743,2,0,0,0
ООО Лёгкий Заработок,5065578201,Заработок из дома 100000 руб/день,"СРОЧНО! Требуются люди для简单 работы. Оплата 5000 руб/день. Без опыта, без вложений. Писать в телеграм @easy_money. Работа из дома, свободный график. Звоните прямо сейчас!",Срочно! Наличие свободного времени.,40,46,0,6,1
ИП Сидоров,3305248088,"Требуются люди, оплата ежедневно","Работа мечты! Гибкий график, высокая оплата, без начальников. Требуются люди с 18 лет. Оплата сразу после смены. Подробности в личные сообщения.",Никаких навыков не требуется!,57,13,1,4,1
ООО Яндекс,3606501917,Технический писатель,"Присоединяйтесь к команде аналитиков. Требования: SQL, Python, понимание статистики. Обязанности: построение отчётов, анализ метрик, A/B тесты. Условия: официальное трудоустройство, обучение, карьерный рост.","Опыт от 3 лет, профильное образование, знание английского.",2133,4,0,0,0
ООО Золотая Жила,1871827496,Работа мечты — 200000 руб/неделю,"СРОЧНО! Требуются люди для简单 работы. Оплата 5000 руб/день. Без опыта, без вложений. Писать в телеграм @easy_money. Работа из дома, свободный график. Звоните прямо сейчас!",Без опыта! Обучим всему за 1 день!,51,44,1,2,1
ИП Сидоров,2259020357,Заработок из дома 100000 руб/день,"СРОЧНО! Требуются люди для简单 работы. Оплата 5000 руб/день. Без опыта, без вложений. Писать в телеграм @easy_money. Работа из дома, свободный график. Звоните прямо сейчас!",Без опыта! Обучим всему за 1 день!,5,25,1,5,1
ПАО Ростелеком,4318195888,Data Scientist,"Ищем опытного специалиста для работы над продуктом. Требования: опыт от 3 лет, знание Python, Django, PostgreSQL. Обязанности: разработка новых модулей, code review, участие в архитектурных решениях. Условия: ДМС, гибкий график, офис в центре.","Опыт работы с Docker, Kubernetes, понимание CI/CD.",1078,3,0,0,0
ООО Быстрые Деньги,7684732365,Срочно! Набор сотрудников,"СРОЧНО! Требуются люди для简单 работы. Оплата 5000 руб/день. Без опыта, без вложений. Писать в телеграм @easy_money. Работа из дома, свободный график. Звоните прямо сейчас!","Возраст от 18 лет, наличие телефона.",12,25,1,9,1
ООО МТС,1369711790,Менеджер проектов,"Мы ищем frontend-разработчика с опытом React. Требования: React, TypeScript, Redux, опыт коммерческой разработки от 2 лет. Обязанности: разработка интерфейсов, интеграция с API. Условия: удалёнка, ДМС, оплата по итогам собеседования.","Опыт от 3 лет, профильное образование, знание английского.",2375,0,0,0,0
АО ВТБ,5708272353,Технический писатель,"Требуется системный администратор. Обязанности: поддержка серверов Linux, настройка сети, резервное копирование. Требования: опыт работы от 2 лет, знание Windows Server, Linux. Условия: полный день, соцпакет.","Опыт от 3 лет, профильное образование, знание английского.",2507,0,0,0,0
ИП Иванов,2942268653,Заработок из дома 100000 руб/день,Набор сотрудников для удалённой работы. Оплата 3000 руб за 2 часа. Никаких навыков не требуется. Срочно! Пишите в Telegram. Работа из любой точки мира.,Никаких навыков не требуется!,26,48,1,7,1
ООО Тинькофф,8702727850,Менеджер проектов,"Мы ищем frontend-разработчика с опытом React. Требования: React, TypeScript, Redux, опыт коммерческой разработки от 2 лет. Обязанности: разработка интерфейсов, интеграция с API. Условия: удалёнка, ДМС, оплата по итогам собеседования.","Портфолио, опыт коммерческой разработки, знание Git.",2074,3,0,0,0
ПАО Ростелеком,3897317910,Менеджер проектов,"Ищем опытного специалиста для работы над продуктом. Требования: опыт от 3 лет, знание Python, Django, PostgreSQL. Обязанности: разработка новых модулей, code review, участие в архитектурных решениях. Условия: ДМС, гибкий график, офис в центре.","Портфолио, опыт коммерческой разработки, знание Git.",865,4,0,0,0
ООО МТС,8970509751,Product Manager,"Ищем DevOps-инженера. Требования: Docker, Kubernetes, CI/CD, опыт работы с облаками. Обязанности: автоматизация деплоя, мониторинг, поддержка инфраструктуры. Условия: удалёнка, оплата 200000-250000 руб.","Опыт от 3 лет, профильное образование, знание английского.",1402,2,0,0,0
ООО Золотая Жила,5781506185,Заработок из дома 100000 руб/день,"Работа мечты! Гибкий график, высокая оплата, без начальников. Требуются люди с 18 лет. Оплата сразу после смены. Подробности в личные сообщения.",Никаких навыков не требуется!,12,45,1,2,1
ООО Деньги Сразу,9214339527,"Требуются люди, оплата ежедневно","Работа мечты! Гибкий график, высокая оплата, без начальников. Требуются люди с 18 лет. Оплата сразу после смены. Подробности в личные сообщения.",Никаких навыков не требуется!,56,41,1,5,1
ООО 1С,9131292089,Backend-разработчик,"Ищем опытного специалиста для работы над продуктом. Требования: опыт от 3 лет, знание Python, Django, PostgreSQL. Обязанности: разработка новых модулей, code review, участие в архитектурных решениях. Условия: ДМС, гибкий график, офис в центре.","Опыт работы с Docker, Kubernetes, понимание CI/CD.",2011,2,0,0,0
ООО МТС,1155778814,DevOps-инженер,"Требуется системный администратор. Обязанности: поддержка серверов Linux, настройка сети, резервное копирование. Требования: опыт работы от 2 лет, знание Windows Server, Linux. Условия: полный день, соцпакет.","Портфолио, опыт коммерческой разработки, знание Git.",2105,5,0,0,0
ООО Быстрые Деньги,8418652057,Простая работа на дому,Заработок от 100000 рублей в неделю! Никакого опыта не нужно. Обучим бесплатно. Оплата ежедневно. Пишите в WhatsApp. Количество мест ограничено!,"Ответственность, желание зарабатывать, без опыта.",49,32,1,8,1
ООО Skillbox,6184269458,Системный администратор,"Ищем DevOps-инженера. Требования: Docker, Kubernetes, CI/CD, опыт работы с облаками. Обязанности: автоматизация деплоя, мониторинг, поддержка инфраструктуры. Условия: удалёнка, оплата 200000-250000 руб.","Портфолио, опыт коммерческой разработки, знание Git.",414,5,0,0,0
ООО КРОК,3786876535,Backend-разработчик,"Ищем DevOps-инженера. Требования: Docker, Kubernetes, CI/CD, опыт работы с облаками. Обязанности: автоматизация деплоя, мониторинг, поддержка инфраструктуры. Условия: удалёнка, оплата 200000-250000 руб.","Опыт администрирования Linux, знание сетей, ответственность.",941,3,0,0,0
АО ВТБ,6616420596,Менеджер проектов,"Мы ищем frontend-разработчика с опытом React. Требования: React, TypeScript, Redux, опыт коммерческой разработки от 2 лет. Обязанности: разработка интерфейсов, интеграция с API. Условия: удалёнка, ДМС, оплата по итогам собеседования.","Опыт работы с Docker, Kubernetes, понимание CI/CD.",3408,2,0,0,0
АО Альфа-Банк,1808823511,QA-инженер,"Ищем опытного специалиста для работы над продуктом. Требования: опыт от 3 лет, знание Python, Django, PostgreSQL. Обязанности: разработка новых модулей, code review, участие в архитектурных решениях. Условия: ДМС, гибкий график, офис в центре.","Высшее образование, опыт работы от 2 лет, аналитическое мышление.",1068,0,0,0,0
ПАО Газпром,5191380007,Frontend-разработчик,"Мы ищем frontend-разработчика с опытом React. Требования: React, TypeScript, Redux, опыт коммерческой разработки от 2 лет. Обязанности: разработка интерфейсов, интеграция с API. Условия: удалёнка, ДМС, оплата по итогам собеседования.","Высшее образование, опыт работы от 2 лет, аналитическое мышление.",1181,0,0,0,0
ООО 1С,8298068653,DevOps-инженер,"Ищем опытного специалиста для работы над продуктом. Требования: опыт от 3 лет, знание Python, Django, PostgreSQL. Обязанности: разработка новых модулей, code review, участие в архитектурных решениях. Условия: ДМС, гибкий график, офис в центре.","Опыт от 3 лет, профильное образование, знание английского.",357,5,0,0,0
ПАО Сбербанк,4375433031,Data Scientist,"Ищем опытного специалиста для работы над продуктом. Требования: опыт от 3 лет, знание Python, Django, PostgreSQL. Обязанности: разработка новых модулей, code review, участие в архитектурных решениях. Условия: ДМС, гибкий график, офис в центре.","Опыт администрирования Linux, знание сетей, ответственность.",1812,2,0,0,0
АО Альфа-Банк,3056647420,Аналитик данных,"Присоединяйтесь к команде аналитиков. Требования: SQL, Python, понимание статистики. Обязанности: построение отчётов, анализ метрик, A/B тесты. Условия: официальное трудоустройство, обучение, карьерный рост.","Портфолио, опыт коммерческой разработки, знание Git.",3371,1,0,0,0
ПАО Газпром,2581449146,Аналитик данных,"Ищем DevOps-инженера. Требования: Docker, Kubernetes, CI/CD, опыт работы с облаками. Обязанности: автоматизация деплоя, мониторинг, поддержка инфраструктуры. Условия: удалёнка, оплата 200000-250000 руб.","Опыт от 3 лет, профильное образование, знание английского.",3314,3,0,0,0
ООО Быстрые Деньги,3036258631,"Требуются люди, оплата ежедневно",Свободная подработка! Оплата ежедневно 2000-5000 руб. Без опыта и вложений. Быстрое оформление. Звоните с 9 до 21. Количество мест ограничено.,"Возраст от 18 лет, наличие телефона.",19,26,0,9,1
ООО Быстрые Деньги,5264250642,Подработка для всех,Свободная подработка! Оплата ежедневно 2000-5000 руб. Без опыта и вложений. Быстрое оформление. Звоните с 9 до 21. Количество мест ограничено.,"Возраст от 18 лет, наличие телефона.",2,39,1,10,1
ООО Быстрые Деньги,3251207341,Работа мечты — 200000 руб/неделю,Заработок от 100000 рублей в неделю! Никакого опыта не нужно. Обучим бесплатно. Оплата ежедневно. Пишите в WhatsApp. Количество мест ограничено!,Никаких навыков не требуется!,25,50,1,6,1
ПАО Газпром,5013223420,DevOps-инженер,"Мы ищем frontend-разработчика с опытом React. Требования: React, TypeScript, Redux, опыт коммерческой разработки от 2 лет. Обязанности: разработка интерфейсов, интеграция с API. Условия: удалёнка, ДМС, оплата по итогам собеседования.","Высшее образование, опыт работы от 2 лет, аналитическое мышление.",1039,1,0,0,0
ООО КРОК,3407581812,Frontend-разработчик,"Присоединяйтесь к команде аналитиков. Требования: SQL, Python, понимание статистики. Обязанности: построение отчётов, анализ метрик, A/B тесты. Условия: официальное трудоустройство, обучение, карьерный рост.","Опыт работы с Docker, Kubernetes, понимание CI/CD.",1347,0,0,0,0
ПАО Газпром,8687014629,Бизнес-аналитик,"Присоединяйтесь к команде аналитиков. Требования: SQL, Python, понимание статистики. Обязанности: построение отчётов, анализ метрик, A/B тесты. Условия: официальное трудоустройство, обучение, карьерный рост.","Портфолио, опыт коммерческой разработки, знание Git.",1897,1,0,0,0
ООО Тинькофф,7513644243,Технический писатель,"Мы ищем frontend-разработчика с опытом React. Требования: React, TypeScript, Redux, опыт коммерческой разработки от 2 лет. Обязанности: разработка интерфейсов, интеграция с API. Условия: удалёнка, ДМС, оплата по итогам собеседования.","Опыт администрирования Linux, знание сетей, ответственность.",2993,4,0,0,0
ИП Иванов,7375791459,Подработка для всех,Заработок от 100000 рублей в неделю! Никакого опыта не нужно. Обучим бесплатно. Оплата ежедневно. Пишите в WhatsApp. Количество мест ограничено!,Срочно! Наличие свободного времени.,9,50,0,3,1
ООО Яндекс,7605583030,Backend-разработчик,"Ищем опытного специалиста для работы над продуктом. Требования: опыт от 3 лет, знание Python, Django, PostgreSQL. Обязанности: разработка новых модулей, code review, участие в архитектурных решениях. Условия: ДМС, гибкий график, офис в центре.","Высшее образование, опыт работы от 2 лет, аналитическое мышление.",3006,2,0,0,0
ООО КРОК,9623690366,Frontend-разработчик,"Мы ищем frontend-разработчика с опытом React. Требования: React, TypeScript, Redux, опыт коммерческой разработки от 2 лет. Обязанности: разработка интерфейсов, интеграция с API. Условия: удалёнка, ДМС, оплата по итогам собеседования.","Опыт от 3 лет, профильное образование, знание английского.",932,5,0,0,0
ИП Петров А.А.,5666617074,Набор менеджеров без опыта,Заработок от 100000 рублей в неделю! Никакого опыта не нужно. Обучим бесплатно. Оплата ежедневно. Пишите в WhatsApp. Количество мест ограничено!,"Ответственность, желание зарабатывать, без опыта.",6,30,1,9,1
ПАО Газпром,6453817923,Бизнес-аналитик,"Требуется системный администратор. Обязанности: поддержка серверов Linux, настройка сети, резервное копирование. Требования: опыт работы от 2 лет, знание Windows Server, Linux. Условия: полный день, соцпакет.","Опыт работы с Docker, Kubernetes, понимание CI/CD.",560,5,0,0,0
ООО Деньги Сразу,4825212932,"Требуются люди, оплата ежедневно","СРОЧНО! Требуются люди для简单 работы. Оплата 5000 руб/день. Без опыта, без вложений. Писать в телеграм @easy_money. Работа из дома, свободный график. Звоните прямо сейчас!",Срочно! Наличие свободного времени.,34,49,1,5,1
ПАО Сбербанк,4289802711,Технический писатель,"Требуется системный администратор. Обязанности: поддержка серверов Linux, настройка сети, резервное копирование. Требования: опыт работы от 2 лет, знание Windows Server, Linux. Условия: полный день, соцпакет.","Портфолио, опыт коммерческой разработки, знание Git.",1414,5,0,0,0
ПАО Ростелеком,2082555981,Системный администратор,"Мы ищем frontend-разработчика с опытом React. Требования: React, TypeScript, Redux, опыт коммерческой разработки от 2 лет. Обязанности: разработка интерфейсов, интеграция с API. Условия: удалёнка, ДМС, оплата по итогам собеседования.","Опыт от 3 лет, профильное образование, знание английского.",2656,2,0,0,0
АО ВТБ,7262658262,Бизнес-аналитик,"Требуется системный администратор. Обязанности: поддержка серверов Linux, настройка сети, резервное копирование. Требования: опыт работы от 2 лет, знание Windows Server, Linux. Условия: полный день, соцпакет.","Опыт от 3 лет, профильное образование, знание английского.",1126,0,0,0,0
ПАО Ростелеком,7477159104,Backend-разработчик,"Ищем DevOps-инженера. Требования: Docker, Kubernetes, CI/CD, опыт работы с облаками. Обязанности: автоматизация деплоя, мониторинг, поддержка инфраструктуры. Условия: удалёнка, оплата 200000-250000 руб.","Опыт от 3 лет, профильное образование, знание английского.",1097,0,0,0,0
ООО Тинькофф,5090367881,Бизнес-аналитик,"Мы ищем frontend-разработчика с опытом React. Требования: React, TypeScript, Redux, опыт коммерческой разработки от 2 лет. Обязанности: разработка интерфейсов, интеграция с API. Условия: удалёнка, ДМС, оплата по итогам собеседования.","Высшее образование, опыт работы от 2 лет, аналитическое мышление.",487,1,0,0,0
ПАО Сбербанк,7430098181,QA-инженер,"Ищем DevOps-инженера. Требования: Docker, Kubernetes, CI/CD, опыт работы с облаками. Обязанности: автоматизация деплоя, мониторинг, поддержка инфраструктуры. Условия: удалёнка, оплата 200000-250000 руб.","Опыт работы с Docker, Kubernetes, понимание CI/CD.",209,3,0,0,0
ООО Skillbox,8044964102,Backend-разработчик,"Ищем опытного специалиста для работы над продуктом. Требования: опыт от 3 лет, знание Python, Django, PostgreSQL. Обязанности: разработка новых модулей, code review, участие в архитектурных решениях. Условия: ДМС, гибкий график, офис в центре.","Опыт от 3 лет, профильное образование, знание английского.",1323,4,0,0,0
ПАО Сбербанк,2680061026,Технический писатель,"Ищем DevOps-инженера. Требования: Docker, Kubernetes, CI/CD, опыт работы с облаками. Обязанности: автоматизация деплоя, мониторинг, поддержка инфраструктуры. Условия: удалёнка, оплата 200000-250000 руб.","Портфолио, опыт коммерческой разработки, знание Git.",2866,3,0,0,0
ООО Лёгкий Заработок,3831995298,Работа с высокой оплатой без опыта,"Работа мечты! Гибкий график, высокая оплата, без начальников. Требуются люди с 18 лет. Оплата сразу после смены. Подробности в личные сообщения.","Ответственность, желание зарабатывать, без опыта.",1,11,1,3,1
ООО Яндекс,9097339778,Backend-разработчик,"Требуется системный администратор. Обязанности: поддержка серверов Linux, настройка сети, резервное копирование. Требования: опыт работы от 2 лет, знание Windows Server, Linux. Условия: полный день, соцпакет.","Опыт администрирования Linux, знание сетей, ответственность.",1859,3,0,0,0
ООО Яндекс,5280138752,DevOps-инженер,"Присоединяйтесь к команде аналитиков. Требования: SQL, Python, понимание статистики. Обязанности: построение отчётов, анализ метрик, A/B тесты. Условия: официальное трудоустройство, обучение, карьерный рост.","Высшее образование, опыт работы от 2 лет, аналитическое мышление.",3039,4,0,0,0
ООО Skillbox,8416089892,Backend-разработчик,"Ищем DevOps-инженера. Требования: Docker, Kubernetes, CI/CD, опыт работы с облаками. Обязанности: автоматизация деплоя, мониторинг, поддержка инфраструктуры. Условия: удалёнка, оплата 200000-250000 руб.","Высшее образование, опыт работы от 2 лет, аналитическое мышление.",2955,4,0,0,0
АО Альфа-Банк,4564651934,Технический писатель,"Требуется системный администратор. Обязанности: поддержка серверов Linux, настройка сети, резервное копирование. Требования: опыт работы от 2 лет, знание Windows Server, Linux. Условия: полный день, соцпакет.","Опыт работы с Docker, Kubernetes, понимание CI/CD.",2605,4,0,0,0
ПАО Ростелеком,3038806532,Python-разработчик,"Ищем DevOps-инженера. Требования: Docker, Kubernetes, CI/CD, опыт работы с облаками. Обязанности: автоматизация деплоя, мониторинг, поддержка инфраструктуры. Условия: удалёнка, оплата 200000-250000 руб.","Опыт работы с Docker, Kubernetes, понимание CI/CD.",1000,5,0,0,0
ООО Skillbox,7443098598,Системный администратор,"Мы ищем frontend-разработчика с опытом React. Требования: React, TypeScript, Redux, опыт коммерческой разработки от 2 лет. Обязанности: разработка интерфейсов, интеграция с API. Условия: удалёнка, ДМС, оплата по итогам собеседования.","Опыт администрирования Linux, знание сетей, ответственность.",683,3,0,0,0
АО ВТБ,2666870025,QA-инженер,"Ищем опытного специалиста для работы над продуктом. Требования: опыт от 3 лет, знание Python, Django, PostgreSQL. Обязанности: разработка новых модулей, code review, участие в архитектурных решениях. Условия: ДМС, гибкий график, офис в центре.","Опыт от 3 лет, профильное образование, знание английского.",518,3,0,0,0
ООО МТС,8635148460,Аналитик данных,"Ищем DevOps-инженера. Требования: Docker, Kubernetes, CI/CD, опыт работы с облаками. Обязанности: автоматизация деплоя, мониторинг, поддержка инфраструктуры. Условия: удалёнка, оплата 200000-250000 руб.","Опыт работы с Docker, Kubernetes, понимание CI/CD.",2897,4,0,0,0
ООО 1С,8389975634,Бизнес-аналитик,"Присоединяйтесь к команде аналитиков. Требования: SQL, Python, понимание статистики. Обязанности: построение отчётов, анализ метрик, A/B тесты. Условия: официальное трудоустройство, обучение, карьерный рост.","Опыт администрирования Linux, знание сетей, ответственность.",1415,0,0,0,0
ООО Работа Мечты,4162526549,"Свободный график, оплата сразу",Набор сотрудников для удалённой работы. Оплата 3000 руб за 2 часа. Никаких навыков не требуется. Срочно! Пишите в Telegram. Работа из любой точки мира.,"Ответственность, желание зарабатывать, без опыта.",52,37,1,8,1
ООО Работа Мечты,2715160252,Срочно! Набор сотрудников,Заработок от 100000 рублей в неделю! Никакого опыта не нужно. Обучим бесплатно. Оплата ежедневно. Пишите в WhatsApp. Количество мест ограничено!,"Ответственность, желание зарабатывать, без опыта.",36,42,1,9,1
ООО Тинькофф,2214785399,Системный администратор,"Мы ищем frontend-разработчика с опытом React. Требования: React, TypeScript, Redux, опыт коммерческой разработки от 2 лет. Обязанности: разработка интерфейсов, интеграция с API. Условия: удалёнка, ДМС, оплата по итогам собеседования.","Опыт работы с Docker, Kubernetes, понимание CI/CD.",348,3,0,0,0
АО Лаборатория Касперского,2878519108,DevOps-инженер,"Присоединяйтесь к команде аналитиков. Требования: SQL, Python, понимание статистики. Обязанности: построение отчётов, анализ метрик, A/B тесты. Условия: официальное трудоустройство, обучение, карьерный рост.","Высшее образование, опыт работы от 2 лет, аналитическое мышление.",3574,4,0,0,0
ООО Skillbox,1518347388,Python-разработчик,"Присоединяйтесь к команде аналитиков. Требования: SQL, Python, понимание статистики. Обязанности: построение отчётов, анализ метрик, A/B тесты. Условия: официальное трудоустройство, обучение, карьерный рост.","Опыт от 3 лет, профильное образование, знание английского.",721,5,0,0,0
ООО Яндекс,8657289418,Бизнес-аналитик,"Ищем DevOps-инженера. Требования: Docker, Kubernetes, CI/CD, опыт работы с облаками. Обязанности: автоматизация деплоя, мониторинг, поддержка инфраструктуры. Условия: удалёнка, оплата 200000-250000 руб.","Портфолио, опыт коммерческой разработки, знание Git.",1131,2,0,0,0
ООО Лёгкий Заработок,7335357485,Подработка для всех,"СРОЧНО! Требуются люди для简单 работы. Оплата 5000 руб/день. Без опыта, без вложений. Писать в телеграм @easy_money. Работа из дома, свободный график. Звоните прямо сейчас!",Без опыта! Обучим всему за 1 день!,36,31,1,5,1
ПАО Газпром,9705685663,Технический писатель,"Присоединяйтесь к команде аналитиков. Требования: SQL, Python, понимание статистики. Обязанности: построение отчётов, анализ метрик, A/B тесты. Условия: официальное трудоустройство, обучение, карьерный рост.","Опыт администрирования Linux, знание сетей, ответственность.",791,2,0,0,0
ООО Быстрые Деньги,2785138544,Работа мечты — 200000 руб/неделю,"Работа мечты! Гибкий график, высокая оплата, без начальников. Требуются люди с 18 лет. Оплата сразу после смены. Подробности в личные сообщения.","Ответственность, желание зарабатывать, без опыта.",48,30,1,9,1
ООО Тинькофф,1371990519,Менеджер проектов,"Ищем DevOps-инженера. Требования: Docker, Kubernetes, CI/CD, опыт работы с облаками. Обязанности: автоматизация деплоя, мониторинг, поддержка инфраструктуры. Условия: удалёнка, оплата 200000-250000 руб.","Портфолио, опыт коммерческой разработки, знание Git.",1884,4,0,0,0
ООО 1С,6257828414,Технический писатель,"Ищем опытного специалиста для работы над продуктом. Требования: опыт от 3 лет, знание Python, Django, PostgreSQL. Обязанности: разработка новых модулей, code review, участие в архитектурных решениях. Условия: ДМС, гибкий график, офис в центре.","Портфолио, опыт коммерческой разработки, знание Git.",282,3,0,0,0
ООО Тинькофф,1155799807,Product Manager,"Ищем DevOps-инженера. Требования: Docker, Kubernetes, CI/CD, опыт работы с облаками. Обязанности: автоматизация деплоя, мониторинг, поддержка инфраструктуры. Условия: удалёнка, оплата 200000-250000 руб.","Опыт работы с Docker, Kubernetes, понимание CI/CD.",828,4,0,0,0
ИП Петров А.А.,8360601488,Работа с высокой оплатой без опыта,Свободная подработка! Оплата ежедневно 2000-5000 руб. Без опыта и вложений. Быстрое оформление. Звоните с 9 до 21. Количество мест ограничено.,Никаких навыков не требуется!,60,36,0,10,1
ПАО Сбербанк,5717465425,Технический писатель,"Присоединяйтесь к команде аналитиков. Требования: SQL, Python, понимание статистики. Обязанности: построение отчётов, анализ метрик, A/B тесты. Условия: официальное трудоустройство, обучение, карьерный рост.","Портфолио, опыт коммерческой разработки, знание Git.",3377,0,0,0,0
ООО Яндекс,8480162451,Python-разработчик,"Мы ищем frontend-разработчика с опытом React. Требования: React, TypeScript, Redux, опыт коммерческой разработки от 2 лет. Обязанности: разработка интерфейсов, интеграция с API. Условия: удалёнка, ДМС, оплата по итогам собеседования.","Опыт администрирования Linux, знание сетей, ответственность.",3308,3,0,0,0
ООО 1С,4778892550,Product Manager,"Присоединяйтесь к команде аналитиков. Требования: SQL, Python, понимание статистики. Обязанности: построение отчётов, анализ метрик, A/B тесты. Условия: официальное трудоустройство, обучение, карьерный рост.","Опыт от 3 лет, профильное образование, знание английского.",1338,3,0,0,0
ООО Skillbox,9529456376,Менеджер проектов,"Мы ищем frontend-разработчика с опытом React. Требования: React, TypeScript, Redux, опыт коммерческой разработки от 2 лет. Обязанности: разработка интерфейсов, интеграция с API. Условия: удалёнка, ДМС, оплата по итогам собеседования.","Опыт администрирования Linux, знание сетей, ответственность.",2782,0,0,0,0
АО Альфа-Банк,7184787003,Бизнес-аналитик,"Присоединяйтесь к команде аналитиков. Требования: SQL, Python, понимание статистики. Обязанности: построение отчётов, анализ метрик, A/B тесты. Условия: официальное трудоустройство, обучение, карьерный рост.","Опыт администрирования Linux, знание сетей, ответственность.",1569,0,0,0,0
АО ВТБ,7591166555,Менеджер проектов,"Ищем опытного специалиста для работы над продуктом. Требования: опыт от 3 лет, знание Python, Django, PostgreSQL. Обязанности: разработка новых модулей, code review, участие в архитектурных решениях. Условия: ДМС, гибкий график, офис в центре.","Портфолио, опыт коммерческой разработки, знание Git.",960,2,0,0,0
ООО МТС,3060212887,DevOps-инженер,"Требуется системный администратор. Обязанности: поддержка серверов Linux, настройка сети, резервное копирование. Требования: опыт работы от 2 лет, знание Windows Server, Linux. Условия: полный день, соцпакет.","Опыт от 3 лет, профильное образование, знание английского.",1769,3,0,0,0
АО Альфа-Банк,3644220963,Бизнес-аналитик,"Мы ищем frontend-разработчика с опытом React. Требования: React, TypeScript, Redux, опыт коммерческой разработки от 2 лет. Обязанности: разработка интерфейсов, интеграция с API. Условия: удалёнка, ДМС, оплата по итогам собеседования.","Высшее образование, опыт работы от 2 лет, аналитическое мышление.",3337,4,0,0,0
АО ВТБ,1040901388,Backend-разработчик,"Требуется системный администратор. Обязанности: поддержка серверов Linux, настройка сети, резервное копирование. Требования: опыт работы от 2 лет, знание Windows Server, Linux. Условия: полный день, соцпакет.","Опыт от 3 лет, профильное образование, знание английского.",3423,0,0,0,0
АО Лаборатория Касперского,9898645657,Системный администратор,"Ищем опытного специалиста для работы над продуктом. Требования: опыт от 3 лет, знание Python, Django, PostgreSQL. Обязанности: разработка новых модулей, code review, участие в архитектурных решениях. Условия: ДМС, гибкий график, офис в центре.","Опыт работы с Docker, Kubernetes, понимание CI/CD.",3281,1,0,0,0
АО Альфа-Банк,8128478187,Системный администратор,"Ищем опытного специалиста для работы над продуктом. Требования: опыт от 3 лет, знание Python, Django, PostgreSQL. Обязанности: разработка новых модулей, code review, участие в архитектурных решениях. Условия: ДМС, гибкий график, офис в центре.","Опыт работы с Docker, Kubernetes, понимание CI/CD.",2678,0,0,0,0
ПАО Газпром,3775618532,Аналитик данных,"Присоединяйтесь к команде аналитиков. Требования: SQL, Python, понимание статистики. Обязанности: построение отчётов, анализ метрик, A/B тесты. Условия: официальное трудоустройство, обучение, карьерный рост.","Опыт от 3 лет, профильное образование, знание английского.",2031,2,0,0,0
АО Альфа-Банк,9233749896,Менеджер проектов,"Мы ищем frontend-разработчика с опытом React. Требования: React, TypeScript, Redux, опыт коммерческой разработки от 2 лет. Обязанности: разработка интерфейсов, интеграция с API. Условия: удалёнка, ДМС, оплата по итогам собеседования.","Опыт от 3 лет, профильное образование, знание английского.",1339,0,0,0,0
ООО Лёгкий Заработок,5706810390,Работа мечты — 200000 руб/неделю,Набор сотрудников для удалённой работы. Оплата 3000 руб за 2 часа. Никаких навыков не требуется. Срочно! Пишите в Telegram. Работа из любой точки мира.,Без опыта! Обучим всему за 1 день!,13,24,1,9,1
ООО МТС,7099353870,QA-инженер,"Требуется системный администратор. Обязанности: поддержка серверов Linux, настройка сети, резервное копирование. Требования: опыт работы от 2 лет, знание Windows Server, Linux. Условия: полный день, соцпакет.","Опыт администрирования Linux, знание сетей, ответственность.",2931,2,0,0,0
ООО МТС,4574384212,Data Scientist,"Ищем опытного специалиста для работы над продуктом. Требования: опыт от 3 лет, знание Python, Django, PostgreSQL. Обязанности: разработка новых модулей, code review, участие в архитектурных решениях. Условия: ДМС, гибкий график, офис в центре.","Опыт администрирования Linux, знание сетей, ответственность.",1712,0,0,0,0
ПАО Ростелеком,5936899802,DevOps-инженер,"Мы ищем frontend-разработчика с опытом React. Требования: React, TypeScript, Redux, опыт коммерческой разработки от 2 лет. Обязанности: разработка интерфейсов, интеграция с API. Условия: удалёнка, ДМС, оплата по итогам собеседования.","Опыт от 3 лет, профильное образование, знание английского.",2674,5,0,0,0
АО Альфа-Банк,6847457057,Системный администратор,"Требуется системный администратор. Обязанности: поддержка серверов Linux, настройка сети, резервное копирование. Требования: опыт работы от 2 лет, знание Windows Server, Linux. Условия: полный день, соцпакет.","Опыт администрирования Linux, знание сетей, ответственность.",1413,5,0,0,0
ООО МТС,8556464173,Data Scientist,"Мы ищем frontend-разработчика с опытом React. Требования: React, TypeScript, Redux, опыт коммерческой разработки от 2 лет. Обязанности: разработка интерфейсов, интеграция с API. Условия: удалёнка, ДМС, оплата по итогам собеседования.","Высшее образование, опыт работы от 2 лет, аналитическое мышление.",259,5,0,0,0
ИП Иванов,7267055143,Набор менеджеров без опыта,"СРОЧНО! Требуются люди для简单 работы. Оплата 5000 руб/день. Без опыта, без вложений. Писать в телеграм @easy_money. Работа из дома, свободный график. Звоните прямо сейчас!","Ответственность, желание зарабатывать, без опыта.",31,41,1,5,1
ИП Сидоров,6887071553,Работа мечты — 200000 руб/неделю,Набор сотрудников для удалённой работы. Оплата 3000 руб за 2 часа. Никаких навыков не требуется. Срочно! Пишите в Telegram. Работа из любой точки мира.,Без опыта! Обучим всему за 1 день!,19,42,0,2,1
ООО КРОК,3517908644,QA-инженер,"Требуется системный администратор. Обязанности: поддержка серверов Linux, настройка сети, резервное копирование. Требования: опыт работы от 2 лет, знание Windows Server, Linux. Условия: полный день, соцпакет.","Высшее образование, опыт работы от 2 лет, аналитическое мышление.",528,3,0,0,0
АО Лаборатория Касперского,5701687334,DevOps-инженер,"Требуется системный администратор. Обязанности: поддержка серверов Linux, настройка сети, резервное копирование. Требования: опыт работы от 2 лет, знание Windows Server, Linux. Условия: полный день, соцпакет.","Опыт администрирования Linux, знание сетей, ответственность.",2569,2,0,0,0
ООО Лёгкий Заработок,9841834374,Простая работа на дому,Заработок от 100000 рублей в неделю! Никакого опыта не нужно. Обучим бесплатно. Оплата ежедневно. Пишите в WhatsApp. Количество мест ограничено!,"Возраст от 18 лет, наличие телефона.",2,17,1,4,1
ООО Skillbox,8814141397,Бизнес-аналитик,"Ищем опытного специалиста для работы над продуктом. Требования: опыт от 3 лет, знание Python, Django, PostgreSQL. Обязанности: разработка новых модулей, code review, участие в архитектурных решениях. Условия: ДМС, гибкий график, офис в центре.","Опыт работы с Docker, Kubernetes, понимание CI/CD.",2175,2,0,0,0
ИП Сидоров,7634533722,Подработка для всех,"Работа мечты! Гибкий график, высокая оплата, без начальников. Требуются люди с 18 лет. Оплата сразу после смены. Подробности в личные сообщения.",Срочно! Наличие свободного времени.,2,15,0,3,1
ПАО Газпром,1306738301,Python-разработчик,"Требуется системный администратор. Обязанности: поддержка серверов Linux, настройка сети, резервное копирование. Требования: опыт работы от 2 лет, знание Windows Server, Linux. Условия: полный день, соцпакет.","Опыт работы с Docker, Kubernetes, понимание CI/CD.",753,4,0,0,0
ООО Лёгкий Заработок,7367747226,Заработок из дома 100000 руб/день,"Работа мечты! Гибкий график, высокая оплата, без начальников. Требуются люди с 18 лет. Оплата сразу после смены. Подробности в личные сообщения.",Срочно! Наличие свободного времени.,18,10,1,7,1
АО ВТБ,4799650752,Аналитик данных,"Мы ищем frontend-разработчика с опытом React. Требования: React, TypeScript, Redux, опыт коммерческой разработки от 2 лет. Обязанности: разработка интерфейсов, интеграция с API. Условия: удалёнка, ДМС, оплата по итогам собеседования.","Опыт администрирования Linux, знание сетей, ответственность.",924,3,0,0,0
ООО МТС,2017490759,Product Manager,"Ищем DevOps-инженера. Требования: Docker, Kubernetes, CI/CD, опыт работы с облаками. Обязанности: автоматизация деплоя, мониторинг, поддержка инфраструктуры. Условия: удалёнка, оплата 200000-250000 руб.","Портфолио, опыт коммерческой разработки, знание Git.",1147,5,0,0,0
АО Альфа-Банк,7162299919,Бизнес-аналитик,"Ищем DevOps-инженера. Требования: Docker, Kubernetes, CI/CD, опыт работы с облаками. Обязанности: автоматизация деплоя, мониторинг, поддержка инфраструктуры. Условия: удалёнка, оплата 200000-250000 руб.","Опыт работы с Docker, Kubernetes, понимание CI/CD.",612,4,0,0,0
ООО МТС,1438057193,Product Manager,"Мы ищем frontend-разработчика с опытом React. Требования: React, TypeScript, Redux, опыт коммерческой разработки от 2 лет. Обязанности: разработка интерфейсов, интеграция с API. Условия: удалёнка, ДМС, оплата по итогам собеседования.","Высшее образование, опыт работы от 2 лет, аналитическое мышление.",2946,5,0,0,0
ПАО Ростелеком,1838663174,Менеджер проектов,"Мы ищем frontend-разработчика с опытом React. Требования: React, TypeScript, Redux, опыт коммерческой разработки от 2 лет. Обязанности: разработка интерфейсов, интеграция с API. Условия: удалёнка, ДМС, оплата по итогам собеседования.","Портфолио, опыт коммерческой разработки, знание Git.",1999,4,0,0,0
ООО 1С,9673425758,Системный администратор,"Ищем опытного специалиста для работы над продуктом. Требования: опыт от 3 лет, знание Python, Django, PostgreSQL. Обязанности: разработка новых модулей, code review, участие в архитектурных решениях. Условия: ДМС, гибкий график, офис в центре.","Портфолио, опыт коммерческой разработки, знание Git.",3544,2,0,0,0
ООО 1С,4553380337,Data Scientist,"Мы ищем frontend-разработчика с опытом React. Требования: React, TypeScript, Redux, опыт коммерческой разработки от 2 лет. Обязанности: разработка интерфейсов, интеграция с API. Условия: удалёнка, ДМС, оплата по итогам собеседования.","Опыт от 3 лет, профильное образование, знание английского.",2670,3,0,0,0
ПАО Газпром,3374740743,Product Manager,"Присоединяйтесь к команде аналитиков. Требования: SQL, Python, понимание статистики. Обязанности: построение отчётов, анализ метрик, A/B тесты. Условия: официальное трудоустройство, обучение, карьерный рост.","Опыт администрирования Linux, знание сетей, ответственность.",2955,4,0,0,0
ООО Быстрые Деньги,6727908335,Заработок из дома 100000 руб/день,"СРОЧНО! Требуются люди для简单 работы. Оплата 5000 руб/день. Без опыта, без вложений. Писать в телеграм @easy_money. Работа из дома, свободный график. Звоните прямо сейчас!",Никаких навыков не требуется!,2,46,0,4,1
АО Лаборатория Касперского,2627136117,Python-разработчик,"Ищем опытного специалиста для работы над продуктом. Требования: опыт от 3 лет, знание Python, Django, PostgreSQL. Обязанности: разработка новых модулей, code review, участие в архитектурных решениях. Условия: ДМС, гибкий график, офис в центре.","Портфолио, опыт коммерческой разработки, знание Git.",602,2,0,0,0
ПАО Ростелеком,7618398267,Data Scientist,"Ищем опытного специалиста для работы над продуктом. Требования: опыт от 3 лет, знание Python, Django, PostgreSQL. Обязанности: разработка новых модулей, code review, участие в архитектурных решениях. Условия: ДМС, гибкий график, офис в центре.","Портфолио, опыт коммерческой разработки, знание Git.",874,1,0,0,0
ООО КРОК,6153195206,Системный администратор,"Мы ищем frontend-разработчика с опытом React. Требования: React, TypeScript, Redux, опыт коммерческой разработки от 2 лет. Обязанности: разработка интерфейсов, интеграция с API. Условия: удалёнка, ДМС, оплата по итогам собеседования.","Опыт от 3 лет, профильное образование, знание английского.",1623,4,0,0,0
ООО Skillbox,1881474350,QA-инженер,"Мы ищем frontend-разработчика с опытом React. Требования: React, TypeScript, Redux, опыт коммерческой разработки от 2 лет. Обязанности: разработка интерфейсов, интеграция с API. Условия: удалёнка, ДМС, оплата по итогам собеседования.","Высшее образование, опыт работы от 2 лет, аналитическое мышление.",393,5,0,0,0
ООО Работа Мечты,2562779639,Заработок из дома 100000 руб/день,Заработок от 100000 рублей в неделю! Никакого опыта не нужно. Обучим бесплатно. Оплата ежедневно. Пишите в WhatsApp. Количество мест ограничено!,"Ответственность, желание зарабатывать, без опыта.",1,28,1,10,1
АО Лаборатория Касперского,8499564122,Технический писатель,"Требуется системный администратор. Обязанности: поддержка серверов Linux, настройка сети, резервное копирование. Требования: опыт работы от 2 лет, знание Windows Server, Linux. Условия: полный день, соцпакет.","Опыт работы с Docker, Kubernetes, понимание CI/CD.",733,0,0,0,0
ООО Яндекс,1348645183,Product Manager,"Ищем DevOps-инженера. Требования: Docker, Kubernetes, CI/CD, опыт работы с облаками. Обязанности: автоматизация деплоя, мониторинг, поддержка инфраструктуры. Условия: удалёнка, оплата 200000-250000 руб.","Опыт от 3 лет, профильное образование, знание английского.",1148,3,0,0,0
ИП Сидоров,3337209484,"Требуются люди, оплата ежедневно",Заработок от 100000 рублей в неделю! Никакого опыта не нужно. Обучим бесплатно. Оплата ежедневно. Пишите в WhatsApp. Количество мест ограничено!,Никаких навыков не требуется!,5,22,1,3,1
ООО Рога и Копыта,4347272742,"Свободный график, оплата сразу",Заработок от 100000 рублей в неделю! Никакого опыта не нужно. Обучим бесплатно. Оплата ежедневно. Пишите в WhatsApp. Количество мест ограничено!,Срочно! Наличие свободного времени.,12,50,0,10,1
ООО Быстрые Деньги,5568044731,Заработок из дома 100000 руб/день,Свободная подработка! Оплата ежедневно 2000-5000 руб. Без опыта и вложений. Быстрое оформление. Звоните с 9 до 21. Количество мест ограничено.,"Ответственность, желание зарабатывать, без опыта.",16,46,1,8,1
АО ВТБ,8665061801,QA-инженер,"Требуется системный администратор. Обязанности: поддержка серверов Linux, настройка сети, резервное копирование. Требования: опыт работы от 2 лет, знание Windows Server, Linux. Условия: полный день, соцпакет.","Опыт администрирования Linux, знание сетей, ответственность.",2807,5,0,0,0
ПАО Газпром,9167423360,DevOps-инженер,"Присоединяйтесь к команде аналитиков. Требования: SQL, Python, понимание статистики. Обязанности: построение отчётов, анализ метрик, A/B тесты. Условия: официальное трудоустройство, обучение, карьерный рост.","Высшее образование, опыт работы от 2 лет, аналитическое мышление.",902,4,0,0,0
АО Лаборатория Касперского,2328338980,Data Scientist,"Мы ищем frontend-разработчика с опытом React. Требования: React, TypeScript, Redux, опыт коммерческой разработки от 2 лет. Обязанности: разработка интерфейсов, интеграция с API. Условия: удалёнка, ДМС, оплата по итогам собеседования.","Высшее образование, опыт работы от 2 лет, аналитическое мышление.",3645,4,0,0,0
ООО МТС,2430753666,Frontend-разработчик,"Присоединяйтесь к команде аналитиков. Требования: SQL, Python, понимание статистики. Обязанности: построение отчётов, анализ метрик, A/B тесты. Условия: официальное трудоустройство, обучение, карьерный рост.","Опыт администрирования Linux, знание сетей, ответственность.",1814,0,0,0,0
АО Лаборатория Касперского,3490352131,QA-инженер,"Ищем опытного специалиста для работы над продуктом. Требования: опыт от 3 лет, знание Python, Django, PostgreSQL. Обязанности: разработка новых модулей, code review, участие в архитектурных решениях. Условия: ДМС, гибкий график, офис в центре.","Опыт от 3 лет, профильное образование, знание английского.",1637,3,0,0,0
АО Альфа-Банк,9279501457,Технический писатель,"Ищем DevOps-инженера. Требования: Docker, Kubernetes, CI/CD, опыт работы с облаками. Обязанности: автоматизация деплоя, мониторинг, поддержка инфраструктуры. Условия: удалёнка, оплата 200000-250000 руб.","Опыт работы с Docker, Kubernetes, понимание CI/CD.",1689,3,0,0,0
АО Альфа-Банк,6226557676,QA-инженер,"Присоединяйтесь к команде аналитиков. Требования: SQL, Python, понимание статистики. Обязанности: построение отчётов, анализ метрик, A/B тесты. Условия: официальное трудоустройство, обучение, карьерный рост.","Опыт от 3 лет, профильное образование, знание английского.",3020,3,0,0,0
ПАО Ростелеком,3218909270,QA-инженер,"Присоединяйтесь к команде аналитиков. Требования: SQL, Python, понимание статистики. Обязанности: построение отчётов, анализ метрик, A/B тесты. Условия: официальное трудоустройство, обучение, карьерный рост.","Опыт администрирования Linux, знание сетей, ответственность.",1618,5,0,0,0
ООО КРОК,3706537949,Frontend-разработчик,"Присоединяйтесь к команде аналитиков. Требования: SQL, Python, понимание статистики. Обязанности: построение отчётов, анализ метрик, A/B тесты. Условия: официальное трудоустройство, обучение, карьерный рост.","Высшее образование, опыт работы от 2 лет, аналитическое мышление.",3261,5,0,0,0
ООО Skillbox,3735857301,Frontend-разработчик,"Ищем DevOps-инженера. Требования: Docker, Kubernetes, CI/CD, опыт работы с облаками. Обязанности: автоматизация деплоя, мониторинг, поддержка инфраструктуры. Условия: удалёнка, оплата 200000-250000 руб.","Опыт от 3 лет, профильное образование, знание английского.",3003,3,0,0,0
ООО Skillbox,4321819600,Аналитик данных,"Ищем опытного специалиста для работы над продуктом. Требования: опыт от 3 лет, знание Python, Django, PostgreSQL. Обязанности: разработка новых модулей, code review, участие в архитектурных решениях. Условия: ДМС, гибкий график, офис в центре.","Портфолио, опыт коммерческой разработки, знание Git.",302,0,0,0,0
АО Лаборатория Касперского,9679087400,Python-разработчик,"Требуется системный администратор. Обязанности: поддержка серверов Linux, настройка сети, резервное копирование. Требования: опыт работы от 2 лет, знание Windows Server, Linux. Условия: полный день, соцпакет.","Высшее образование, опыт работы от 2 лет, аналитическое мышление.",1801,2,0,0,0
ПАО Газпром,9018204330,DevOps-инженер,"Присоединяйтесь к команде аналитиков. Требования: SQL, Python, понимание статистики. Обязанности: построение отчётов, анализ метрик, A/B тесты. Условия: официальное трудоустройство, обучение, карьерный рост.","Опыт администрирования Linux, знание сетей, ответственность.",3578,5,0,0,0
АО Альфа-Банк,6623285884,Frontend-разработчик,"Ищем опытного специалиста для работы над продуктом. Требования: опыт от 3 лет, знание Python, Django, PostgreSQL. Обязанности: разработка новых модулей, code review, участие в архитектурных решениях. Условия: ДМС, гибкий график, офис в центре.","Портфолио, опыт коммерческой разработки, знание Git.",1296,1,0,0,0
ПАО Ростелеком,4696816452,Аналитик данных,"Требуется системный администратор. Обязанности: поддержка серверов Linux, настройка сети, резервное копирование. Требования: опыт работы от 2 лет, знание Windows Server, Linux. Условия: полный день, соцпакет.","Опыт от 3 лет, профильное образование, знание английского.",1087,2,0,0,0
ООО КРОК,2195243648,Бизнес-аналитик,"Мы ищем frontend-разработчика с опытом React. Требования: React, TypeScript, Redux, опыт коммерческой разработки от 2 лет. Обязанности: разработка интерфейсов, интеграция с API. Условия: удалёнка, ДМС, оплата по итогам собеседования.","Опыт администрирования Linux, знание сетей, ответственность.",206,1,0,0,0
ООО Яндекс,2065180179,Технический писатель,"Присоединяйтесь к команде аналитиков. Требования: SQL, Python, понимание статистики. Обязанности: построение отчётов, анализ метрик, A/B тесты. Условия: официальное трудоустройство, обучение, карьерный рост.","Опыт работы с Docker, Kubernetes, понимание CI/CD.",309,2,0,0,0
ООО Быстрые Деньги,7297454936,"Требуются люди, оплата ежедневно",Свободная подработка! Оплата ежедневно 2000-5000 руб. Без опыта и вложений. Быстрое оформление. Звоните с 9 до 21. Количество мест ограничено.,Никаких навыков не требуется!,59,11,0,8,1
ИП Петров А.А.,9413685283,Работа с высокой оплатой без опыта,Набор сотрудников для удалённой работы. Оплата 3000 руб за 2 часа. Никаких навыков не требуется. Срочно! Пишите в Telegram. Работа из любой точки мира.,Срочно! Наличие свободного времени.,0,37,0,7,1
ИП Петров А.А.,9197543734,Срочно! Набор сотрудников,Набор сотрудников для удалённой работы. Оплата 3000 руб за 2 часа. Никаких навыков не требуется. Срочно! Пишите в Telegram. Работа из любой точки мира.,Без опыта! Обучим всему за 1 день!,53,40,1,6,1
ООО МТС,6044271739,Python-разработчик,"Требуется системный администратор. Обязанности: поддержка серверов Linux, настройка сети, резервное копирование. Требования: опыт работы от 2 лет, знание Windows Server, Linux. Условия: полный день, соцпакет.","Опыт администрирования Linux, знание сетей, ответственность.",2679,3,0,0,0
ООО МТС,2712368510,Backend-разработчик,"Мы ищем frontend-разработчика с опытом React. Требования: React, TypeScript, Redux, опыт коммерческой разработки от 2 лет. Обязанности: разработка интерфейсов, интеграция с API. Условия: удалёнка, ДМС, оплата по итогам собеседования.","Портфолио, опыт коммерческой разработки, знание Git.",3418,3,0,0,0
АО Альфа-Банк,3123476490,Менеджер проектов,"Требуется системный администратор. Обязанности: поддержка серверов Linux, настройка сети, резервное копирование. Требования: опыт работы от 2 лет, знание Windows Server, Linux. Условия: полный день, соцпакет.","Высшее образование, опыт работы от 2 лет, аналитическое мышление.",409,3,0,0,0
ООО Быстрые Деньги,9375056618,Срочно! Набор сотрудников,"Работа мечты! Гибкий график, высокая оплата, без начальников. Требуются люди с 18 лет. Оплата сразу после смены. Подробности в личные сообщения.",Никаких навыков не требуется!,49,35,0,4,1
ООО КРОК,6151864490,Системный администратор,"Ищем DevOps-инженера. Требования: Docker, Kubernetes, CI/CD, опыт работы с облаками. Обязанности: автоматизация деплоя, мониторинг, поддержка инфраструктуры. Условия: удалёнка, оплата 200000-250000 руб.","Опыт от 3 лет, профильное образование, знание английского.",795,2,0,0,0
ООО Яндекс,4388487926,Системный администратор,"Присоединяйтесь к команде аналитиков. Требования: SQL, Python, понимание статистики. Обязанности: построение отчётов, анализ метрик, A/B тесты. Условия: официальное трудоустройство, обучение, карьерный рост.","Опыт работы с Docker, Kubernetes, понимание CI/CD.",3027,5,0,0,0
ПАО Ростелеком,7698490272,Аналитик данных,"Ищем DevOps-инженера. Требования: Docker, Kubernetes, CI/CD, опыт работы с облаками. Обязанности: автоматизация деплоя, мониторинг, поддержка инфраструктуры. Условия: удалёнка, оплата 200000-250000 руб.","Опыт от 3 лет, профильное образование, знание английского.",1978,0,0,0,0
ООО Быстрые Деньги,4997718051,"Требуются люди, оплата ежедневно","Работа мечты! Гибкий график, высокая оплата, без начальников. Требуются люди с 18 лет. Оплата сразу после смены. Подробности в личные сообщения.",Без опыта! Обучим всему за 1 день!,12,40,0,9,1
ООО КРОК,4342708668,Frontend-разработчик,"Ищем DevOps-инженера. Требования: Docker, Kubernetes, CI/CD, опыт работы с облаками. Обязанности: автоматизация деплоя, мониторинг, поддержка инфраструктуры. Условия: удалёнка, оплата 200000-250000 руб.","Опыт администрирования Linux, знание сетей, ответственность.",2462,4,0,0,0
ПАО Сбербанк,8068277885,Технический писатель,"Мы ищем frontend-разработчика с опытом React. Требования: React, TypeScript, Redux, опыт коммерческой разработки от 2 лет. Обязанности: разработка интерфейсов, интеграция с API. Условия: удалёнка, ДМС, оплата по итогам собеседования.","Опыт работы с Docker, Kubernetes, понимание CI/CD.",3038,0,0,0,0
АО ВТБ,7472929310,Data Scientist,"Мы ищем frontend-разработчика с опытом React. Требования: React, TypeScript, Redux, опыт коммерческой разработки от 2 лет. Обязанности: разработка интерфейсов, интеграция с API. Условия: удалёнка, ДМС, оплата по итогам собеседования.","Портфолио, опыт коммерческой разработки, знание Git.",3132,2,0,0,0
ООО Яндекс,4993056162,Аналитик данных,"Мы ищем frontend-разработчика с опытом React. Требования: React, TypeScript, Redux, опыт коммерческой разработки от 2 лет. Обязанности: разработка интерфейсов, интеграция с API. Условия: удалёнка, ДМС, оплата по итогам собеседования.","Опыт администрирования Linux, знание сетей, ответственность.",1230,4,0,0,0
АО ВТБ,9957829112,Backend-разработчик,"Ищем опытного специалиста для работы над продуктом. Требования: опыт от 3 лет, знание Python, Django, PostgreSQL. Обязанности: разработка новых модулей, code review, участие в архитектурных решениях. Условия: ДМС, гибкий график, офис в центре.","Портфолио, опыт коммерческой разработки, знание Git.",1446,3,0,0,0
ПАО Ростелеком,3499856983,Бизнес-аналитик,"Присоединяйтесь к команде аналитиков. Требования: SQL, Python, понимание статистики. Обязанности: построение отчётов, анализ метрик, A/B тесты. Условия: официальное трудоустройство, обучение, карьерный рост.","Опыт от 3 лет, профильное образование, знание английского.",1387,3,0,0,0
ИП Петров А.А.,6167933505,Простая работа на дому,Свободная подработка! Оплата ежедневно 2000-5000 руб. Без опыта и вложений. Быстрое оформление. Звоните с 9 до 21. Количество мест ограничено.,Никаких навыков не требуется!,22,40,0,10,1
ООО Рога и Копыта,3308981383,"Требуются люди, оплата ежедневно",Заработок от 100000 рублей в неделю! Никакого опыта не нужно. Обучим бесплатно. Оплата ежедневно. Пишите в WhatsApp. Количество мест ограничено!,Срочно! Наличие свободного времени.,35,15,1,10,1
АО Альфа-Банк,2918255373,Менеджер проектов,"Присоединяйтесь к команде аналитиков. Требования: SQL, Python, понимание статистики. Обязанности: построение отчётов, анализ метрик, A/B тесты. Условия: официальное трудоустройство, обучение, карьерный рост.","Портфолио, опыт коммерческой разработки, знание Git.",646,2,0,0,0
АО Лаборатория Касперского,3507146115,Product Manager,"Ищем DevOps-инженера. Требования: Docker, Kubernetes, CI/CD, опыт работы с облаками. Обязанности: автоматизация деплоя, мониторинг, поддержка инфраструктуры. Условия: удалёнка, оплата 200000-250000 руб.","Опыт работы с Docker, Kubernetes, понимание CI/CD.",3585,5,0,0,0
ООО Тинькофф,8374167240,Product Manager,"Ищем DevOps-инженера. Требования: Docker, Kubernetes, CI/CD, опыт работы с облаками. Обязанности: автоматизация деплоя, мониторинг, поддержка инфраструктуры. Условия: удалёнка, оплата 200000-250000 руб.","Опыт от 3 лет, профильное образование, знание английского.",1171,2,0,0,0
ООО Рога и Копыта,6806601382,Набор менеджеров без опыта,"Работа мечты! Гибкий график, высокая оплата, без начальников. Требуются люди с 18 лет. Оплата сразу после смены. Подробности в личные сообщения.",Никаких навыков не требуется!,9,27,0,4,1
ООО Работа Мечты,3529596111,Работа мечты — 200000 руб/неделю,Заработок от 100000 рублей в неделю! Никакого опыта не нужно. Обучим бесплатно. Оплата ежедневно. Пишите в WhatsApp. Количество мест ограничено!,"Возраст от 18 лет, наличие телефона.",5,10,0,10,1
ООО Лёгкий Заработок,3341595977,Заработок из дома 100000 руб/день,"Работа мечты! Гибкий график, высокая оплата, без начальников. Требуются люди с 18 лет. Оплата сразу после смены. Подробности в личные сообщения.","Возраст от 18 лет, наличие телефона.",21,21,1,6,1
ООО КРОК,2601692367,Backend-разработчик,"Мы ищем frontend-разработчика с опытом React. Требования: React, TypeScript, Redux, опыт коммерческой разработки от 2 лет. Обязанности: разработка интерфейсов, интеграция с API. Условия: удалёнка, ДМС, оплата по итогам собеседования.","Опыт работы с Docker, Kubernetes, понимание CI/CD.",1225,5,0,0,0
ПАО Сбербанк,4961367493,Системный администратор,"Присоединяйтесь к команде аналитиков. Требования: SQL, Python, понимание статистики. Обязанности: построение отчётов, анализ метрик, A/B тесты. Условия: официальное трудоустройство, обучение, карьерный рост.","Портфолио, опыт коммерческой разработки, знание Git.",2611,2,0,0,0
ООО 1С,8837693891,Data Scientist,"Присоединяйтесь к команде аналитиков. Требования: SQL, Python, понимание статистики. Обязанности: построение отчётов, анализ метрик, A/B тесты. Условия: официальное трудоустройство, обучение, карьерный рост.","Высшее образование, опыт работы от 2 лет, аналитическое мышление.",3193,4,0,0,0
ООО МТС,4542784987,Frontend-разработчик,"Мы ищем frontend-разработчика с опытом React. Требования: React, TypeScript, Redux, опыт коммерческой разработки от 2 лет. Обязанности: разработка интерфейсов, интеграция с API. Условия: удалёнка, ДМС, оплата по итогам собеседования.","Опыт от 3 лет, профильное образование, знание английского.",212,5,0,0,0
ООО Тинькофф,2168685485,Бизнес-аналитик,"Мы ищем frontend-разработчика с опытом React. Требования: React, TypeScript, Redux, опыт коммерческой разработки от 2 лет. Обязанности: разработка интерфейсов, интеграция с API. Условия: удалёнка, ДМС, оплата по итогам собеседования.","Портфолио, опыт коммерческой разработки, знание Git.",2056,0,0,0,0
АО ВТБ,7353390559,Data Scientist,"Ищем DevOps-инженера. Требования: Docker, Kubernetes, CI/CD, опыт работы с облаками. Обязанности: автоматизация деплоя, мониторинг, поддержка инфраструктуры. Условия: удалёнка, оплата 200000-250000 руб.","Высшее образование, опыт работы от 2 лет, аналитическое мышление.",246,2,0,0,0
ПАО Газпром,7874090385,Системный администратор,"Мы ищем frontend-разработчика с опытом React. Требования: React, TypeScript, Redux, опыт коммерческой разработки от 2 лет. Обязанности: разработка интерфейсов, интеграция с API. Условия: удалёнка, ДМС, оплата по итогам собеседования.","Опыт от 3 лет, профильное образование, знание английского.",212,1,0,0,0
ООО 1С,2712748463,Data Scientist,"Ищем опытного специалиста для работы над продуктом. Требования: опыт от 3 лет, знание Python, Django, PostgreSQL. Обязанности: разработка новых модулей, code review, участие в архитектурных решениях. Условия: ДМС, гибкий график, офис в центре.","Высшее образование, опыт работы от 2 лет, аналитическое мышление.",3599,3,0,0,0
ООО Тинькофф,5818139890,Технический писатель,"Ищем опытного специалиста для работы над продуктом. Требования: опыт от 3 лет, знание Python, Django, PostgreSQL. Обязанности: разработка новых модулей, code review, участие в архитектурных решениях. Условия: ДМС, гибкий график, офис в центре.","Опыт работы с Docker, Kubernetes, понимание CI/CD.",3283,0,0,0,0
ПАО Газпром,8647501111,Frontend-разработчик,"Требуется системный администратор. Обязанности: поддержка серверов Linux, настройка сети, резервное копирование. Требования: опыт работы от 2 лет, знание Windows Server, Linux. Условия: полный день, соцпакет.","Опыт от 3 лет, профильное образование, знание английского.",679,3,0,0,0
АО Лаборатория Касперского,4045018968,Системный администратор,"Ищем DevOps-инженера. Требования: Docker, Kubernetes, CI/CD, опыт работы с облаками. Обязанности: автоматизация деплоя, мониторинг, поддержка инфраструктуры. Условия: удалёнка, оплата 200000-250000 руб.","Высшее образование, опыт работы от 2 лет, аналитическое мышление.",559,3,0,0,0
ООО Skillbox,4327279566,QA-инженер,"Мы ищем frontend-разработчика с опытом React. Требования: React, TypeScript, Redux, опыт коммерческой разработки от 2 лет. Обязанности: разработка интерфейсов, интеграция с API. Условия: удалёнка, ДМС, оплата по итогам собеседования.","Опыт работы с Docker, Kubernetes, понимание CI/CD.",3055,4,0,0,0
ООО Яндекс,6185067165,Системный администратор,"Ищем DevOps-инженера. Требования: Docker, Kubernetes, CI/CD, опыт работы с облаками. Обязанности: автоматизация деплоя, мониторинг, поддержка инфраструктуры. Условия: удалёнка, оплата 200000-250000 руб.","Опыт администрирования Linux, знание сетей, ответственность.",1663,5,0,0,0
ИП Иванов,2896288743,"Требуются люди, оплата ежедневно",Заработок от 100000 рублей в неделю! Никакого опыта не нужно. Обучим бесплатно. Оплата ежедневно. Пишите в WhatsApp. Количество мест ограничено!,Никаких навыков не требуется!,7,19,1,3,1
ООО Skillbox,6309251145,Бизнес-аналитик,"Ищем DevOps-инженера. Требования: Docker, Kubernetes, CI/CD, опыт работы с облаками. Обязанности: автоматизация деплоя, мониторинг, поддержка инфраструктуры. Условия: удалёнка, оплата 200000-250000 руб.","Высшее образование, опыт работы от 2 лет, аналитическое мышление.",758,3,0,0,0
ООО МТС,3965923421,QA-инженер,"Ищем DevOps-инженера. Требования: Docker, Kubernetes, CI/CD, опыт работы с облаками. Обязанности: автоматизация деплоя, мониторинг, поддержка инфраструктуры. Условия: удалёнка, оплата 200000-250000 руб.","Портфолио, опыт коммерческой разработки, знание Git.",1885,4,0,0,0
ПАО Ростелеком,9593110914,Product Manager,"Ищем опытного специалиста для работы над продуктом. Требования: опыт от 3 лет, знание Python, Django, PostgreSQL. Обязанности: разработка новых модулей, code review, участие в архитектурных решениях. Условия: ДМС, гибкий график, офис в центре.","Опыт администрирования Linux, знание сетей, ответственность.",2608,1,0,0,0
ООО Skillbox,7906744717,Менеджер проектов,"Ищем опытного специалиста для работы над продуктом. Требования: опыт от 3 лет, знание Python, Django, PostgreSQL. Обязанности: разработка новых модулей, code review, участие в архитектурных решениях. Условия: ДМС, гибкий график, офис в центре.","Портфолио, опыт коммерческой разработки, знание Git.",3296,3,0,0,0
АО Альфа-Банк,3538179336,Аналитик данных,"Ищем DevOps-инженера. Требования: Docker, Kubernetes, CI/CD, опыт работы с облаками. Обязанности: автоматизация деплоя, мониторинг, поддержка инфраструктуры. Условия: удалёнка, оплата 200000-250000 руб.","Высшее образование, опыт работы от 2 лет, аналитическое мышление.",1492,2,0,0,0
ИП Иванов,9509025561,"Свободный график, оплата сразу",Набор сотрудников для удалённой работы. Оплата 3000 руб за 2 часа. Никаких навыков не требуется. Срочно! Пишите в Telegram. Работа из любой точки мира.,Без опыта! Обучим всему за 1 день!,50,42,1,6,1
ООО Тинькофф,5810018414,Менеджер проектов,"Ищем опытного специалиста для работы над продуктом. Требования: опыт от 3 лет, знание Python, Django, PostgreSQL. Обязанности: разработка новых модулей, code review, участие в архитектурных решениях. Условия: ДМС, гибкий график, офис в центре.","Опыт работы с Docker, Kubernetes, понимание CI/CD.",2275,3,0,0,0
ООО Лёгкий Заработок,1571219881,Работа с высокой оплатой без опыта,"Работа мечты! Гибкий график, высокая оплата, без начальников. Требуются люди с 18 лет. Оплата сразу после смены. Подробности в личные сообщения.","Возраст от 18 лет, наличие телефона.",37,18,1,9,1
ООО КРОК,9318491967,QA-инженер,"Ищем DevOps-инженера. Требования: Docker, Kubernetes, CI/CD, опыт работы с облаками. Обязанности: автоматизация деплоя, мониторинг, поддержка инфраструктуры. Условия: удалёнка, оплата 200000-250000 руб.","Высшее образование, опыт работы от 2 лет, аналитическое мышление.",2974,3,0,0,0
ООО Яндекс,8359710729,QA-инженер,"Мы ищем frontend-разработчика с опытом React. Требования: React, TypeScript, Redux, опыт коммерческой разработки от 2 лет. Обязанности: разработка интерфейсов, интеграция с API. Условия: удалёнка, ДМС, оплата по итогам собеседования.","Высшее образование, опыт работы от 2 лет, аналитическое мышление.",1504,5,0,0,0
АО Лаборатория Касперского,4098050098,Frontend-разработчик,"Присоединяйтесь к команде аналитиков. Требования: SQL, Python, понимание статистики. Обязанности: построение отчётов, анализ метрик, A/B тесты. Условия: официальное трудоустройство, обучение, карьерный рост.","Портфолио, опыт коммерческой разработки, знание Git.",2132,4,0,0,0
ПАО Газпром,7012796118,Технический писатель,"Ищем опытного специалиста для работы над продуктом. Требования: опыт от 3 лет, знание Python, Django, PostgreSQL. Обязанности: разработка новых модулей, code review, участие в архитектурных решениях. Условия: ДМС, гибкий график, офис в центре.","Высшее образование, опыт работы от 2 лет, аналитическое мышление.",1257,1,0,0,0
ПАО Газпром,7907844739,QA-инженер,"Присоединяйтесь к команде аналитиков. Требования: SQL, Python, понимание статистики. Обязанности: построение отчётов, анализ метрик, A/B тесты. Условия: официальное трудоустройство, обучение, карьерный рост.","Опыт работы с Docker, Kubernetes, понимание CI/CD.",3476,5,0,0,0
АО Лаборатория Касперского,3282772880,Технический писатель,"Требуется системный администратор. Обязанности: поддержка серверов Linux, настройка сети, резервное копирование. Требования: опыт работы от 2 лет, знание Windows Server, Linux. Условия: полный день, соцпакет.","Опыт администрирования Linux, знание сетей, ответственность.",663,5,0,0,0
АО ВТБ,4121727158,Бизнес-аналитик,"Мы ищем frontend-разработчика с опытом React. Требования: React, TypeScript, Redux, опыт коммерческой разработки от 2 лет. Обязанности: разработка интерфейсов, интеграция с API. Условия: удалёнка, ДМС, оплата по итогам собеседования.","Опыт администрирования Linux, знание сетей, ответственность.",2915,2,0,0,0
ООО КРОК,3706614985,DevOps-инженер,"Ищем DevOps-инженера. Требования: Docker, Kubernetes, CI/CD, опыт работы с облаками. Обязанности: автоматизация деплоя, мониторинг, поддержка инфраструктуры. Условия: удалёнка, оплата 200000-250000 руб.","Опыт администрирования Linux, знание сетей, ответственность.",805,4,0,0,0
ИП Сидоров,5490216667,"Свободный график, оплата сразу",Набор сотрудников для удалённой работы. Оплата 3000 руб за 2 часа. Никаких навыков не требуется. Срочно! Пишите в Telegram. Работа из любой точки мира.,"Возраст от 18 лет, наличие телефона.",51,13,1,2,1
ООО Лёгкий Заработок,1282270093,Работа с высокой оплатой без опыта,Заработок от 100000 рублей в неделю! Никакого опыта не нужно. Обучим бесплатно. Оплата ежедневно. Пишите в WhatsApp. Количество мест ограничено!,Никаких навыков не требуется!,55,28,1,8,1
ПАО Сбербанк,2820967906,Системный администратор,"Требуется системный администратор. Обязанности: поддержка серверов Linux, настройка сети, резервное копирование. Требования: опыт работы от 2 лет, знание Windows Server, Linux. Условия: полный день, соцпакет.","Опыт работы с Docker, Kubernetes, понимание CI/CD.",1368,1,0,0,0
ООО Skillbox,5510463686,Python-разработчик,"Ищем опытного специалиста для работы над продуктом. Требования: опыт от 3 лет, знание Python, Django, PostgreSQL. Обязанности: разработка новых модулей, code review, участие в архитектурных решениях. Условия: ДМС, гибкий график, офис в центре.","Опыт администрирования Linux, знание сетей, ответственность.",3086,0,0,0,0
АО ВТБ,3341436378,Бизнес-аналитик,"Присоединяйтесь к команде аналитиков. Требования: SQL, Python, понимание статистики. Обязанности: построение отчётов, анализ метрик, A/B тесты. Условия: официальное трудоустройство, обучение, карьерный рост.","Опыт работы с Docker, Kubernetes, понимание CI/CD.",3073,0,0,0,0
АО ВТБ,5696325953,Frontend-разработчик,"Ищем опытного специалиста для работы над продуктом. Требования: опыт от 3 лет, знание Python, Django, PostgreSQL. Обязанности: разработка новых модулей, code review, участие в архитектурных решениях. Условия: ДМС, гибкий график, офис в центре.","Опыт от 3 лет, профильное образование, знание английского.",957,1,0,0,0
ИП Петров А.А.,7958741314,"Свободный график, оплата сразу","Работа мечты! Гибкий график, высокая оплата, без начальников. Требуются люди с 18 лет. Оплата сразу после смены. Подробности в личные сообщения.","Ответственность, желание зарабатывать, без опыта.",26,38,1,5,1
ООО КРОК,3010276211,Frontend-разработчик,"Мы ищем frontend-разработчика с опытом React. Требования: React, TypeScript, Redux, опыт коммерческой разработки от 2 лет. Обязанности: разработка интерфейсов, интеграция с API. Условия: удалёнка, ДМС, оплата по итогам собеседования.","Высшее образование, опыт работы от 2 лет, аналитическое мышление.",742,5,0,0,0
АО Альфа-Банк,5651113123,Менеджер проектов,"Мы ищем frontend-разработчика с опытом React. Требования: React, TypeScript, Redux, опыт коммерческой разработки от 2 лет. Обязанности: разработка интерфейсов, интеграция с API. Условия: удалёнка, ДМС, оплата по итогам собеседования.","Опыт от 3 лет, профильное образование, знание английского.",2536,0,0,0,0
ООО Яндекс,4412328126,Бизнес-аналитик,"Ищем опытного специалиста для работы над продуктом. Требования: опыт от 3 лет, знание Python, Django, PostgreSQL. Обязанности: разработка новых модулей, code review, участие в архитектурных решениях. Условия: ДМС, гибкий график, офис в центре.","Высшее образование, опыт работы от 2 лет, аналитическое мышление.",190,3,0,0,0
ООО Рога и Копыта,6123972835,Набор менеджеров без опыта,Набор сотрудников для удалённой работы. Оплата 3000 руб за 2 часа. Никаких навыков не требуется. Срочно! Пишите в Telegram. Работа из любой точки мира.,"Возраст от 18 лет, наличие телефона.",6,19,1,7,1
ООО МТС,4504888992,Python-разработчик,"Мы ищем frontend-разработчика с опытом React. Требования: React, TypeScript, Redux, опыт коммерческой разработки от 2 лет. Обязанности: разработка интерфейсов, интеграция с API. Условия: удалёнка, ДМС, оплата по итогам собеседования.","Высшее образование, опыт работы от 2 лет, аналитическое мышление.",813,0,0,0,0
АО Лаборатория Касперского,9350583002,Data Scientist,"Ищем опытного специалиста для работы над продуктом. Требования: опыт от 3 лет, знание Python, Django, PostgreSQL. Обязанности: разработка новых модулей, code review, участие в архитектурных решениях. Условия: ДМС, гибкий график, офис в центре.","Опыт от 3 лет, профильное образование, знание английского.",2746,5,0,0,0
ООО КРОК,4270185102,Python-разработчик,"Мы ищем frontend-разработчика с опытом React. Требования: React, TypeScript, Redux, опыт коммерческой разработки от 2 лет. Обязанности: разработка интерфейсов, интеграция с API. Условия: удалёнка, ДМС, оплата по итогам собеседования.","Портфолио, опыт коммерческой разработки, знание Git.",1890,3,0,0,0
ООО Деньги Сразу,8931647725,Срочно! Набор сотрудников,Свободная подработка! Оплата ежедневно 2000-5000 руб. Без опыта и вложений. Быстрое оформление. Звоните с 9 до 21. Количество мест ограничено.,Без опыта! Обучим всему за 1 день!,4,21,1,7,1
ООО Деньги Сразу,3923616188,Срочно! Набор сотрудников,Свободная подработка! Оплата ежедневно 2000-5000 руб. Без опыта и вложений. Быстрое оформление. Звоните с 9 до 21. Количество мест ограничено.,"Возраст от 18 лет, наличие телефона.",2,43,0,2,1
ООО Тинькофф,8043103855,Backend-разработчик,"Мы ищем frontend-разработчика с опытом React. Требования: React, TypeScript, Redux, опыт коммерческой разработки от 2 лет. Обязанности: разработка интерфейсов, интеграция с API. Условия: удалёнка, ДМС, оплата по итогам собеседования.","Опыт администрирования Linux, знание сетей, ответственность.",1866,4,0,0,0
ООО Быстрые Деньги,1438787535,Работа с высокой оплатой без опыта,"Работа мечты! Гибкий график, высокая оплата, без начальников. Требуются люди с 18 лет. Оплата сразу после смены. Подробности в личные сообщения.",Срочно! Наличие свободного времени.,29,40,1,10,1
ООО МТС,8810801324,Backend-разработчик,"Присоединяйтесь к команде аналитиков. Требования: SQL, Python, понимание статистики. Обязанности: построение отчётов, анализ метрик, A/B тесты. Условия: официальное трудоустройство, обучение, карьерный рост.","Опыт от 3 лет, профильное образование, знание английского.",1844,3,0,0,0
ООО 1С,4579727985,Data Scientist,"Ищем опытного специалиста для работы над продуктом. Требования: опыт от 3 лет, знание Python, Django, PostgreSQL. Обязанности: разработка новых модулей, code review, участие в архитектурных решениях. Условия: ДМС, гибкий график, офис в центре.","Опыт от 3 лет, профильное образование, знание английского.",1612,2,0,0,0
АО ВТБ,8252175250,Системный администратор,"Требуется системный администратор. Обязанности: поддержка серверов Linux, настройка сети, резервное копирование. Требования: опыт работы от 2 лет, знание Windows Server, Linux. Условия: полный день, соцпакет.","Опыт работы с Docker, Kubernetes, понимание CI/CD.",2778,0,0,0,0
ООО КРОК,8872558775,Product Manager,"Ищем DevOps-инженера. Требования: Docker, Kubernetes, CI/CD, опыт работы с облаками. Обязанности: автоматизация деплоя, мониторинг, поддержка инфраструктуры. Условия: удалёнка, оплата 200000-250000 руб.","Портфолио, опыт коммерческой разработки, знание Git.",2120,2,0,0,0
АО ВТБ,8311219657,Product Manager,"Присоединяйтесь к команде аналитиков. Требования: SQL, Python, понимание статистики. Обязанности: построение отчётов, анализ метрик, A/B тесты. Условия: официальное трудоустройство, обучение, карьерный рост.","Опыт администрирования Linux, знание сетей, ответственность.",1938,2,0,0,0
АО Лаборатория Касперского,5240082542,QA-инженер,"Мы ищем frontend-разработчика с опытом React. Требования: React, TypeScript, Redux, опыт коммерческой разработки от 2 лет. Обязанности: разработка интерфейсов, интеграция с API. Условия: удалёнка, ДМС, оплата по итогам собеседования.","Опыт администрирования Linux, знание сетей, ответственность.",2101,4,0,0,0
ООО Тинькофф,6347491620,Python-разработчик,"Ищем опытного специалиста для работы над продуктом. Требования: опыт от 3 лет, знание Python, Django, PostgreSQL. Обязанности: разработка новых модулей, code review, участие в архитектурных решениях. Условия: ДМС, гибкий график, офис в центре.","Опыт от 3 лет, профильное образование, знание английского.",1213,3,0,0,0
АО ВТБ,5948083134,Системный администратор,"Мы ищем frontend-разработчика с опытом React. Требования: React, TypeScript, Redux, опыт коммерческой разработки от 2 лет. Обязанности: разработка интерфейсов, интеграция с API. Условия: удалёнка, ДМС, оплата по итогам собеседования.","Портфолио, опыт коммерческой разработки, знание Git.",3129,3,0,0,0
ООО МТС,3165585237,Бизнес-аналитик,"Ищем DevOps-инженера. Требования: Docker, Kubernetes, CI/CD, опыт работы с облаками. Обязанности: автоматизация деплоя, мониторинг, поддержка инфраструктуры. Условия: удалёнка, оплата 200000-250000 руб.","Опыт от 3 лет, профильное образование, знание английского.",2647,4,0,0,0
ИП Сидоров,1904637660,Заработок из дома 100000 руб/день,"Работа мечты! Гибкий график, высокая оплата, без начальников. Требуются люди с 18 лет. Оплата сразу после смены. Подробности в личные сообщения.",Срочно! Наличие свободного времени.,44,27,1,8,1
ООО КРОК,4331279752,Python-разработчик,"Мы ищем frontend-разработчика с опытом React. Требования: React, TypeScript, Redux, опыт коммерческой разработки от 2 лет. Обязанности: разработка интерфейсов, интеграция с API. Условия: удалёнка, ДМС, оплата по итогам собеседования.","Опыт администрирования Linux, знание сетей, ответственность.",2054,1,0,0,0
ПАО Сбербанк,4535444394,Системный администратор,"Ищем опытного специалиста для работы над продуктом. Требования: опыт от 3 лет, знание Python, Django, PostgreSQL. Обязанности: разработка новых модулей, code review, участие в архитектурных решениях. Условия: ДМС, гибкий график, офис в центре.","Опыт работы с Docker, Kubernetes, понимание CI/CD.",744,5,0,0,0
ПАО Газпром,3197199756,Системный администратор,"Ищем DevOps-инженера. Требования: Docker, Kubernetes, CI/CD, опыт работы с облаками. Обязанности: автоматизация деплоя, мониторинг, поддержка инфраструктуры. Условия: удалёнка, оплата 200000-250000 руб.","Высшее образование, опыт работы от 2 лет, аналитическое мышление.",2453,0,0,0,0
ООО Рога и Копыта,3587844483,Простая работа на дому,Набор сотрудников для удалённой работы. Оплата 3000 руб за 2 часа. Никаких навыков не требуется. Срочно! Пишите в Telegram. Работа из любой точки мира.,Срочно! Наличие свободного времени.,21,27,1,10,1
ПАО Сбербанк,9374550849,Бизнес-аналитик,"Присоединяйтесь к команде аналитиков. Требования: SQL, Python, понимание статистики. Обязанности: построение отчётов, анализ метрик, A/B тесты. Условия: официальное трудоустройство, обучение, карьерный рост.","Опыт от 3 лет, профильное образование, знание английского.",799,5,0,0,0
АО Альфа-Банк,7515881578,Аналитик данных,"Присоединяйтесь к команде аналитиков. Требования: SQL, Python, понимание статистики. Обязанности: построение отчётов, анализ метрик, A/B тесты. Условия: официальное трудоустройство, обучение, карьерный рост.","Опыт администрирования Linux, знание сетей, ответственность.",2658,1,0,0,0
ООО Skillbox,2797968867,Frontend-разработчик,"Требуется системный администратор. Обязанности: поддержка серверов Linux, настройка сети, резервное копирование. Требования: опыт работы от 2 лет, знание Windows Server, Linux. Условия: полный день, соцпакет.","Опыт администрирования Linux, знание сетей, ответственность.",2406,0,0,0,0
ПАО Газпром,4864631752,Технический писатель,"Мы ищем frontend-разработчика с опытом React. Требования: React, TypeScript, Redux, опыт коммерческой разработки от 2 лет. Обязанности: разработка интерфейсов, интеграция с API. Условия: удалёнка, ДМС, оплата по итогам собеседования.","Опыт администрирования Linux, знание сетей, ответственность.",914,0,0,0,0
ИП Петров А.А.,9677524014,Работа с высокой оплатой без опыта,Набор сотрудников для удалённой работы. Оплата 3000 руб за 2 часа. Никаких навыков не требуется. Срочно! Пишите в Telegram. Работа из любой точки мира.,"Возраст от 18 лет, наличие телефона.",45,45,1,6,1
ООО Яндекс,1578360915,Backend-разработчик,"Ищем опытного специалиста для работы над продуктом. Требования: опыт от 3 лет, знание Python, Django, PostgreSQL. Обязанности: разработка новых модулей, code review, участие в архитектурных решениях. Условия: ДМС, гибкий график, офис в центре.","Опыт администрирования Linux, знание сетей, ответственность.",1312,4,0,0,0
ООО КРОК,9547772529,Бизнес-аналитик,"Присоединяйтесь к команде аналитиков. Требования: SQL, Python, понимание статистики. Обязанности: построение отчётов, анализ метрик, A/B тесты. Условия: официальное трудоустройство, обучение, карьерный рост.","Опыт администрирования Linux, знание сетей, ответственность.",753,5,0,0,0
ООО Золотая Жила,8918158998,Работа мечты — 200000 руб/неделю,"СРОЧНО! Требуются люди для简单 работы. Оплата 5000 руб/день. Без опыта, без вложений. Писать в телеграм @easy_money. Работа из дома, свободный график. Звоните прямо сейчас!","Возраст от 18 лет, наличие телефона.",33,35,1,5,1
ПАО Газпром,5826292518,DevOps-инженер,"Присоединяйтесь к команде аналитиков. Требования: SQL, Python, понимание статистики. Обязанности: построение отчётов, анализ метрик, A/B тесты. Условия: официальное трудоустройство, обучение, карьерный рост.","Высшее образование, опыт работы от 2 лет, аналитическое мышление.",2462,4,0,0,0
АО Альфа-Банк,5420949400,Системный администратор,"Требуется системный администратор. Обязанности: поддержка серверов Linux, настройка сети, резервное копирование. Требования: опыт работы от 2 лет, знание Windows Server, Linux. Условия: полный день, соцпакет.","Портфолио, опыт коммерческой разработки, знание Git.",2757,3,0,0,0
ООО Работа Мечты,2126003083,Работа мечты — 200000 руб/неделю,Набор сотрудников для удалённой работы. Оплата 3000 руб за 2 часа. Никаких навыков не требуется. Срочно! Пишите в Telegram. Работа из любой точки мира.,Без опыта! Обучим всему за 1 день!,23,34,1,3,1
ООО МТС,7822239436,Менеджер проектов,"Мы ищем frontend-разработчика с опытом React. Требования: React, TypeScript, Redux, опыт коммерческой разработки от 2 лет. Обязанности: разработка интерфейсов, интеграция с API. Условия: удалёнка, ДМС, оплата по итогам собеседования.","Высшее образование, опыт работы от 2 лет, аналитическое мышление.",649,1,0,0,0
ООО Яндекс,1242403385,DevOps-инженер,"Присоединяйтесь к команде аналитиков. Требования: SQL, Python, понимание статистики. Обязанности: построение отчётов, анализ метрик, A/B тесты. Условия: официальное трудоустройство, обучение, карьерный рост.","Портфолио, опыт коммерческой разработки, знание Git.",655,0,0,0,0
ООО КРОК,7703362688,Backend-разработчик,"Ищем опытного специалиста для работы над продуктом. Требования: опыт от 3 лет, знание Python, Django, PostgreSQL. Обязанности: разработка новых модулей, code review, участие в архитектурных решениях. Условия: ДМС, гибкий график, офис в центре.","Опыт администрирования Linux, знание сетей, ответственность.",394,5,0,0,0
ООО Skillbox,2611724000,Product Manager,"Мы ищем frontend-разработчика с опытом React. Требования: React, TypeScript, Redux, опыт коммерческой разработки от 2 лет. Обязанности: разработка интерфейсов, интеграция с API. Условия: удалёнка, ДМС, оплата по итогам собеседования.","Высшее образование, опыт работы от 2 лет, аналитическое мышление.",1508,0,0,0,0
ООО КРОК,2033993781,Системный администратор,"Мы ищем frontend-разработчика с опытом React. Требования: React, TypeScript, Redux, опыт коммерческой разработки от 2 лет. Обязанности: разработка интерфейсов, интеграция с API. Условия: удалёнка, ДМС, оплата по итогам собеседования.","Опыт администрирования Linux, знание сетей, ответственность.",3261,4,0,0,0
АО ВТБ,8795995947,Аналитик данных,"Мы ищем frontend-разработчика с опытом React. Требования: React, TypeScript, Redux, опыт коммерческой разработки от 2 лет. Обязанности: разработка интерфейсов, интеграция с API. Условия: удалёнка, ДМС, оплата по итогам собеседования.","Высшее образование, опыт работы от 2 лет, аналитическое мышление.",1894,2,0,0,0
ООО Лёгкий Заработок,5575983399,Набор менеджеров без опыта,Свободная подработка! Оплата ежедневно 2000-5000 руб. Без опыта и вложений. Быстрое оформление. Звоните с 9 до 21. Количество мест ограничено.,"Ответственность, желание зарабатывать, без опыта.",7,28,1,2,1
ООО Лёгкий Заработок,1119236037,Подработка для всех,Заработок от 100000 рублей в неделю! Никакого опыта не нужно. Обучим бесплатно. Оплата ежедневно. Пишите в WhatsApp. Количество мест ограничено!,"Ответственность, желание зарабатывать, без опыта.",29,36,1,3,1
ПАО Газпром,8381684601,Бизнес-аналитик,"Ищем DevOps-инженера. Требования: Docker, Kubernetes, CI/CD, опыт работы с облаками. Обязанности: автоматизация деплоя, мониторинг, поддержка инфраструктуры. Условия: удалёнка, оплата 200000-250000 руб.","Опыт от 3 лет, профильное образование, знание английского.",797,1,0,0,0
ПАО Газпром,3182097021,Backend-разработчик,"Мы ищем frontend-разработчика с опытом React. Требования: React, TypeScript, Redux, опыт коммерческой разработки от 2 лет. Обязанности: разработка интерфейсов, интеграция с API. Условия: удалёнка, ДМС, оплата по итогам собеседования.","Опыт от 3 лет, профильное образование, знание английского.",995,0,0,0,0
ИП Петров А.А.,9628950900,Набор менеджеров без опыта,Заработок от 100000 рублей в неделю! Никакого опыта не нужно. Обучим бесплатно. Оплата ежедневно. Пишите в WhatsApp. Количество мест ограничено!,Срочно! Наличие свободного времени.,45,32,1,3,1
ПАО Сбербанк,2902294137,Аналитик данных,"Требуется системный администратор. Обязанности: поддержка серверов Linux, настройка сети, резервное копирование. Требования: опыт работы от 2 лет, знание Windows Server, Linux. Условия: полный день, соцпакет.","Опыт администрирования Linux, знание сетей, ответственность.",665,4,0,0,0
ООО Работа Мечты,5500000015,"Требуются люди, оплата ежедневно","СРОЧНО! Требуются люди для简单 работы. Оплата 5000 руб/день. Без опыта, без вложений. Писать в телеграм @easy_money. Работа из дома, свободный график. Звоните прямо сейчас!","Возраст от 18 лет, наличие телефона.",10,50,1,3,1
ООО КРОК,7730371836,Python-разработчик,"Ищем опытного специалиста для работы над продуктом. Требования: опыт от 3 лет, знание Python, Django, PostgreSQL. Обязанности: разработка новых модулей, code review, участие в архитектурных решениях. Условия: ДМС, гибкий график, офис в центре.","Высшее образование, опыт работы от 2 лет, аналитическое мышление.",2116,3,0,0,0
АО ВТБ,5771093246,QA-инженер,"Ищем DevOps-инженера. Требования: Docker, Kubernetes, CI/CD, опыт работы с облаками. Обязанности: автоматизация деплоя, мониторинг, поддержка инфраструктуры. Условия: удалёнка, оплата 200000-250000 руб.","Высшее образование, опыт работы от 2 лет, аналитическое мышление.",2436,0,0,0,0
ООО Рога и Копыта,2849804252,Набор менеджеров без опыта,"СРОЧНО! Требуются люди для简单 работы. Оплата 5000 руб/день. Без опыта, без вложений. Писать в телеграм @easy_money. Работа из дома, свободный график. Звоните прямо сейчас!",Срочно! Наличие свободного времени.,58,25,1,5,1
АО Лаборатория Касперского,3849877693,Технический писатель,"Присоединяйтесь к команде аналитиков. Требования: SQL, Python, понимание статистики. Обязанности: построение отчётов, анализ метрик, A/B тесты. Условия: официальное трудоустройство, обучение, карьерный рост.","Опыт администрирования Linux, знание сетей, ответственность.",1279,2,0,0,0
ООО Skillbox,9680112805,QA-инженер,"Присоединяйтесь к команде аналитиков. Требования: SQL, Python, понимание статистики. Обязанности: построение отчётов, анализ метрик, A/B тесты. Условия: официальное трудоустройство, обучение, карьерный рост.","Опыт администрирования Linux, знание сетей, ответственность.",3598,2,0,0,0
ООО КРОК,2483753740,Backend-разработчик,"Ищем опытного специалиста для работы над продуктом. Требования: опыт от 3 лет, знание Python, Django, PostgreSQL. Обязанности: разработка новых модулей, code review, участие в архитектурных решениях. Условия: ДМС, гибкий график, офис в центре.","Опыт от 3 лет, профильное образование, знание английского.",1682,4,0,0,0
ООО Деньги Сразу,1797796120,"Свободный график, оплата сразу",Набор сотрудников для удалённой работы. Оплата 3000 руб за 2 часа. Никаких навыков не требуется. Срочно! Пишите в Telegram. Работа из любой точки мира.,"Возраст от 18 лет, наличие телефона.",35,38,1,2,1
ООО Лёгкий Заработок,8026086982,Работа с высокой оплатой без опыта,"СРОЧНО! Требуются люди для简单 работы. Оплата 5000 руб/день. Без опыта, без вложений. Писать в телеграм @easy_money. Работа из дома, свободный график. Звоните прямо сейчас!","Возраст от 18 лет, наличие телефона.",10,16,0,7,1
ООО МТС,1042548827,Python-разработчик,"Требуется системный администратор. Обязанности: поддержка серверов Linux, настройка сети, резервное копирование. Требования: опыт работы от 2 лет, знание Windows Server, Linux. Условия: полный день, соцпакет.","Портфолио, опыт коммерческой разработки, знание Git.",532,5,0,0,0
ООО Яндекс,3280920243,Менеджер проектов,"Ищем опытного специалиста для работы над продуктом. Требования: опыт от 3 лет, знание Python, Django, PostgreSQL. Обязанности: разработка новых модулей, code review, участие в архитектурных решениях. Условия: ДМС, гибкий график, офис в центре.","Высшее образование, опыт работы от 2 лет, аналитическое мышление.",917,4,0,0,0
ПАО Газпром,7128463982,Аналитик данных,"Мы ищем frontend-разработчика с опытом React. Требования: React, TypeScript, Redux, опыт коммерческой разработки от 2 лет. Обязанности: разработка интерфейсов, интеграция с API. Условия: удалёнка, ДМС, оплата по итогам собеседования.","Опыт от 3 лет, профильное образование, знание английского.",3465,2,0,0,0
ИП Сидоров,7602562650,Подработка для всех,Набор сотрудников для удалённой работы. Оплата 3000 руб за 2 часа. Никаких навыков не требуется. Срочно! Пишите в Telegram. Работа из любой точки мира.,Никаких навыков не требуется!,27,21,0,4,1
АО Лаборатория Касперского,3459375264,Системный администратор,"Требуется системный администратор. Обязанности: поддержка серверов Linux, настройка сети, резервное копирование. Требования: опыт работы от 2 лет, знание Windows Server, Linux. Условия: полный день, соцпакет.","Опыт работы с Docker, Kubernetes, понимание CI/CD.",1487,2,0,0,0
ООО 1С,1171302324,Системный администратор,"Присоединяйтесь к команде аналитиков. Требования: SQL, Python, понимание статистики. Обязанности: построение отчётов, анализ метрик, A/B тесты. Условия: официальное трудоустройство, обучение, карьерный рост.","Опыт администрирования Linux, знание сетей, ответственность.",555,1,0,0,0
ООО 1С,3258713971,Менеджер проектов,"Ищем DevOps-инженера. Требования: Docker, Kubernetes, CI/CD, опыт работы с облаками. Обязанности: автоматизация деплоя, мониторинг, поддержка инфраструктуры. Условия: удалёнка, оплата 200000-250000 руб.","Опыт работы с Docker, Kubernetes, понимание CI/CD.",552,4,0,0,0
ООО 1С,8858549730,Data Scientist,"Мы ищем frontend-разработчика с опытом React. Требования: React, TypeScript, Redux, опыт коммерческой разработки от 2 лет. Обязанности: разработка интерфейсов, интеграция с API. Условия: удалёнка, ДМС, оплата по итогам собеседования.","Высшее образование, опыт работы от 2 лет, аналитическое мышление.",1189,2,0,0,0
ПАО Ростелеком,2238780030,Backend-разработчик,"Ищем DevOps-инженера. Требования: Docker, Kubernetes, CI/CD, опыт работы с облаками. Обязанности: автоматизация деплоя, мониторинг, поддержка инфраструктуры. Условия: удалёнка, оплата 200000-250000 руб.","Опыт работы с Docker, Kubernetes, понимание CI/CD.",2348,2,0,0,0
ПАО Сбербанк,7147683422,Frontend-разработчик,"Ищем опытного специалиста для работы над продуктом. Требования: опыт от 3 лет, знание Python, Django, PostgreSQL. Обязанности: разработка новых модулей, code review, участие в архитектурных решениях. Условия: ДМС, гибкий график, офис в центре.","Портфолио, опыт коммерческой разработки, знание Git.",3581,0,0,0,0
ООО КРОК,4836702419,Технический писатель,"Мы ищем frontend-разработчика с опытом React. Требования: React, TypeScript, Redux, опыт коммерческой разработки от 2 лет. Обязанности: разработка интерфейсов, интеграция с API. Условия: удалёнка, ДМС, оплата по итогам собеседования.","Опыт от 3 лет, профильное образование, знание английского.",359,1,0,0,0
ООО Быстрые Деньги,3398471698,Подработка для всех,Свободная подработка! Оплата ежедневно 2000-5000 руб. Без опыта и вложений. Быстрое оформление. Звоните с 9 до 21. Количество мест ограничено.,Срочно! Наличие свободного времени.,1,36,0,10,1
АО Альфа-Банк,3845115447,Data Scientist,"Ищем опытного специалиста для работы над продуктом. Требования: опыт от 3 лет, знание Python, Django, PostgreSQL. Обязанности: разработка новых модулей, code review, участие в архитектурных решениях. Условия: ДМС, гибкий график, офис в центре.","Опыт администрирования Linux, знание сетей, ответственность.",2006,4,0,0,0
ООО МТС,8665586855,DevOps-инженер,"Ищем опытного специалиста для работы над продуктом. Требования: опыт от 3 лет, знание Python, Django, PostgreSQL. Обязанности: разработка новых модулей, code review, участие в архитектурных решениях. Условия: ДМС, гибкий график, офис в центре.","Опыт администрирования Linux, знание сетей, ответственность.",644,1,0,0,0
ООО Яндекс,4378613716,Product Manager,"Мы ищем frontend-разработчика с опытом React. Требования: React, TypeScript, Redux, опыт коммерческой разработки от 2 лет. Обязанности: разработка интерфейсов, интеграция с API. Условия: удалёнка, ДМС, оплата по итогам собеседования.","Опыт администрирования Linux, знание сетей, ответственность.",1616,3,0,0,0
ООО Работа Мечты,8620901447,Работа мечты — 200000 руб/неделю,"СРОЧНО! Требуются люди для简单 работы. Оплата 5000 руб/день. Без опыта, без вложений. Писать в телеграм @easy_money. Работа из дома, свободный график. Звоните прямо сейчас!",Без опыта! Обучим всему за 1 день!,12,27,0,6,1
АО Лаборатория Касперского,2509839307,Аналитик данных,"Присоединяйтесь к команде аналитиков. Требования: SQL, Python, понимание статистики. Обязанности: построение отчётов, анализ метрик, A/B тесты. Условия: официальное трудоустройство, обучение, карьерный рост.","Высшее образование, опыт работы от 2 лет, аналитическое мышление.",470,5,0,0,0
ООО Тинькофф,5235116154,Технический писатель,"Требуется системный администратор. Обязанности: поддержка серверов Linux, настройка сети, резервное копирование. Требования: опыт работы от 2 лет, знание Windows Server, Linux. Условия: полный день, соцпакет.","Портфолио, опыт коммерческой разработки, знание Git.",1588,4,0,0,0
АО Альфа-Банк,7832723861,Data Scientist,"Требуется системный администратор. Обязанности: поддержка серверов Linux, настройка сети, резервное копирование. Требования: опыт работы от 2 лет, знание Windows Server, Linux. Условия: полный день, соцпакет.","Опыт администрирования Linux, знание сетей, ответственность.",3634,2,0,0,0
ООО Рога и Копыта,5172156229,Набор менеджеров без опыта,"Работа мечты! Гибкий график, высокая оплата, без начальников. Требуются люди с 18 лет. Оплата сразу после смены. Подробности в личные сообщения.",Срочно! Наличие свободного времени.,19,46,0,10,1
ПАО Сбербанк,1392827224,Data Scientist,"Мы ищем frontend-разработчика с опытом React. Требования: React, TypeScript, Redux, опыт коммерческой разработки от 2 лет. Обязанности: разработка интерфейсов, интеграция с API. Условия: удалёнка, ДМС, оплата по итогам собеседования.","Опыт работы с Docker, Kubernetes, понимание CI/CD.",2499,4,0,0,0
АО Лаборатория Касперского,5034471342,Технический писатель,"Ищем DevOps-инженера. Требования: Docker, Kubernetes, CI/CD, опыт работы с облаками. Обязанности: автоматизация деплоя, мониторинг, поддержка инфраструктуры. Условия: удалёнка, оплата 200000-250000 руб.","Опыт администрирования Linux, знание сетей, ответственность.",3406,5,0,0,0
ООО 1С,2746120042,Системный администратор,"Ищем DevOps-инженера. Требования: Docker, Kubernetes, CI/CD, опыт работы с облаками. Обязанности: автоматизация деплоя, мониторинг, поддержка инфраструктуры. Условия: удалёнка, оплата 200000-250000 руб.","Высшее образование, опыт работы от 2 лет, аналитическое мышление.",2197,0,0,0,0
ООО Skillbox,8139155967,Бизнес-аналитик,"Ищем DevOps-инженера. Требования: Docker, Kubernetes, CI/CD, опыт работы с облаками. Обязанности: автоматизация деплоя, мониторинг, поддержка инфраструктуры. Условия: удалёнка, оплата 200000-250000 руб.","Портфолио, опыт коммерческой разработки, знание Git.",3480,5,0,0,0
ООО Skillbox,7095431735,Аналитик данных,"Ищем опытного специалиста для работы над продуктом. Требования: опыт от 3 лет, знание Python, Django, PostgreSQL. Обязанности: разработка новых модулей, code review, участие в архитектурных решениях. Условия: ДМС, гибкий график, офис в центре.","Опыт администрирования Linux, знание сетей, ответственность.",1575,0,0,0,0
АО Лаборатория Касперского,4799563531,DevOps-инженер,"Ищем опытного специалиста для работы над продуктом. Требования: опыт от 3 лет, знание Python, Django, PostgreSQL. Обязанности: разработка новых модулей, code review, участие в архитектурных решениях. Условия: ДМС, гибкий график, офис в центре.","Опыт от 3 лет, профильное образование, знание английского.",3370,0,0,0,0
ПАО Сбербанк,9837550373,Бизнес-аналитик,"Ищем DevOps-инженера. Требования: Docker, Kubernetes, CI/CD, опыт работы с облаками. Обязанности: автоматизация деплоя, мониторинг, поддержка инфраструктуры. Условия: удалёнка, оплата 200000-250000 руб.","Портфолио, опыт коммерческой разработки, знание Git.",1539,4,0,0,0
ПАО Ростелеком,1505379537,Frontend-разработчик,"Мы ищем frontend-разработчика с опытом React. Требования: React, TypeScript, Redux, опыт коммерческой разработки от 2 лет. Обязанности: разработка интерфейсов, интеграция с API. Условия: удалёнка, ДМС, оплата по итогам собеседования.","Опыт от 3 лет, профильное образование, знание английского.",2480,0,0,0,0
ООО МТС,1569659177,Python-разработчик,"Требуется системный администратор. Обязанности: поддержка серверов Linux, настройка сети, резервное копирование. Требования: опыт работы от 2 лет, знание Windows Server, Linux. Условия: полный день, соцпакет.","Опыт работы с Docker, Kubernetes, понимание CI/CD.",589,5,0,0,0
ООО Яндекс,4173109674,Frontend-разработчик,"Присоединяйтесь к команде аналитиков. Требования: SQL, Python, понимание статистики. Обязанности: построение отчётов, анализ метрик, A/B тесты. Условия: официальное трудоустройство, обучение, карьерный рост.","Опыт от 3 лет, профильное образование, знание английского.",2333,4,0,0,0
АО Лаборатория Касперского,7375998051,Product Manager,"Ищем опытного специалиста для работы над продуктом. Требования: опыт от 3 лет, знание Python, Django, PostgreSQL. Обязанности: разработка новых модулей, code review, участие в архитектурных решениях. Условия: ДМС, гибкий график, офис в центре.","Опыт работы с Docker, Kubernetes, понимание CI/CD.",1808,1,0,0,0
АО ВТБ,2510702963,Product Manager,"Требуется системный администратор. Обязанности: поддержка серверов Linux, настройка сети, резервное копирование. Требования: опыт работы от 2 лет, знание Windows Server, Linux. Условия: полный день, соцпакет.","Высшее образование, опыт работы от 2 лет, аналитическое мышление.",3545,5,0,0,0
АО Альфа-Банк,4008576668,Backend-разработчик,"Присоединяйтесь к команде аналитиков. Требования: SQL, Python, понимание статистики. Обязанности: построение отчётов, анализ метрик, A/B тесты. Условия: официальное трудоустройство, обучение, карьерный рост.","Высшее образование, опыт работы от 2 лет, аналитическое мышление.",3220,2,0,0,0
ООО МТС,6498227498,Бизнес-аналитик,"Требуется системный администратор. Обязанности: поддержка серверов Linux, настройка сети, резервное копирование. Требования: опыт работы от 2 лет, знание Windows Server, Linux. Условия: полный день, соцпакет.","Опыт работы с Docker, Kubernetes, понимание CI/CD.",1584,2,0,0,0
ООО Рога и Копыта,5463339992,Работа с высокой оплатой без опыта,"СРОЧНО! Требуются люди для简单 работы. Оплата 5000 руб/день. Без опыта, без вложений. Писать в телеграм @easy_money. Работа из дома, свободный график. Звоните прямо сейчас!","Возраст от 18 лет, наличие телефона.",48,27,1,7,1
АО Лаборатория Касперского,6521667468,Бизнес-аналитик,"Мы ищем frontend-разработчика с опытом React. Требования: React, TypeScript, Redux, опыт коммерческой разработки от 2 лет. Обязанности: разработка интерфейсов, интеграция с API. Условия: удалёнка, ДМС, оплата по итогам собеседования.","Опыт от 3 лет, профильное образование, знание английского.",3005,3,0,0,0
ПАО Ростелеком,2135290964,Технический писатель,"Ищем DevOps-инженера. Требования: Docker, Kubernetes, CI/CD, опыт работы с облаками. Обязанности: автоматизация деплоя, мониторинг, поддержка инфраструктуры. Условия: удалёнка, оплата 200000-250000 руб.","Опыт работы с Docker, Kubernetes, понимание CI/CD.",3262,2,0,0,0
ООО КРОК,2903689000,Python-разработчик,"Присоединяйтесь к команде аналитиков. Требования: SQL, Python, понимание статистики. Обязанности: построение отчётов, анализ метрик, A/B тесты. Условия: официальное трудоустройство, обучение, карьерный рост.","Высшее образование, опыт работы от 2 лет, аналитическое мышление.",3128,1,0,0,0
ООО Лёгкий Заработок,4342643354,Заработок из дома 100000 руб/день,"Работа мечты! Гибкий график, высокая оплата, без начальников. Требуются люди с 18 лет. Оплата сразу после смены. Подробности в личные сообщения.","Возраст от 18 лет, наличие телефона.",1,18,1,3,1
ООО МТС,9685014294,Аналитик данных,"Мы ищем frontend-разработчика с опытом React. Требования: React, TypeScript, Redux, опыт коммерческой разработки от 2 лет. Обязанности: разработка интерфейсов, интеграция с API. Условия: удалёнка, ДМС, оплата по итогам собеседования.","Портфолио, опыт коммерческой разработки, знание Git.",1267,0,0,0,0
ООО Тинькофф,4076810404,Аналитик данных,"Ищем DevOps-инженера. Требования: Docker, Kubernetes, CI/CD, опыт работы с облаками. Обязанности: автоматизация деплоя, мониторинг, поддержка инфраструктуры. Условия: удалёнка, оплата 200000-250000 руб.","Высшее образование, опыт работы от 2 лет, аналитическое мышление.",2994,4,0,0,0
ПАО Газпром,5958887945,Системный администратор,"Присоединяйтесь к команде аналитиков. Требования: SQL, Python, понимание статистики. Обязанности: построение отчётов, анализ метрик, A/B тесты. Условия: официальное трудоустройство, обучение, карьерный рост.","Опыт администрирования Linux, знание сетей, ответственность.",2125,0,0,0,0
ПАО Сбербанк,4235494010,Менеджер проектов,"Мы ищем frontend-разработчика с опытом React. Требования: React, TypeScript, Redux, опыт коммерческой разработки от 2 лет. Обязанности: разработка интерфейсов, интеграция с API. Условия: удалёнка, ДМС, оплата по итогам собеседования.","Опыт администрирования Linux, знание сетей, ответственность.",938,4,0,0,0
ООО Быстрые Деньги,4394394571,Заработок из дома 100000 руб/день,"СРОЧНО! Требуются люди для简单 работы. Оплата 5000 руб/день. Без опыта, без вложений. Писать в телеграм @easy_money. Работа из дома, свободный график. Звоните прямо сейчас!","Ответственность, желание зарабатывать, без опыта.",3,50,0,6,1
ООО Тинькофф,8657041209,Технический писатель,"Ищем DevOps-инженера. Требования: Docker, Kubernetes, CI/CD, опыт работы с облаками. Обязанности: автоматизация деплоя, мониторинг, поддержка инфраструктуры. Условия: удалёнка, оплата 200000-250000 руб.","Портфолио, опыт коммерческой разработки, знание Git.",2811,0,0,0,0
АО Лаборатория Касперского,6960633996,Frontend-разработчик,"Мы ищем frontend-разработчика с опытом React. Требования: React, TypeScript, Redux, опыт коммерческой разработки от 2 лет. Обязанности: разработка интерфейсов, интеграция с API. Условия: удалёнка, ДМС, оплата по итогам собеседования.","Портфолио, опыт коммерческой разработки, знание Git.",487,1,0,0,0
ООО Тинькофф,2943114263,Product Manager,"Ищем DevOps-инженера. Требования: Docker, Kubernetes, CI/CD, опыт работы с облаками. Обязанности: автоматизация деплоя, мониторинг, поддержка инфраструктуры. Условия: удалёнка, оплата 200000-250000 руб.","Опыт администрирования Linux, знание сетей, ответственность.",3095,5,0,0,0
ПАО Ростелеком,6565033349,Data Scientist,"Ищем опытного специалиста для работы над продуктом. Требования: опыт от 3 лет, знание Python, Django, PostgreSQL. Обязанности: разработка новых модулей, code review, участие в архитектурных решениях. Условия: ДМС, гибкий график, офис в центре.","Опыт администрирования Linux, знание сетей, ответственность.",2607,0,0,0,0
ООО Быстрые Деньги,9003700332,Заработок из дома 100000 руб/день,"Работа мечты! Гибкий график, высокая оплата, без начальников. Требуются люди с 18 лет. Оплата сразу после смены. Подробности в личные сообщения.",Никаких навыков не требуется!,55,18,1,7,1
ООО Быстрые Деньги,3303911142,Простая работа на дому,Свободная подработка! Оплата ежедневно 2000-5000 руб. Без опыта и вложений. Быстрое оформление. Звоните с 9 до 21. Количество мест ограничено.,"Ответственность, желание зарабатывать, без опыта.",52,21,1,3,1
ООО Skillbox,2528506769,DevOps-инженер,"Присоединяйтесь к команде аналитиков. Требования: SQL, Python, понимание статистики. Обязанности: построение отчётов, анализ метрик, A/B тесты. Условия: официальное трудоустройство, обучение, карьерный рост.","Высшее образование, опыт работы от 2 лет, аналитическое мышление.",878,2,0,0,0
АО ВТБ,5897861030,Data Scientist,"Присоединяйтесь к команде аналитиков. Требования: SQL, Python, понимание статистики. Обязанности: построение отчётов, анализ метрик, A/B тесты. Условия: официальное трудоустройство, обучение, карьерный рост.","Опыт работы с Docker, Kubernetes, понимание CI/CD.",634,1,0,0,0
ООО Яндекс,4588916379,Технический писатель,"Ищем DevOps-инженера. Требования: Docker, Kubernetes, CI/CD, опыт работы с облаками. Обязанности: автоматизация деплоя, мониторинг, поддержка инфраструктуры. Условия: удалёнка, оплата 200000-250000 руб.","Опыт работы с Docker, Kubernetes, понимание CI/CD.",1596,5,0,0,0
ПАО Газпром,2832421029,Product Manager,"Присоединяйтесь к команде аналитиков. Требования: SQL, Python, понимание статистики. Обязанности: построение отчётов, анализ метрик, A/B тесты. Условия: официальное трудоустройство, обучение, карьерный рост.","Опыт администрирования Linux, знание сетей, ответственность.",3426,2,0,0,0
ООО КРОК,8759655550,Бизнес-аналитик,"Ищем DevOps-инженера. Требования: Docker, Kubernetes, CI/CD, опыт работы с облаками. Обязанности: автоматизация деплоя, мониторинг, поддержка инфраструктуры. Условия: удалёнка, оплата 200000-250000 руб.","Портфолио, опыт коммерческой разработки, знание Git.",3525,1,0,0,0
ПАО Газпром,9953690269,Менеджер проектов,"Мы ищем frontend-разработчика с опытом React. Требования: React, TypeScript, Redux, опыт коммерческой разработки от 2 лет. Обязанности: разработка интерфейсов, интеграция с API. Условия: удалёнка, ДМС, оплата по итогам собеседования.","Опыт работы с Docker, Kubernetes, понимание CI/CD.",3303,5,0,0,0
ООО Яндекс,4098215060,Менеджер проектов,"Присоединяйтесь к команде аналитиков. Требования: SQL, Python, понимание статистики. Обязанности: построение отчётов, анализ метрик, A/B тесты. Условия: официальное трудоустройство, обучение, карьерный рост.","Высшее образование, опыт работы от 2 лет, аналитическое мышление.",2802,2,0,0,0
ИП Иванов,1775608587,Срочно! Набор сотрудников,Заработок от 100000 рублей в неделю! Никакого опыта не нужно. Обучим бесплатно. Оплата ежедневно. Пишите в WhatsApp. Количество мест ограничено!,Никаких навыков не требуется!,6,36,1,2,1
ООО Деньги Сразу,1534864010,"Требуются люди, оплата ежедневно","Работа мечты! Гибкий график, высокая оплата, без начальников. Требуются люди с 18 лет. Оплата сразу после смены. Подробности в личные сообщения.",Без опыта! Обучим всему за 1 день!,60,29,1,4,1
ООО Яндекс,5347128711,Frontend-разработчик,"Мы ищем frontend-разработчика с опытом React. Требования: React, TypeScript, Redux, опыт коммерческой разработки от 2 лет. Обязанности: разработка интерфейсов, интеграция с API. Условия: удалёнка, ДМС, оплата по итогам собеседования.","Опыт администрирования Linux, знание сетей, ответственность.",3438,5,0,0,0
ООО Яндекс,7413953760,Менеджер проектов,"Ищем опытного специалиста для работы над продуктом. Требования: опыт от 3 лет, знание Python, Django, PostgreSQL. Обязанности: разработка новых модулей, code review, участие в архитектурных решениях. Условия: ДМС, гибкий график, офис в центре.","Портфолио, опыт коммерческой разработки, знание Git.",2813,3,0,0,0
ООО Skillbox,7490810815,QA-инженер,"Присоединяйтесь к команде аналитиков. Требования: SQL, Python, понимание статистики. Обязанности: построение отчётов, анализ метрик, A/B тесты. Условия: официальное трудоустройство, обучение, карьерный рост.","Опыт работы с Docker, Kubernetes, понимание CI/CD.",2271,3,0,0,0
АО Альфа-Банк,9951343326,Frontend-разработчик,"Ищем опытного специалиста для работы над продуктом. Требования: опыт от 3 лет, знание Python, Django, PostgreSQL. Обязанности: разработка новых модулей, code review, участие в архитектурных решениях. Условия: ДМС, гибкий график, офис в центре.","Портфолио, опыт коммерческой разработки, знание Git.",280,0,0,0,0
ООО 1С,3417248257,QA-инженер,"Присоединяйтесь к команде аналитиков. Требования: SQL, Python, понимание статистики. Обязанности: построение отчётов, анализ метрик, A/B тесты. Условия: официальное трудоустройство, обучение, карьерный рост.","Опыт работы с Docker, Kubernetes, понимание CI/CD.",2860,0,0,0,0
ИП Иванов,5176342507,"Требуются люди, оплата ежедневно",Набор сотрудников для удалённой работы. Оплата 3000 руб за 2 часа. Никаких навыков не требуется. Срочно! Пишите в Telegram. Работа из любой точки мира.,"Ответственность, желание зарабатывать, без опыта.",15,24,1,2,1
АО Альфа-Банк,3543107425,Технический писатель,"Требуется системный администратор. Обязанности: поддержка серверов Linux, настройка сети, резервное копирование. Требования: опыт работы от 2 лет, знание Windows Server, Linux. Условия: полный день, соцпакет.","Высшее образование, опыт работы от 2 лет, аналитическое мышление.",3060,3,0,0,0
ООО Тинькофф,1237416780,Data Scientist,"Требуется системный администратор. Обязанности: поддержка серверов Linux, настройка сети, резервное копирование. Требования: опыт работы от 2 лет, знание Windows Server, Linux. Условия: полный день, соцпакет.","Портфолио, опыт коммерческой разработки, знание Git.",2209,5,0,0,0
ООО КРОК,6977790147,Бизнес-аналитик,"Присоединяйтесь к команде аналитиков. Требования: SQL, Python, понимание статистики. Обязанности: построение отчётов, анализ метрик, A/B тесты. Условия: официальное трудоустройство, обучение, карьерный рост.","Опыт работы с Docker, Kubernetes, понимание CI/CD.",2827,3,0,0,0
ПАО Газпром,2615814872,Бизнес-аналитик,"Присоединяйтесь к команде аналитиков. Требования: SQL, Python, понимание статистики. Обязанности: построение отчётов, анализ метрик, A/B тесты. Условия: официальное трудоустройство, обучение, карьерный рост.","Опыт работы с Docker, Kubernetes, понимание CI/CD.",1821,4,0,0,0
ООО Быстрые Деньги,4379705818,Набор менеджеров без опыта,Свободная подработка! Оплата ежедневно 2000-5000 руб. Без опыта и вложений. Быстрое оформление. Звоните с 9 до 21. Количество мест ограничено.,Никаких навыков не требуется!,24,19,1,7,1
ООО МТС,3805129274,Технический писатель,"Присоединяйтесь к команде аналитиков. Требования: SQL, Python, понимание статистики. Обязанности: построение отчётов, анализ метрик, A/B тесты. Условия: официальное трудоустройство, обучение, карьерный рост.","Опыт администрирования Linux, знание сетей, ответственность.",3263,3,0,0,0
ООО МТС,5870605664,Менеджер проектов,"Ищем опытного специалиста для работы над продуктом. Требования: опыт от 3 лет, знание Python, Django, PostgreSQL. Обязанности: разработка новых модулей, code review, участие в архитектурных решениях. Условия: ДМС, гибкий график, офис в центре.","Опыт работы с Docker, Kubernetes, понимание CI/CD.",1302,0,0,0,0
АО ВТБ,1782357849,Аналитик данных,"Требуется системный администратор. Обязанности: поддержка серверов Linux, настройка сети, резервное копирование. Требования: опыт работы от 2 лет, знание Windows Server, Linux. Условия: полный день, соцпакет.","Опыт работы с Docker, Kubernetes, понимание CI/CD.",3356,2,0,0,0
ПАО Сбербанк,9955439371,Аналитик данных,"Ищем DevOps-инженера. Требования: Docker, Kubernetes, CI/CD, опыт работы с облаками. Обязанности: автоматизация деплоя, мониторинг, поддержка инфраструктуры. Условия: удалёнка, оплата 200000-250000 руб.","Портфолио, опыт коммерческой разработки, знание Git.",1834,4,0,0,0
ООО Золотая Жила,4206496935,Работа с высокой оплатой без опыта,Набор сотрудников для удалённой работы. Оплата 3000 руб за 2 часа. Никаких навыков не требуется. Срочно! Пишите в Telegram. Работа из любой точки мира.,Без опыта! Обучим всему за 1 день!,30,43,1,4,1
ПАО Газпром,8174648877,Технический писатель,"Ищем DevOps-инженера. Требования: Docker, Kubernetes, CI/CD, опыт работы с облаками. Обязанности: автоматизация деплоя, мониторинг, поддержка инфраструктуры. Условия: удалёнка, оплата 200000-250000 руб.","Портфолио, опыт коммерческой разработки, знание Git.",1973,0,0,0,0
АО Альфа-Банк,7204719607,Аналитик данных,"Требуется системный администратор. Обязанности: поддержка серверов Linux, настройка сети, резервное копирование. Требования: опыт работы от 2 лет, знание Windows Server, Linux. Условия: полный день, соцпакет.","Опыт администрирования Linux, знание сетей, ответственность.",2557,2,0,0,0
ИП Сидоров,7905150267,Срочно! Набор сотрудников,Набор сотрудников для удалённой работы. Оплата 3000 руб за 2 часа. Никаких навыков не требуется. Срочно! Пишите в Telegram. Работа из любой точки мира.,Срочно! Наличие свободного времени.,21,31,1,3,1
ООО Skillbox,5565574314,Frontend-разработчик,"Присоединяйтесь к команде аналитиков. Требования: SQL, Python, понимание статистики. Обязанности: построение отчётов, анализ метрик, A/B тесты. Условия: официальное трудоустройство, обучение, карьерный рост.","Портфолио, опыт коммерческой разработки, знание Git.",1010,1,0,0,0
ООО 1С,2256253131,Системный администратор,"Требуется системный администратор. Обязанности: поддержка серверов Linux, настройка сети, резервное копирование. Требования: опыт работы от 2 лет, знание Windows Server, Linux. Условия: полный день, соцпакет.","Опыт от 3 лет, профильное образование, знание английского.",2870,2,0,0,0
ООО Skillbox,9160648420,Аналитик данных,"Присоединяйтесь к команде аналитиков. Требования: SQL, Python, понимание статистики. Обязанности: построение отчётов, анализ метрик, A/B тесты. Условия: официальное трудоустройство, обучение, карьерный рост.","Высшее образование, опыт работы от 2 лет, аналитическое мышление.",839,4,0,0,0
ИП Сидоров,6061581480,Работа с высокой оплатой без опыта,Свободная подработка! Оплата ежедневно 2000-5000 руб. Без опыта и вложений. Быстрое оформление. Звоните с 9 до 21. Количество мест ограничено.,Никаких навыков не требуется!,34,44,0,2,1
ООО Яндекс,7319314910,QA-инженер,"Ищем DevOps-инженера. Требования: Docker, Kubernetes, CI/CD, опыт работы с облаками. Обязанности: автоматизация деплоя, мониторинг, поддержка инфраструктуры. Условия: удалёнка, оплата 200000-250000 руб.","Опыт администрирования Linux, знание сетей, ответственность.",3441,4,0,0,0
АО Лаборатория Касперского,3412095790,Data Scientist,"Мы ищем frontend-разработчика с опытом React. Требования: React, TypeScript, Redux, опыт коммерческой разработки от 2 лет. Обязанности: разработка интерфейсов, интеграция с API. Условия: удалёнка, ДМС, оплата по итогам собеседования.","Опыт от 3 лет, профильное образование, знание английского.",184,3,0,0,0
ПАО Сбербанк,5629148650,Бизнес-аналитик,"Присоединяйтесь к команде аналитиков. Требования: SQL, Python, понимание статистики. Обязанности: построение отчётов, анализ метрик, A/B тесты. Условия: официальное трудоустройство, обучение, карьерный рост.","Портфолио, опыт коммерческой разработки, знание Git.",3510,1,0,0,0
АО Альфа-Банк,2235679835,Backend-разработчик,"Присоединяйтесь к команде аналитиков. Требования: SQL, Python, понимание статистики. Обязанности: построение отчётов, анализ метрик, A/B тесты. Условия: официальное трудоустройство, обучение, карьерный рост.","Опыт работы с Docker, Kubernetes, понимание CI/CD.",3374,3,0,0,0
ООО Рога и Копыта,4369987950,"Требуются люди, оплата ежедневно","СРОЧНО! Требуются люди для简单 работы. Оплата 5000 руб/день. Без опыта, без вложений. Писать в телеграм @easy_money. Работа из дома, свободный график. Звоните прямо сейчас!","Ответственность, желание зарабатывать, без опыта.",49,49,1,10,1
АО ВТБ,3168942102,Менеджер проектов,"Мы ищем frontend-разработчика с опытом React. Требования: React, TypeScript, Redux, опыт коммерческой разработки от 2 лет. Обязанности: разработка интерфейсов, интеграция с API. Условия: удалёнка, ДМС, оплата по итогам собеседования.","Портфолио, опыт коммерческой разработки, знание Git.",1401,2,0,0,0
ООО Лёгкий Заработок,8616453454,Работа мечты — 200000 руб/неделю,"СРОЧНО! Требуются люди для简单 работы. Оплата 5000 руб/день. Без опыта, без вложений. Писать в телеграм @easy_money. Работа из дома, свободный график. Звоните прямо сейчас!","Ответственность, желание зарабатывать, без опыта.",30,20,0,5,1
ПАО Ростелеком,7519098625,QA-инженер,"Ищем DevOps-инженера. Требования: Docker, Kubernetes, CI/CD, опыт работы с облаками. Обязанности: автоматизация деплоя, мониторинг, поддержка инфраструктуры. Условия: удалёнка, оплата 200000-250000 руб.","Портфолио, опыт коммерческой разработки, знание Git.",1384,0,0,0,0
ООО Яндекс,5064930850,Технический писатель,"Требуется системный администратор. Обязанности: поддержка серверов Linux, настройка сети, резервное копирование. Требования: опыт работы от 2 лет, знание Windows Server, Linux. Условия: полный день, соцпакет.","Опыт администрирования Linux, знание сетей, ответственность.",952,3,0,0,0
ООО Яндекс,5241541527,Data Scientist,"Присоединяйтесь к команде аналитиков. Требования: SQL, Python, понимание статистики. Обязанности: построение отчётов, анализ метрик, A/B тесты. Условия: официальное трудоустройство, обучение, карьерный рост.","Высшее образование, опыт работы от 2 лет, аналитическое мышление.",392,3,0,0,0
ПАО Ростелеком,1778487394,Технический писатель,"Присоединяйтесь к команде аналитиков. Требования: SQL, Python, понимание статистики. Обязанности: построение отчётов, анализ метрик, A/B тесты. Условия: официальное трудоустройство, обучение, карьерный рост.","Портфолио, опыт коммерческой разработки, знание Git.",944,4,0,0,0
ПАО Газпром,8357790711,QA-инженер,"Требуется системный администратор. Обязанности: поддержка серверов Linux, настройка сети, резервное копирование. Требования: опыт работы от 2 лет, знание Windows Server, Linux. Условия: полный день, соцпакет.","Опыт администрирования Linux, знание сетей, ответственность.",1236,0,0,0,0
ООО 1С,6855665935,Бизнес-аналитик,"Требуется системный администратор. Обязанности: поддержка серверов Linux, настройка сети, резервное копирование. Требования: опыт работы от 2 лет, знание Windows Server, Linux. Условия: полный день, соцпакет.","Портфолио, опыт коммерческой разработки, знание Git.",2486,4,0,0,0
ООО Skillbox,6803046878,DevOps-инженер,"Требуется системный администратор. Обязанности: поддержка серверов Linux, настройка сети, резервное копирование. Требования: опыт работы от 2 лет, знание Windows Server, Linux. Условия: полный день, соцпакет.","Опыт администрирования Linux, знание сетей, ответственность.",1475,0,0,0,0
ООО Быстрые Деньги,8090814415,Подработка для всех,Заработок от 100000 рублей в неделю! Никакого опыта не нужно. Обучим бесплатно. Оплата ежедневно. Пишите в WhatsApp. Количество мест ограничено!,Срочно! Наличие свободного времени.,43,21,1,10,1
АО Лаборатория Касперского,1699016272,Frontend-разработчик,"Ищем DevOps-инженера. Требования: Docker, Kubernetes, CI/CD, опыт работы с облаками. Обязанности: автоматизация деплоя, мониторинг, поддержка инфраструктуры. Условия: удалёнка, оплата 200000-250000 руб.","Опыт работы с Docker, Kubernetes, понимание CI/CD.",924,0,0,0,0
ООО Яндекс,1846684555,Product Manager,"Присоединяйтесь к команде аналитиков. Требования: SQL, Python, понимание статистики. Обязанности: построение отчётов, анализ метрик, A/B тесты. Условия: официальное трудоустройство, обучение, карьерный рост.","Опыт работы с Docker, Kubernetes, понимание CI/CD.",212,2,0,0,0
ООО 1С,3966278284,Data Scientist,"Требуется системный администратор. Обязанности: поддержка серверов Linux, настройка сети, резервное копирование. Требования: опыт работы от 2 лет, знание Windows Server, Linux. Условия: полный день, соцпакет.","Опыт работы с Docker, Kubernetes, понимание CI/CD.",863,3,0,0,0
ООО Skillbox,2220681550,Product Manager,"Ищем опытного специалиста для работы над продуктом. Требования: опыт от 3 лет, знание Python, Django, PostgreSQL. Обязанности: разработка новых модулей, code review, участие в архитектурных решениях. Условия: ДМС, гибкий график, офис в центре.","Высшее образование, опыт работы от 2 лет, аналитическое мышление.",2482,5,0,0,0
ООО КРОК,3771670147,Системный администратор,"Ищем DevOps-инженера. Требования: Docker, Kubernetes, CI/CD, опыт работы с облаками. Обязанности: автоматизация деплоя, мониторинг, поддержка инфраструктуры. Условия: удалёнка, оплата 200000-250000 руб.","Опыт от 3 лет, профильное образование, знание английского.",2862,2,0,0,0
ПАО Ростелеком,9877492424,Product Manager,"Мы ищем frontend-разработчика с опытом React. Требования: React, TypeScript, Redux, опыт коммерческой разработки от 2 лет. Обязанности: разработка интерфейсов, интеграция с API. Условия: удалёнка, ДМС, оплата по итогам собеседования.","Опыт администрирования Linux, знание сетей, ответственность.",3412,2,0,0,0
ООО Skillbox,8054669272,Frontend-разработчик,"Ищем опытного специалиста для работы над продуктом. Требования: опыт от 3 лет, знание Python, Django, PostgreSQL. Обязанности: разработка новых модулей, code review, участие в архитектурных решениях. Условия: ДМС, гибкий график, офис в центре.","Опыт работы с Docker, Kubernetes, понимание CI/CD.",1682,4,0,0,0
АО ВТБ,7112910931,Product Manager,"Мы ищем frontend-разработчика с опытом React. Требования: React, TypeScript, Redux, опыт коммерческой разработки от 2 лет. Обязанности: разработка интерфейсов, интеграция с API. Условия: удалёнка, ДМС, оплата по итогам собеседования.","Высшее образование, опыт работы от 2 лет, аналитическое мышление.",970,5,0,0,0
ИП Петров А.А.,2457683210,Работа мечты — 200000 руб/неделю,Свободная подработка! Оплата ежедневно 2000-5000 руб. Без опыта и вложений. Быстрое оформление. Звоните с 9 до 21. Количество мест ограничено.,"Ответственность, желание зарабатывать, без опыта.",10,15,1,4,1
ПАО Сбербанк,6561100227,Frontend-разработчик,"Ищем опытного специалиста для работы над продуктом. Требования: опыт от 3 лет, знание Python, Django, PostgreSQL. Обязанности: разработка новых модулей, code review, участие в архитектурных решениях. Условия: ДМС, гибкий график, офис в центре.","Портфолио, опыт коммерческой разработки, знание Git.",1526,2,0,0,0
ООО Skillbox,9943468106,Frontend-разработчик,"Ищем опытного специалиста для работы над продуктом. Требования: опыт от 3 лет, знание Python, Django, PostgreSQL. Обязанности: разработка новых модулей, code review, участие в архитектурных решениях. Условия: ДМС, гибкий график, офис в центре.","Опыт от 3 лет, профильное образование, знание английского.",3627,2,0,0,0
ООО Рога и Копыта,6256806562,Заработок из дома 100000 руб/день,"СРОЧНО! Требуются люди для简单 работы. Оплата 5000 руб/день. Без опыта, без вложений. Писать в телеграм @easy_money. Работа из дома, свободный график. Звоните прямо сейчас!","Возраст от 18 лет, наличие телефона.",20,49,0,6,1
ООО Тинькофф,8509977001,Python-разработчик,"Присоединяйтесь к команде аналитиков. Требования: SQL, Python, понимание статистики. Обязанности: построение отчётов, анализ метрик, A/B тесты. Условия: официальное трудоустройство, обучение, карьерный рост.","Опыт работы с Docker, Kubernetes, понимание CI/CD.",2359,4,0,0,0
ИП Петров А.А.,6587209628,Подработка для всех,"Работа мечты! Гибкий график, высокая оплата, без начальников. Требуются люди с 18 лет. Оплата сразу после смены. Подробности в личные сообщения.",Без опыта! Обучим всему за 1 день!,36,23,1,8,1
ПАО Газпром,4544926838,Бизнес-аналитик,"Ищем DevOps-инженера. Требования: Docker, Kubernetes, CI/CD, опыт работы с облаками. Обязанности: автоматизация деплоя, мониторинг, поддержка инфраструктуры. Условия: удалёнка, оплата 200000-250000 руб.","Опыт работы с Docker, Kubernetes, понимание CI/CD.",611,2,0,0,0
ПАО Газпром,4668788789,Product Manager,"Мы ищем frontend-разработчика с опытом React. Требования: React, TypeScript, Redux, опыт коммерческой разработки от 2 лет. Обязанности: разработка интерфейсов, интеграция с API. Условия: удалёнка, ДМС, оплата по итогам собеседования.","Высшее образование, опыт работы от 2 лет, аналитическое мышление.",2376,1,0,0,0
ПАО Сбербанк,1251762983,Backend-разработчик,"Мы ищем frontend-разработчика с опытом React. Требования: React, TypeScript, Redux, опыт коммерческой разработки от 2 лет. Обязанности: разработка интерфейсов, интеграция с API. Условия: удалёнка, ДМС, оплата по итогам собеседования.","Опыт работы с Docker, Kubernetes, понимание CI/CD.",998,1,0,0,0
АО Лаборатория Касперского,5158331179,Менеджер проектов,"Ищем опытного специалиста для работы над продуктом. Требования: опыт от 3 лет, знание Python, Django, PostgreSQL. Обязанности: разработка новых модулей, code review, участие в архитектурных решениях. Условия: ДМС, гибкий график, офис в центре.","Портфолио, опыт коммерческой разработки, знание Git.",426,1,0,0,0
ООО Тинькофф,2846386550,Data Scientist,"Требуется системный администратор. Обязанности: поддержка серверов Linux, настройка сети, резервное копирование. Требования: опыт работы от 2 лет, знание Windows Server, Linux. Условия: полный день, соцпакет.","Портфолио, опыт коммерческой разработки, знание Git.",2174,3,0,0,0
ПАО Газпром,1257252040,Python-разработчик,"Мы ищем frontend-разработчика с опытом React. Требования: React, TypeScript, Redux, опыт коммерческой разработки от 2 лет. Обязанности: разработка интерфейсов, интеграция с API. Условия: удалёнка, ДМС, оплата по итогам собеседования.","Высшее образование, опыт работы от 2 лет, аналитическое мышление.",1659,3,0,0,0
ООО Золотая Жила,1375830945,"Требуются люди, оплата ежедневно",Заработок от 100000 рублей в неделю! Никакого опыта не нужно. Обучим бесплатно. Оплата ежедневно. Пишите в WhatsApp. Количество мест ограничено!,"Ответственность, желание зарабатывать, без опыта.",6,33,1,10,1
ООО КРОК,4561595142,Python-разработчик,"Ищем DevOps-инженера. Требования: Docker, Kubernetes, CI/CD, опыт работы с облаками. Обязанности: автоматизация деплоя, мониторинг, поддержка инфраструктуры. Условия: удалёнка, оплата 200000-250000 руб.","Опыт работы с Docker, Kubernetes, понимание CI/CD.",2257,2,0,0,0
ПАО Ростелеком,7475987624,Product Manager,"Мы ищем frontend-разработчика с опытом React. Требования: React, TypeScript, Redux, опыт коммерческой разработки от 2 лет. Обязанности: разработка интерфейсов, интеграция с API. Условия: удалёнка, ДМС, оплата по итогам собеседования.","Портфолио, опыт коммерческой разработки, знание Git.",933,0,0,0,0
ООО КРОК,5597794520,Python-разработчик,"Ищем опытного специалиста для работы над продуктом. Требования: опыт от 3 лет, знание Python, Django, PostgreSQL. Обязанности: разработка новых модулей, code review, участие в архитектурных решениях. Условия: ДМС, гибкий график, офис в центре.","Опыт администрирования Linux, знание сетей, ответственность.",1044,1,0,0,0
ООО Skillbox,8957602430,Data Scientist,"Требуется системный администратор. Обязанности: поддержка серверов Linux, настройка сети, резервное копирование. Требования: опыт работы от 2 лет, знание Windows Server, Linux. Условия: полный день, соцпакет.","Опыт от 3 лет, профильное образование, знание английского.",2102,2,0,0,0
ООО Skillbox,1278681442,QA-инженер,"Присоединяйтесь к команде аналитиков. Требования: SQL, Python, понимание статистики. Обязанности: построение отчётов, анализ метрик, A/B тесты. Условия: официальное трудоустройство, обучение, карьерный рост.","Опыт от 3 лет, профильное образование, знание английского.",3063,3,0,0,0
АО Альфа-Банк,9844344815,Python-разработчик,"Ищем DevOps-инженера. Требования: Docker, Kubernetes, CI/CD, опыт работы с облаками. Обязанности: автоматизация деплоя, мониторинг, поддержка инфраструктуры. Условия: удалёнка, оплата 200000-250000 руб.","Опыт администрирования Linux, знание сетей, ответственность.",880,1,0,0,0
ООО Деньги Сразу,7496737946,Заработок из дома 100000 руб/день,"СРОЧНО! Требуются люди для简单 работы. Оплата 5000 руб/день. Без опыта, без вложений. Писать в телеграм @easy_money. Работа из дома, свободный график. Звоните прямо сейчас!","Ответственность, желание зарабатывать, без опыта.",22,50,1,9,1
АО Альфа-Банк,5455022960,QA-инженер,"Ищем опытного специалиста для работы над продуктом. Требования: опыт от 3 лет, знание Python, Django, PostgreSQL. Обязанности: разработка новых модулей, code review, участие в архитектурных решениях. Условия: ДМС, гибкий график, офис в центре.","Высшее образование, опыт работы от 2 лет, аналитическое мышление.",465,1,0,0,0
АО ВТБ,8693676324,Backend-разработчик,"Ищем DevOps-инженера. Требования: Docker, Kubernetes, CI/CD, опыт работы с облаками. Обязанности: автоматизация деплоя, мониторинг, поддержка инфраструктуры. Условия: удалёнка, оплата 200000-250000 руб.","Опыт от 3 лет, профильное образование, знание английского.",2867,5,0,0,0
ООО Золотая Жила,2922270511,Срочно! Набор сотрудников,"СРОЧНО! Требуются люди для简单 работы. Оплата 5000 руб/день. Без опыта, без вложений. Писать в телеграм @easy_money. Работа из дома, свободный график. Звоните прямо сейчас!",Никаких навыков не требуется!,57,13,0,10,1
АО Лаборатория Касперского,4962736520,Менеджер проектов,"Мы ищем frontend-разработчика с опытом React. Требования: React, TypeScript, Redux, опыт коммерческой разработки от 2 лет. Обязанности: разработка интерфейсов, интеграция с API. Условия: удалёнка, ДМС, оплата по итогам собеседования.","Портфолио, опыт коммерческой разработки, знание Git.",2142,0,0,0,0
АО Альфа-Банк,2251341257,QA-инженер,"Ищем DevOps-инженера. Требования: Docker, Kubernetes, CI/CD, опыт работы с облаками. Обязанности: автоматизация деплоя, мониторинг, поддержка инфраструктуры. Условия: удалёнка, оплата 200000-250000 руб.","Опыт работы с Docker, Kubernetes, понимание CI/CD.",3020,1,0,0,0
ООО Яндекс,6978207156,Backend-разработчик,"Ищем DevOps-инженера. Требования: Docker, Kubernetes, CI/CD, опыт работы с облаками. Обязанности: автоматизация деплоя, мониторинг, поддержка инфраструктуры. Условия: удалёнка, оплата 200000-250000 руб.","Высшее образование, опыт работы от 2 лет, аналитическое мышление.",3105,0,0,0,0
ПАО Ростелеком,1029218516,Технический писатель,"Присоединяйтесь к команде аналитиков. Требования: SQL, Python, понимание статистики. Обязанности: построение отчётов, анализ метрик, A/B тесты. Условия: официальное трудоустройство, обучение, карьерный рост.","Портфолио, опыт коммерческой разработки, знание Git.",1710,5,0,0,0
ООО КРОК,3624945143,DevOps-инженер,"Мы ищем frontend-разработчика с опытом React. Требования: React, TypeScript, Redux, опыт коммерческой разработки от 2 лет. Обязанности: разработка интерфейсов, интеграция с API. Условия: удалёнка, ДМС, оплата по итогам собеседования.","Опыт работы с Docker, Kubernetes, понимание CI/CD.",2224,5,0,0,0
ООО Яндекс,7618306717,DevOps-инженер,"Требуется системный администратор. Обязанности: поддержка серверов Linux, настройка сети, резервное копирование. Требования: опыт работы от 2 лет, знание Windows Server, Linux. Условия: полный день, соцпакет.","Опыт администрирования Linux, знание сетей, ответственность.",2503,4,0,0,0
АО ВТБ,9179469545,Бизнес-аналитик,"Ищем опытного специалиста для работы над продуктом. Требования: опыт от 3 лет, знание Python, Django, PostgreSQL. Обязанности: разработка новых модулей, code review, участие в архитектурных решениях. Условия: ДМС, гибкий график, офис в центре.","Опыт от 3 лет, профильное образование, знание английского.",2332,4,0,0,0
АО Альфа-Банк,9098851650,Технический писатель,"Мы ищем frontend-разработчика с опытом React. Требования: React, TypeScript, Redux, опыт коммерческой разработки от 2 лет. Обязанности: разработка интерфейсов, интеграция с API. Условия: удалёнка, ДМС, оплата по итогам собеседования.","Высшее образование, опыт работы от 2 лет, аналитическое мышление.",2905,3,0,0,0
АО Альфа-Банк,4251225720,Бизнес-аналитик,"Требуется системный администратор. Обязанности: поддержка серверов Linux, настройка сети, резервное копирование. Требования: опыт работы от 2 лет, знание Windows Server, Linux. Условия: полный день, соцпакет.","Портфолио, опыт коммерческой разработки, знание Git.",232,5,0,0,0
ООО Skillbox,6743748968,QA-инженер,"Требуется системный администратор. Обязанности: поддержка серверов Linux, настройка сети, резервное копирование. Требования: опыт работы от 2 лет, знание Windows Server, Linux. Условия: полный день, соцпакет.","Опыт администрирования Linux, знание сетей, ответственность.",2574,0,0,0,0
ООО Золотая Жила,1968730456,"Свободный график, оплата сразу",Набор сотрудников для удалённой работы. Оплата 3000 руб за 2 часа. Никаких навыков не требуется. Срочно! Пишите в Telegram. Работа из любой точки мира.,Без опыта! Обучим всему за 1 день!,5,48,1,9,1
ООО Лёгкий Заработок,8009004365,Работа мечты — 200000 руб/неделю,Набор сотрудников для удалённой работы. Оплата 3000 руб за 2 часа. Никаких навыков не требуется. Срочно! Пишите в Telegram. Работа из любой точки мира.,Без опыта! Обучим всему за 1 день!,40,31,0,7,1
ИП Сидоров,6574696606,Простая работа на дому,"Работа мечты! Гибкий график, высокая оплата, без начальников. Требуются люди с 18 лет. Оплата сразу после смены. Подробности в личные сообщения.",Никаких навыков не требуется!,3,36,1,4,1
ООО Тинькофф,3739021966,Технический писатель,"Мы ищем frontend-разработчика с опытом React. Требования: React, TypeScript, Redux, опыт коммерческой разработки от 2 лет. Обязанности: разработка интерфейсов, интеграция с API. Условия: удалёнка, ДМС, оплата по итогам собеседования.","Опыт работы с Docker, Kubernetes, понимание CI/CD.",3365,1,0,0,0
АО ВТБ,3851961159,Backend-разработчик,"Требуется системный администратор. Обязанности: поддержка серверов Linux, настройка сети, резервное копирование. Требования: опыт работы от 2 лет, знание Windows Server, Linux. Условия: полный день, соцпакет.","Опыт от 3 лет, профильное образование, знание английского.",2521,2,0,0,0
ООО 1С,8978630502,QA-инженер,"Присоединяйтесь к команде аналитиков. Требования: SQL, Python, понимание статистики. Обязанности: построение отчётов, анализ метрик, A/B тесты. Условия: официальное трудоустройство, обучение, карьерный рост.","Портфолио, опыт коммерческой разработки, знание Git.",2775,2,0,0,0
ПАО Сбербанк,8612286858,Product Manager,"Ищем DevOps-инженера. Требования: Docker, Kubernetes, CI/CD, опыт работы с облаками. Обязанности: автоматизация деплоя, мониторинг, поддержка инфраструктуры. Условия: удалёнка, оплата 200000-250000 руб.","Портфолио, опыт коммерческой разработки, знание Git.",2873,1,0,0,0
ООО Деньги Сразу,2269789307,Срочно! Набор сотрудников,Заработок от 100000 рублей в неделю! Никакого опыта не нужно. Обучим бесплатно. Оплата ежедневно. Пишите в WhatsApp. Количество мест ограничено!,"Ответственность, желание зарабатывать, без опыта.",16,36,1,7,1
ИП Иванов,2379844097,Работа с высокой оплатой без опыта,Набор сотрудников для удалённой работы. Оплата 3000 руб за 2 часа. Никаких навыков не требуется. Срочно! Пишите в Telegram. Работа из любой точки мира.,Никаких навыков не требуется!,4,19,0,3,1
ООО 1С,4252880953,Аналитик данных,"Мы ищем frontend-разработчика с опытом React. Требования: React, TypeScript, Redux, опыт коммерческой разработки от 2 лет. Обязанности: разработка интерфейсов, интеграция с API. Условия: удалёнка, ДМС, оплата по итогам собеседования.","Опыт работы с Docker, Kubernetes, понимание CI/CD.",2181,0,0,0,0
ООО Работа Мечты,1720245599,Подработка для всех,"СРОЧНО! Требуются люди для简单 работы. Оплата 5000 руб/день. Без опыта, без вложений. Писать в телеграм @easy_money. Работа из дома, свободный график. Звоните прямо сейчас!",Никаких навыков не требуется!,5,12,0,6,1
ООО КРОК,6786170632,Аналитик данных,"Мы ищем frontend-разработчика с опытом React. Требования: React, TypeScript, Redux, опыт коммерческой разработки от 2 лет. Обязанности: разработка интерфейсов, интеграция с API. Условия: удалёнка, ДМС, оплата по итогам собеседования.","Опыт от 3 лет, профильное образование, знание английского.",256,2,0,0,0
АО Альфа-Банк,3177625340,Бизнес-аналитик,"Ищем опытного специалиста для работы над продуктом. Требования: опыт от 3 лет, знание Python, Django, PostgreSQL. Обязанности: разработка новых модулей, code review, участие в архитектурных решениях. Условия: ДМС, гибкий график, офис в центре.","Портфолио, опыт коммерческой разработки, знание Git.",2652,1,0,0,0
ПАО Ростелеком,1534949372,Аналитик данных,"Ищем DevOps-инженера. Требования: Docker, Kubernetes, CI/CD, опыт работы с облаками. Обязанности: автоматизация деплоя, мониторинг, поддержка инфраструктуры. Условия: удалёнка, оплата 200000-250000 руб.","Опыт администрирования Linux, знание сетей, ответственность.",1688,4,0,0,0
ООО Яндекс,8549651373,QA-инженер,"Ищем DevOps-инженера. Требования: Docker, Kubernetes, CI/CD, опыт работы с облаками. Обязанности: автоматизация деплоя, мониторинг, поддержка инфраструктуры. Условия: удалёнка, оплата 200000-250000 руб.","Опыт от 3 лет, профильное образование, знание английского.",282,4,0,0,0
ПАО Газпром,8223297166,Менеджер проектов,"Мы ищем frontend-разработчика с опытом React. Требования: React, TypeScript, Redux, опыт коммерческой разработки от 2 лет. Обязанности: разработка интерфейсов, интеграция с API. Условия: удалёнка, ДМС, оплата по итогам собеседования.","Опыт от 3 лет, профильное образование, знание английского.",2202,2,0,0,0
ООО 1С,7167567706,DevOps-инженер,"Ищем опытного специалиста для работы над продуктом. Требования: опыт от 3 лет, знание Python, Django, PostgreSQL. Обязанности: разработка новых модулей, code review, участие в архитектурных решениях. Условия: ДМС, гибкий график, офис в центре.","Опыт от 3 лет, профильное образование, знание английского.",314,1,0,0,0
ООО Рога и Копыта,9263280940,Набор менеджеров без опыта,"СРОЧНО! Требуются люди для简单 работы. Оплата 5000 руб/день. Без опыта, без вложений. Писать в телеграм @easy_money. Работа из дома, свободный график. Звоните прямо сейчас!",Срочно! Наличие свободного времени.,17,45,1,10,1
ПАО Ростелеком,5510162248,Python-разработчик,"Присоединяйтесь к команде аналитиков. Требования: SQL, Python, понимание статистики. Обязанности: построение отчётов, анализ метрик, A/B тесты. Условия: официальное трудоустройство, обучение, карьерный рост.","Опыт от 3 лет, профильное образование, знание английского.",2683,5,0,0,0
ООО 1С,1100167615,Бизнес-аналитик,"Ищем опытного специалиста для работы над продуктом. Требования: опыт от 3 лет, знание Python, Django, PostgreSQL. Обязанности: разработка новых модулей, code review, участие в архитектурных решениях. Условия: ДМС, гибкий график, офис в центре.","Опыт работы с Docker, Kubernetes, понимание CI/CD.",2421,2,0,0,0
ИП Иванов,6152638409,Подработка для всех,Свободная подработка! Оплата ежедневно 2000-5000 руб. Без опыта и вложений. Быстрое оформление. Звоните с 9 до 21. Количество мест ограничено.,"Возраст от 18 лет, наличие телефона.",58,49,0,3,1
АО Альфа-Банк,8240107834,Бизнес-аналитик,"Ищем опытного специалиста для работы над продуктом. Требования: опыт от 3 лет, знание Python, Django, PostgreSQL. Обязанности: разработка новых модулей, code review, участие в архитектурных решениях. Условия: ДМС, гибкий график, офис в центре.","Опыт работы с Docker, Kubernetes, понимание CI/CD.",2843,2,0,0,0
ООО Золотая Жила,8768729047,Заработок из дома 100000 руб/день,Набор сотрудников для удалённой работы. Оплата 3000 руб за 2 часа. Никаких навыков не требуется. Срочно! Пишите в Telegram. Работа из любой точки мира.,Без опыта! Обучим всему за 1 день!,30,26,0,7,1
ООО Деньги Сразу,4238223116,Набор менеджеров без опыта,Свободная подработка! Оплата ежедневно 2000-5000 руб. Без опыта и вложений. Быстрое оформление. Звоните с 9 до 21. Количество мест ограничено.,Без опыта! Обучим всему за 1 день!,18,49,0,5,1
ООО Skillbox,2103712934,QA-инженер,"Присоединяйтесь к команде аналитиков. Требования: SQL, Python, понимание статистики. Обязанности: построение отчётов, анализ метрик, A/B тесты. Условия: официальное трудоустройство, обучение, карьерный рост.","Опыт администрирования Linux, знание сетей, ответственность.",2307,5,0,0,0
ИП Иванов,5983074820,Набор менеджеров без опыта,Заработок от 100000 рублей в неделю! Никакого опыта не нужно. Обучим бесплатно. Оплата ежедневно. Пишите в WhatsApp. Количество мест ограничено!,Срочно! Наличие свободного времени.,59,41,0,8,1
АО Лаборатория Касперского,3836929440,Data Scientist,"Присоединяйтесь к команде аналитиков. Требования: SQL, Python, понимание статистики. Обязанности: построение отчётов, анализ метрик, A/B тесты. Условия: официальное трудоустройство, обучение, карьерный рост.","Опыт работы с Docker, Kubernetes, понимание CI/CD.",1579,2,0,0,0
ООО Тинькофф,1055778480,Frontend-разработчик,"Ищем DevOps-инженера. Требования: Docker, Kubernetes, CI/CD, опыт работы с облаками. Обязанности: автоматизация деплоя, мониторинг, поддержка инфраструктуры. Условия: удалёнка, оплата 200000-250000 руб.","Высшее образование, опыт работы от 2 лет, аналитическое мышление.",2002,1,0,0,0
ИП Иванов,9385076597,Срочно! Набор сотрудников,Свободная подработка! Оплата ежедневно 2000-5000 руб. Без опыта и вложений. Быстрое оформление. Звоните с 9 до 21. Количество мест ограничено.,"Возраст от 18 лет, наличие телефона.",22,49,1,6,1
ООО Золотая Жила,6786543627,"Свободный график, оплата сразу",Заработок от 100000 рублей в неделю! Никакого опыта не нужно. Обучим бесплатно. Оплата ежедневно. Пишите в WhatsApp. Количество мест ограничено!,Никаких навыков не требуется!,6,44,1,9,1
АО Альфа-Банк,9648769988,Технический писатель,"Ищем опытного специалиста для работы над продуктом. Требования: опыт от 3 лет, знание Python, Django, PostgreSQL. Обязанности: разработка новых модулей, code review, участие в архитектурных решениях. Условия: ДМС, гибкий график, офис в центре.","Опыт от 3 лет, профильное образование, знание английского.",1245,1,0,0,0
ООО Тинькофф,3779979956,Бизнес-аналитик,"Присоединяйтесь к команде аналитиков. Требования: SQL, Python, понимание статистики. Обязанности: построение отчётов, анализ метрик, A/B тесты. Условия: официальное трудоустройство, обучение, карьерный рост.","Опыт от 3 лет, профильное образование, знание английского.",2749,2,0,0,0
ООО МТС,2025625880,DevOps-инженер,"Мы ищем frontend-разработчика с опытом React. Требования: React, TypeScript, Redux, опыт коммерческой разработки от 2 лет. Обязанности: разработка интерфейсов, интеграция с API. Условия: удалёнка, ДМС, оплата по итогам собеседования.","Опыт работы с Docker, Kubernetes, понимание CI/CD.",2615,3,0,0,0
АО Лаборатория Касперского,3141614150,Product Manager,"Ищем DevOps-инженера. Требования: Docker, Kubernetes, CI/CD, опыт работы с облаками. Обязанности: автоматизация деплоя, мониторинг, поддержка инфраструктуры. Условия: удалёнка, оплата 200000-250000 руб.","Опыт от 3 лет, профильное образование, знание английского.",301,4,0,0,0
АО ВТБ,5471462735,Python-разработчик,"Ищем опытного специалиста для работы над продуктом. Требования: опыт от 3 лет, знание Python, Django, PostgreSQL. Обязанности: разработка новых модулей, code review, участие в архитектурных решениях. Условия: ДМС, гибкий график, офис в центре.","Высшее образование, опыт работы от 2 лет, аналитическое мышление.",296,0,0,0,0
ООО 1С,1701601668,Backend-разработчик,"Ищем опытного специалиста для работы над продуктом. Требования: опыт от 3 лет, знание Python, Django, PostgreSQL. Обязанности: разработка новых модулей, code review, участие в архитектурных решениях. Условия: ДМС, гибкий график, офис в центре.","Высшее образование, опыт работы от 2 лет, аналитическое мышление.",913,5,0,0,0
ООО КРОК,6658804347,Product Manager,"Присоединяйтесь к команде аналитиков. Требования: SQL, Python, понимание статистики. Обязанности: построение отчётов, анализ метрик, A/B тесты. Условия: официальное трудоустройство, обучение, карьерный рост.","Высшее образование, опыт работы от 2 лет, аналитическое мышление.",560,3,0,0,0
ООО Тинькофф,8387571770,Системный администратор,"Мы ищем frontend-разработчика с опытом React. Требования: React, TypeScript, Redux, опыт коммерческой разработки от 2 лет. Обязанности: разработка интерфейсов, интеграция с API. Условия: удалёнка, ДМС, оплата по итогам собеседования.","Портфолио, опыт коммерческой разработки, знание Git.",1486,0,0,0,0
ПАО Газпром,8877293434,Системный администратор,"Присоединяйтесь к команде аналитиков. Требования: SQL, Python, понимание статистики. Обязанности: построение отчётов, анализ метрик, A/B тесты. Условия: официальное трудоустройство, обучение, карьерный рост.","Опыт работы с Docker, Kubernetes, понимание CI/CD.",186,0,0,0,0
АО Лаборатория Касперского,6148881432,Менеджер проектов,"Мы ищем frontend-разработчика с опытом React. Требования: React, TypeScript, Redux, опыт коммерческой разработки от 2 лет. Обязанности: разработка интерфейсов, интеграция с API. Условия: удалёнка, ДМС, оплата по итогам собеседования.","Опыт от 3 лет, профильное образование, знание английского.",583,0,0,0,0
ООО КРОК,1257872982,DevOps-инженер,"Ищем опытного специалиста для работы над продуктом. Требования: опыт от 3 лет, знание Python, Django, PostgreSQL. Обязанности: разработка новых модулей, code review, участие в архитектурных решениях. Условия: ДМС, гибкий график, офис в центре.","Опыт от 3 лет, профильное образование, знание английского.",752,2,0,0,0
ООО Быстрые Деньги,3429563341,Простая работа на дому,"СРОЧНО! Требуются люди для简单 работы. Оплата 5000 руб/день. Без опыта, без вложений. Писать в телеграм @easy_money. Работа из дома, свободный график. Звоните прямо сейчас!","Ответственность, желание зарабатывать, без опыта.",56,22,0,6,1
ООО 1С,4840666587,Менеджер проектов,"Ищем DevOps-инженера. Требования: Docker, Kubernetes, CI/CD, опыт работы с облаками. Обязанности: автоматизация деплоя, мониторинг, поддержка инфраструктуры. Условия: удалёнка, оплата 200000-250000 руб.","Опыт администрирования Linux, знание сетей, ответственность.",400,0,0,0,0
ПАО Газпром,7730306442,Data Scientist,"Ищем опытного специалиста для работы над продуктом. Требования: опыт от 3 лет, знание Python, Django, PostgreSQL. Обязанности: разработка новых модулей, code review, участие в архитектурных решениях. Условия: ДМС, гибкий график, офис в центре.","Портфолио, опыт коммерческой разработки, знание Git.",2783,1,0,0,0
АО ВТБ,3408240082,QA-инженер,"Присоединяйтесь к команде аналитиков. Требования: SQL, Python, понимание статистики. Обязанности: построение отчётов, анализ метрик, A/B тесты. Условия: официальное трудоустройство, обучение, карьерный рост.","Портфолио, опыт коммерческой разработки, знание Git.",1376,5,0,0,0
